-- phpMyAdmin SQL Dump
-- version 4.9.3
-- https://www.phpmyadmin.net/
--
-- Host: localhost:8889
-- Generation Time: May 19, 2022 at 06:25 AM
-- Server version: 5.7.26
-- PHP Version: 7.4.2

SET SQL_MODE = "NO_AUTO_VALUE_ON_ZERO";
SET time_zone = "+00:00";


/*!40101 SET @OLD_CHARACTER_SET_CLIENT=@@CHARACTER_SET_CLIENT */;
/*!40101 SET @OLD_CHARACTER_SET_RESULTS=@@CHARACTER_SET_RESULTS */;
/*!40101 SET @OLD_COLLATION_CONNECTION=@@COLLATION_CONNECTION */;
/*!40101 SET NAMES utf8mb4 */;

--
-- Database: `lms_mifos`
--

-- --------------------------------------------------------

--
-- Stand-in structure for view `aging_report`
-- (See below for the actual view)
--
CREATE TABLE `aging_report` (
`id` int(11)
,`description` varchar(255)
,`entry_reference` bigint(20)
,`amount` decimal(23,2)
,`debit_account` int(11)
,`credit_account` int(11)
,`due_date` date
,`next_date` timestamp
,`entry_type` varchar(20)
,`entry_reference_id` bigint(20)
,`schedule_id` int(11)
,`created_at` int(11)
,`created_by` int(11)
,`member_account` varchar(45)
,`entry_period` int(11)
,`updated_at` int(11)
,`updated_by` int(11)
,`ledger_status` int(11)
,`payment_ref` bigint(20)
,`stage` varchar(45)
,`sub_legder` int(11)
);

-- --------------------------------------------------------

--
-- Table structure for table `auth_assignment`
--

CREATE TABLE `auth_assignment` (
  `id` int(11) NOT NULL,
  `item_name` varchar(64) NOT NULL,
  `user_id` varchar(64) NOT NULL,
  `created_at` int(11) NOT NULL
) ENGINE=InnoDB DEFAULT CHARSET=utf8;

--
-- Dumping data for table `auth_assignment`
--

INSERT INTO `auth_assignment` (`id`, `item_name`, `user_id`, `created_at`) VALUES
(1, 'Approve a client', '4', 1647769061),
(2, 'Approve a loan', '4', 1647769061),
(3, 'Approve Payments', '4', 1647769061),
(4, 'Disburse a loan', '4', 1647769061),
(5, 'Record payments', '4', 1647769061),
(6, 'Record processing fees', '4', 1647769061),
(7, 'Register a client', '4', 1647769061),
(8, 'Schdedule a loan', '4', 1647769061),
(9, 'Submit a loan application', '4', 1647769061),
(21, 'Approve a client', '21', 1647770721),
(22, 'Approve a loan', '21', 1647770721),
(23, 'Approve Payments', '21', 1647770721),
(24, 'Disburse a loan', '21', 1647770721),
(25, 'Record payments', '21', 1647770721),
(26, 'Record processing fees', '21', 1647770721),
(27, 'Register a client', '21', 1647770721),
(28, 'Schdedule a loan', '21', 1647770721),
(29, 'Submit a loan application', '21', 1647770721),
(30, 'View a client', '21', 1647770721),
(31, 'Approve a client', '19', 1647783365),
(36, 'Record processing fees', '19', 1647783365),
(38, 'View a client', '4', 1647852995),
(39, 'Approve a client', '13', 1647924586),
(40, 'Approve a loan', '13', 1647924586),
(41, 'Record processing fees', '13', 1647924586),
(42, 'Approve a client', '15', 1648450305),
(43, 'Approve a loan', '15', 1648450305),
(44, 'Submit a loan application', '15', 1648450305),
(45, 'Approve a client', '22', 1652699638),
(46, 'Approve Payments', '22', 1652699638),
(47, 'Disburse a loan', '22', 1652699638);

-- --------------------------------------------------------

--
-- Table structure for table `auth_item`
--

CREATE TABLE `auth_item` (
  `id` int(11) NOT NULL,
  `name` varchar(64) NOT NULL,
  `type` smallint(6) NOT NULL,
  `description` text,
  `rule_name` varchar(64) DEFAULT NULL,
  `data` blob,
  `created_at` int(11) DEFAULT NULL,
  `updated_at` int(11) DEFAULT NULL,
  `module` varchar(45) DEFAULT NULL
) ENGINE=InnoDB DEFAULT CHARSET=utf8;

--
-- Dumping data for table `auth_item`
--

INSERT INTO `auth_item` (`id`, `name`, `type`, `description`, `rule_name`, `data`, `created_at`, `updated_at`, `module`) VALUES
(3, 'Approve a client', 1, 'Approve a client', NULL, NULL, NULL, NULL, NULL),
(6, 'Approve a loan', 1, 'Approve a loan', NULL, NULL, NULL, NULL, NULL),
(12, 'Approve Payments', 1, 'Approve Payments', NULL, NULL, NULL, NULL, NULL),
(10, 'Disburse a loan', 1, 'Disburse a loan', NULL, NULL, NULL, NULL, NULL),
(11, 'Record payments', 1, 'Record payments', NULL, NULL, NULL, NULL, NULL),
(4, 'Record processing fees', 1, 'Record processing fees', NULL, NULL, NULL, NULL, NULL),
(1, 'Register a client', 1, 'Register a client', NULL, NULL, NULL, NULL, NULL),
(5, 'Schdedule a loan', 1, 'Schdedule a loan', NULL, NULL, NULL, NULL, NULL),
(9, 'Submit a loan application', 1, 'Submit a loan application', NULL, NULL, NULL, NULL, NULL),
(2, 'View a client', 1, 'View a client', NULL, NULL, NULL, NULL, NULL);

-- --------------------------------------------------------

--
-- Table structure for table `auth_item_child`
--

CREATE TABLE `auth_item_child` (
  `parent` varchar(64) NOT NULL,
  `child` varchar(64) NOT NULL
) ENGINE=InnoDB DEFAULT CHARSET=utf8;

--
-- Dumping data for table `auth_item_child`
--

INSERT INTO `auth_item_child` (`parent`, `child`) VALUES
('', '');

-- --------------------------------------------------------

--
-- Table structure for table `auth_rule`
--

CREATE TABLE `auth_rule` (
  `name` varchar(64) NOT NULL,
  `data` blob,
  `created_at` int(11) DEFAULT NULL,
  `updated_at` int(11) DEFAULT NULL
) ENGINE=InnoDB DEFAULT CHARSET=utf8;

-- --------------------------------------------------------

--
-- Table structure for table `borrower_check_list`
--

CREATE TABLE `borrower_check_list` (
  `id` int(11) NOT NULL,
  `client_id` int(11) NOT NULL,
  `loan_id` int(11) NOT NULL,
  `requirement_id` int(11) NOT NULL,
  `category` varchar(20) NOT NULL,
  `rate` varchar(20) DEFAULT NULL,
  `status` int(11) NOT NULL DEFAULT '0',
  `created_at` int(11) NOT NULL,
  `created_by` int(11) NOT NULL,
  `updated_at` int(11) DEFAULT NULL,
  `updated_by` int(11) DEFAULT NULL
) ENGINE=InnoDB DEFAULT CHARSET=utf8;

--
-- Dumping data for table `borrower_check_list`
--

INSERT INTO `borrower_check_list` (`id`, `client_id`, `loan_id`, `requirement_id`, `category`, `rate`, `status`, `created_at`, `created_by`, `updated_at`, `updated_by`) VALUES
(1, 105, 40, 1, 'BORROWER', '54', 0, 1646156422, 13, 1646159495, 13),
(2, 105, 40, 2, 'BORROWER', 'Yes', 0, 1646156422, 13, 1646159561, 13),
(3, 105, 40, 3, 'BORROWER', 'No', 0, 1646156422, 13, 1646159657, 13),
(4, 105, 40, 4, 'BORROWER', NULL, 0, 1646156422, 13, NULL, NULL),
(5, 105, 40, 5, 'BORROWER', NULL, 0, 1646156422, 13, NULL, NULL),
(6, 105, 40, 6, 'BORROWER', NULL, 0, 1646156422, 13, NULL, NULL),
(7, 105, 40, 7, 'BORROWER', NULL, 0, 1646156422, 13, NULL, NULL),
(8, 105, 40, 8, 'BORROWER', NULL, 0, 1646156422, 13, NULL, NULL),
(9, 105, 40, 9, 'BORROWER', NULL, 0, 1646156422, 13, NULL, NULL),
(10, 105, 40, 10, 'BORROWER', NULL, 0, 1646156422, 13, NULL, NULL),
(11, 105, 40, 11, 'BORROWER', NULL, 0, 1646156422, 13, NULL, NULL),
(12, 105, 40, 12, 'BORROWER', NULL, 0, 1646156422, 13, NULL, NULL),
(13, 105, 40, 13, 'BORROWER', 'Yes', 0, 1646156422, 13, 1646159715, 13),
(14, 105, 40, 14, 'BORROWER', NULL, 0, 1646156422, 13, NULL, NULL),
(15, 105, 40, 15, 'BORROWER', NULL, 0, 1646156422, 13, NULL, NULL),
(16, 105, 40, 16, 'BORROWER', NULL, 0, 1646156422, 13, NULL, NULL),
(17, 105, 40, 17, 'BORROWER', NULL, 0, 1646156422, 13, NULL, NULL),
(18, 105, 40, 18, 'BORROWER', NULL, 0, 1646156422, 13, NULL, NULL),
(19, 105, 40, 19, 'BORROWER', NULL, 0, 1646156422, 13, NULL, NULL),
(20, 105, 40, 20, 'BORROWER', NULL, 0, 1646156422, 13, NULL, NULL),
(21, 105, 40, 21, 'BORROWER', NULL, 0, 1646156422, 13, NULL, NULL),
(22, 105, 40, 22, 'GUARANTOR', 'Yes', 0, 1646156422, 13, 1646159746, 13),
(23, 105, 40, 23, 'GUARANTOR', NULL, 0, 1646156422, 13, NULL, NULL),
(24, 105, 40, 24, 'GUARANTOR', NULL, 0, 1646156422, 13, NULL, NULL),
(25, 105, 40, 25, 'GUARANTOR', 'Yes', 0, 1646156422, 13, 1646159733, 13),
(26, 105, 40, 26, 'GUARANTOR', NULL, 0, 1646156422, 13, NULL, NULL),
(27, 105, 40, 27, 'GUARANTOR', NULL, 0, 1646156422, 13, NULL, NULL),
(28, 105, 40, 28, 'GUARANTOR', NULL, 0, 1646156422, 13, NULL, NULL),
(29, 1, 41, 1, 'BORROWER', NULL, 0, 1646215755, 13, NULL, NULL),
(30, 1, 41, 2, 'BORROWER', NULL, 0, 1646215755, 13, NULL, NULL),
(31, 1, 41, 3, 'BORROWER', NULL, 0, 1646215755, 13, NULL, NULL),
(32, 1, 41, 4, 'BORROWER', NULL, 0, 1646215755, 13, NULL, NULL),
(33, 1, 41, 5, 'BORROWER', NULL, 0, 1646215755, 13, NULL, NULL),
(34, 1, 41, 6, 'BORROWER', NULL, 0, 1646215755, 13, NULL, NULL),
(35, 1, 41, 7, 'BORROWER', NULL, 0, 1646215755, 13, NULL, NULL),
(36, 1, 41, 8, 'BORROWER', NULL, 0, 1646215755, 13, NULL, NULL),
(37, 1, 41, 9, 'BORROWER', NULL, 0, 1646215755, 13, NULL, NULL),
(38, 1, 41, 10, 'BORROWER', NULL, 0, 1646215755, 13, NULL, NULL),
(39, 1, 41, 11, 'BORROWER', NULL, 0, 1646215755, 13, NULL, NULL),
(40, 1, 41, 12, 'BORROWER', NULL, 0, 1646215755, 13, NULL, NULL),
(41, 1, 41, 13, 'BORROWER', NULL, 0, 1646215755, 13, NULL, NULL),
(42, 1, 41, 14, 'BORROWER', NULL, 0, 1646215755, 13, NULL, NULL),
(43, 1, 41, 15, 'BORROWER', NULL, 0, 1646215755, 13, NULL, NULL),
(44, 1, 41, 16, 'BORROWER', NULL, 0, 1646215755, 13, NULL, NULL),
(45, 1, 41, 17, 'BORROWER', NULL, 0, 1646215755, 13, NULL, NULL),
(46, 1, 41, 18, 'BORROWER', NULL, 0, 1646215755, 13, NULL, NULL),
(47, 1, 41, 19, 'BORROWER', NULL, 0, 1646215755, 13, NULL, NULL),
(48, 1, 41, 20, 'BORROWER', NULL, 0, 1646215755, 13, NULL, NULL),
(49, 1, 41, 21, 'BORROWER', NULL, 0, 1646215755, 13, NULL, NULL),
(50, 1, 41, 22, 'GUARANTOR', NULL, 0, 1646215755, 13, NULL, NULL),
(51, 1, 41, 23, 'GUARANTOR', NULL, 0, 1646215755, 13, NULL, NULL),
(52, 1, 41, 24, 'GUARANTOR', NULL, 0, 1646215755, 13, NULL, NULL),
(53, 1, 41, 25, 'GUARANTOR', NULL, 0, 1646215755, 13, NULL, NULL),
(54, 1, 41, 26, 'GUARANTOR', NULL, 0, 1646215755, 13, NULL, NULL),
(55, 1, 41, 27, 'GUARANTOR', NULL, 0, 1646215755, 13, NULL, NULL),
(56, 1, 41, 28, 'GUARANTOR', NULL, 0, 1646215755, 13, NULL, NULL),
(57, 105, 1, 1, 'BORROWER', NULL, 0, 1646382106, 13, NULL, NULL),
(58, 105, 1, 2, 'BORROWER', NULL, 0, 1646382106, 13, NULL, NULL),
(59, 105, 1, 3, 'BORROWER', NULL, 0, 1646382106, 13, NULL, NULL),
(60, 105, 1, 4, 'BORROWER', NULL, 0, 1646382106, 13, NULL, NULL),
(61, 105, 1, 5, 'BORROWER', NULL, 0, 1646382106, 13, NULL, NULL),
(62, 105, 1, 6, 'BORROWER', NULL, 0, 1646382106, 13, NULL, NULL),
(63, 105, 1, 7, 'BORROWER', NULL, 0, 1646382106, 13, NULL, NULL),
(64, 105, 1, 8, 'BORROWER', NULL, 0, 1646382106, 13, NULL, NULL),
(65, 105, 1, 9, 'BORROWER', NULL, 0, 1646382106, 13, NULL, NULL),
(66, 105, 1, 10, 'BORROWER', NULL, 0, 1646382106, 13, NULL, NULL),
(67, 105, 1, 11, 'BORROWER', NULL, 0, 1646382106, 13, NULL, NULL),
(68, 105, 1, 12, 'BORROWER', NULL, 0, 1646382106, 13, NULL, NULL),
(69, 105, 1, 13, 'BORROWER', NULL, 0, 1646382106, 13, NULL, NULL),
(70, 105, 1, 14, 'BORROWER', NULL, 0, 1646382106, 13, NULL, NULL),
(71, 105, 1, 15, 'BORROWER', NULL, 0, 1646382106, 13, NULL, NULL),
(72, 105, 1, 16, 'BORROWER', NULL, 0, 1646382106, 13, NULL, NULL),
(73, 105, 1, 17, 'BORROWER', NULL, 0, 1646382106, 13, NULL, NULL),
(74, 105, 1, 18, 'BORROWER', NULL, 0, 1646382106, 13, NULL, NULL),
(75, 105, 1, 19, 'BORROWER', NULL, 0, 1646382106, 13, NULL, NULL),
(76, 105, 1, 20, 'BORROWER', NULL, 0, 1646382106, 13, NULL, NULL),
(77, 105, 1, 21, 'BORROWER', NULL, 0, 1646382106, 13, NULL, NULL),
(78, 105, 1, 22, 'GUARANTOR', NULL, 0, 1646382106, 13, NULL, NULL),
(79, 105, 1, 23, 'GUARANTOR', NULL, 0, 1646382106, 13, NULL, NULL),
(80, 105, 1, 24, 'GUARANTOR', NULL, 0, 1646382106, 13, NULL, NULL),
(81, 105, 1, 25, 'GUARANTOR', NULL, 0, 1646382106, 13, NULL, NULL),
(82, 105, 1, 26, 'GUARANTOR', NULL, 0, 1646382106, 13, NULL, NULL),
(83, 105, 1, 27, 'GUARANTOR', NULL, 0, 1646382106, 13, NULL, NULL),
(84, 105, 1, 28, 'GUARANTOR', NULL, 0, 1646382106, 13, NULL, NULL),
(85, 105, 2, 1, 'BORROWER', NULL, 0, 1646462182, 13, NULL, NULL),
(86, 105, 2, 2, 'BORROWER', NULL, 0, 1646462182, 13, NULL, NULL),
(87, 105, 2, 3, 'BORROWER', NULL, 0, 1646462182, 13, NULL, NULL),
(88, 105, 2, 4, 'BORROWER', NULL, 0, 1646462182, 13, NULL, NULL),
(89, 105, 2, 5, 'BORROWER', NULL, 0, 1646462182, 13, NULL, NULL),
(90, 105, 2, 6, 'BORROWER', NULL, 0, 1646462182, 13, NULL, NULL),
(91, 105, 2, 7, 'BORROWER', NULL, 0, 1646462182, 13, NULL, NULL),
(92, 105, 2, 8, 'BORROWER', NULL, 0, 1646462182, 13, NULL, NULL),
(93, 105, 2, 9, 'BORROWER', NULL, 0, 1646462182, 13, NULL, NULL),
(94, 105, 2, 10, 'BORROWER', NULL, 0, 1646462182, 13, NULL, NULL),
(95, 105, 2, 11, 'BORROWER', NULL, 0, 1646462182, 13, NULL, NULL),
(96, 105, 2, 12, 'BORROWER', NULL, 0, 1646462182, 13, NULL, NULL),
(97, 105, 2, 13, 'BORROWER', NULL, 0, 1646462182, 13, NULL, NULL),
(98, 105, 2, 14, 'BORROWER', NULL, 0, 1646462182, 13, NULL, NULL),
(99, 105, 2, 15, 'BORROWER', NULL, 0, 1646462182, 13, NULL, NULL),
(100, 105, 2, 16, 'BORROWER', NULL, 0, 1646462182, 13, NULL, NULL),
(101, 105, 2, 17, 'BORROWER', NULL, 0, 1646462182, 13, NULL, NULL),
(102, 105, 2, 18, 'BORROWER', NULL, 0, 1646462182, 13, NULL, NULL),
(103, 105, 2, 19, 'BORROWER', NULL, 0, 1646462182, 13, NULL, NULL),
(104, 105, 2, 20, 'BORROWER', NULL, 0, 1646462182, 13, NULL, NULL),
(105, 105, 2, 21, 'BORROWER', NULL, 0, 1646462182, 13, NULL, NULL),
(106, 105, 2, 22, 'GUARANTOR', NULL, 0, 1646462182, 13, NULL, NULL),
(107, 105, 2, 23, 'GUARANTOR', NULL, 0, 1646462182, 13, NULL, NULL),
(108, 105, 2, 24, 'GUARANTOR', NULL, 0, 1646462182, 13, NULL, NULL),
(109, 105, 2, 25, 'GUARANTOR', NULL, 0, 1646462182, 13, NULL, NULL),
(110, 105, 2, 26, 'GUARANTOR', NULL, 0, 1646462182, 13, NULL, NULL),
(111, 105, 2, 27, 'GUARANTOR', NULL, 0, 1646462182, 13, NULL, NULL),
(112, 105, 2, 28, 'GUARANTOR', NULL, 0, 1646462182, 13, NULL, NULL),
(113, 105, 3, 1, 'BORROWER', NULL, 0, 1646466601, 13, NULL, NULL),
(114, 105, 3, 2, 'BORROWER', NULL, 0, 1646466601, 13, NULL, NULL),
(115, 105, 3, 3, 'BORROWER', NULL, 0, 1646466601, 13, NULL, NULL),
(116, 105, 3, 4, 'BORROWER', NULL, 0, 1646466601, 13, NULL, NULL),
(117, 105, 3, 5, 'BORROWER', NULL, 0, 1646466601, 13, NULL, NULL),
(118, 105, 3, 6, 'BORROWER', NULL, 0, 1646466601, 13, NULL, NULL),
(119, 105, 3, 7, 'BORROWER', NULL, 0, 1646466601, 13, NULL, NULL),
(120, 105, 3, 8, 'BORROWER', NULL, 0, 1646466601, 13, NULL, NULL),
(121, 105, 3, 9, 'BORROWER', NULL, 0, 1646466601, 13, NULL, NULL),
(122, 105, 3, 10, 'BORROWER', NULL, 0, 1646466601, 13, NULL, NULL),
(123, 105, 3, 11, 'BORROWER', NULL, 0, 1646466601, 13, NULL, NULL),
(124, 105, 3, 12, 'BORROWER', NULL, 0, 1646466601, 13, NULL, NULL),
(125, 105, 3, 13, 'BORROWER', NULL, 0, 1646466601, 13, NULL, NULL),
(126, 105, 3, 14, 'BORROWER', NULL, 0, 1646466601, 13, NULL, NULL),
(127, 105, 3, 15, 'BORROWER', NULL, 0, 1646466601, 13, NULL, NULL),
(128, 105, 3, 16, 'BORROWER', NULL, 0, 1646466601, 13, NULL, NULL),
(129, 105, 3, 17, 'BORROWER', NULL, 0, 1646466601, 13, NULL, NULL),
(130, 105, 3, 18, 'BORROWER', NULL, 0, 1646466601, 13, NULL, NULL),
(131, 105, 3, 19, 'BORROWER', NULL, 0, 1646466601, 13, NULL, NULL),
(132, 105, 3, 20, 'BORROWER', NULL, 0, 1646466601, 13, NULL, NULL),
(133, 105, 3, 21, 'BORROWER', NULL, 0, 1646466601, 13, NULL, NULL),
(134, 105, 3, 22, 'GUARANTOR', NULL, 0, 1646466601, 13, NULL, NULL),
(135, 105, 3, 23, 'GUARANTOR', NULL, 0, 1646466601, 13, NULL, NULL),
(136, 105, 3, 24, 'GUARANTOR', NULL, 0, 1646466601, 13, NULL, NULL),
(137, 105, 3, 25, 'GUARANTOR', NULL, 0, 1646466601, 13, NULL, NULL),
(138, 105, 3, 26, 'GUARANTOR', NULL, 0, 1646466601, 13, NULL, NULL),
(139, 105, 3, 27, 'GUARANTOR', NULL, 0, 1646466601, 13, NULL, NULL),
(140, 105, 3, 28, 'GUARANTOR', NULL, 0, 1646466601, 13, NULL, NULL),
(141, 1, 4, 1, 'BORROWER', NULL, 0, 1646481314, 13, NULL, NULL),
(142, 1, 4, 2, 'BORROWER', NULL, 0, 1646481314, 13, NULL, NULL),
(143, 1, 4, 3, 'BORROWER', NULL, 0, 1646481314, 13, NULL, NULL),
(144, 1, 4, 4, 'BORROWER', NULL, 0, 1646481314, 13, NULL, NULL),
(145, 1, 4, 5, 'BORROWER', NULL, 0, 1646481314, 13, NULL, NULL),
(146, 1, 4, 6, 'BORROWER', NULL, 0, 1646481314, 13, NULL, NULL),
(147, 1, 4, 7, 'BORROWER', NULL, 0, 1646481314, 13, NULL, NULL),
(148, 1, 4, 8, 'BORROWER', NULL, 0, 1646481314, 13, NULL, NULL),
(149, 1, 4, 9, 'BORROWER', NULL, 0, 1646481314, 13, NULL, NULL),
(150, 1, 4, 10, 'BORROWER', NULL, 0, 1646481314, 13, NULL, NULL),
(151, 1, 4, 11, 'BORROWER', NULL, 0, 1646481314, 13, NULL, NULL),
(152, 1, 4, 12, 'BORROWER', NULL, 0, 1646481314, 13, NULL, NULL),
(153, 1, 4, 13, 'BORROWER', NULL, 0, 1646481314, 13, NULL, NULL),
(154, 1, 4, 14, 'BORROWER', NULL, 0, 1646481314, 13, NULL, NULL),
(155, 1, 4, 15, 'BORROWER', NULL, 0, 1646481314, 13, NULL, NULL),
(156, 1, 4, 16, 'BORROWER', NULL, 0, 1646481314, 13, NULL, NULL),
(157, 1, 4, 17, 'BORROWER', NULL, 0, 1646481314, 13, NULL, NULL),
(158, 1, 4, 18, 'BORROWER', NULL, 0, 1646481314, 13, NULL, NULL),
(159, 1, 4, 19, 'BORROWER', NULL, 0, 1646481314, 13, NULL, NULL),
(160, 1, 4, 20, 'BORROWER', NULL, 0, 1646481314, 13, NULL, NULL),
(161, 1, 4, 21, 'BORROWER', NULL, 0, 1646481314, 13, NULL, NULL),
(162, 1, 4, 22, 'GUARANTOR', NULL, 0, 1646481314, 13, NULL, NULL),
(163, 1, 4, 23, 'GUARANTOR', NULL, 0, 1646481314, 13, NULL, NULL),
(164, 1, 4, 24, 'GUARANTOR', NULL, 0, 1646481314, 13, NULL, NULL),
(165, 1, 4, 25, 'GUARANTOR', NULL, 0, 1646481314, 13, NULL, NULL),
(166, 1, 4, 26, 'GUARANTOR', NULL, 0, 1646481314, 13, NULL, NULL),
(167, 1, 4, 27, 'GUARANTOR', NULL, 0, 1646481314, 13, NULL, NULL),
(168, 1, 4, 28, 'GUARANTOR', NULL, 0, 1646481314, 13, NULL, NULL),
(169, 105, 5, 1, 'BORROWER', NULL, 0, 1646602162, 13, NULL, NULL),
(170, 105, 5, 2, 'BORROWER', NULL, 0, 1646602162, 13, NULL, NULL),
(171, 105, 5, 3, 'BORROWER', NULL, 0, 1646602162, 13, NULL, NULL),
(172, 105, 5, 4, 'BORROWER', NULL, 0, 1646602162, 13, NULL, NULL),
(173, 105, 5, 5, 'BORROWER', NULL, 0, 1646602162, 13, NULL, NULL),
(174, 105, 5, 6, 'BORROWER', NULL, 0, 1646602162, 13, NULL, NULL),
(175, 105, 5, 7, 'BORROWER', NULL, 0, 1646602162, 13, NULL, NULL),
(176, 105, 5, 8, 'BORROWER', NULL, 0, 1646602162, 13, NULL, NULL),
(177, 105, 5, 9, 'BORROWER', NULL, 0, 1646602162, 13, NULL, NULL),
(178, 105, 5, 10, 'BORROWER', NULL, 0, 1646602162, 13, NULL, NULL),
(179, 105, 5, 11, 'BORROWER', NULL, 0, 1646602162, 13, NULL, NULL),
(180, 105, 5, 12, 'BORROWER', NULL, 0, 1646602162, 13, NULL, NULL),
(181, 105, 5, 13, 'BORROWER', NULL, 0, 1646602162, 13, NULL, NULL),
(182, 105, 5, 14, 'BORROWER', NULL, 0, 1646602162, 13, NULL, NULL),
(183, 105, 5, 15, 'BORROWER', NULL, 0, 1646602162, 13, NULL, NULL),
(184, 105, 5, 16, 'BORROWER', NULL, 0, 1646602162, 13, NULL, NULL),
(185, 105, 5, 17, 'BORROWER', NULL, 0, 1646602162, 13, NULL, NULL),
(186, 105, 5, 18, 'BORROWER', NULL, 0, 1646602162, 13, NULL, NULL),
(187, 105, 5, 19, 'BORROWER', NULL, 0, 1646602162, 13, NULL, NULL),
(188, 105, 5, 20, 'BORROWER', NULL, 0, 1646602162, 13, NULL, NULL),
(189, 105, 5, 21, 'BORROWER', NULL, 0, 1646602162, 13, NULL, NULL),
(190, 105, 5, 22, 'GUARANTOR', NULL, 0, 1646602162, 13, NULL, NULL),
(191, 105, 5, 23, 'GUARANTOR', NULL, 0, 1646602162, 13, NULL, NULL),
(192, 105, 5, 24, 'GUARANTOR', NULL, 0, 1646602162, 13, NULL, NULL),
(193, 105, 5, 25, 'GUARANTOR', NULL, 0, 1646602162, 13, NULL, NULL),
(194, 105, 5, 26, 'GUARANTOR', NULL, 0, 1646602162, 13, NULL, NULL),
(195, 105, 5, 27, 'GUARANTOR', NULL, 0, 1646602162, 13, NULL, NULL),
(196, 105, 5, 28, 'GUARANTOR', NULL, 0, 1646602162, 13, NULL, NULL),
(197, 1, 7, 1, 'BORROWER', NULL, 0, 1646636094, 13, NULL, NULL),
(198, 1, 7, 2, 'BORROWER', NULL, 0, 1646636094, 13, NULL, NULL),
(199, 1, 7, 3, 'BORROWER', NULL, 0, 1646636094, 13, NULL, NULL),
(200, 1, 7, 4, 'BORROWER', NULL, 0, 1646636094, 13, NULL, NULL),
(201, 1, 7, 5, 'BORROWER', NULL, 0, 1646636094, 13, NULL, NULL),
(202, 1, 7, 6, 'BORROWER', NULL, 0, 1646636094, 13, NULL, NULL),
(203, 1, 7, 7, 'BORROWER', NULL, 0, 1646636094, 13, NULL, NULL),
(204, 1, 7, 8, 'BORROWER', NULL, 0, 1646636094, 13, NULL, NULL),
(205, 1, 7, 9, 'BORROWER', NULL, 0, 1646636094, 13, NULL, NULL),
(206, 1, 7, 10, 'BORROWER', NULL, 0, 1646636094, 13, NULL, NULL),
(207, 1, 7, 11, 'BORROWER', NULL, 0, 1646636094, 13, NULL, NULL),
(208, 1, 7, 12, 'BORROWER', NULL, 0, 1646636094, 13, NULL, NULL),
(209, 1, 7, 13, 'BORROWER', NULL, 0, 1646636094, 13, NULL, NULL),
(210, 1, 7, 14, 'BORROWER', NULL, 0, 1646636094, 13, NULL, NULL),
(211, 1, 7, 15, 'BORROWER', NULL, 0, 1646636094, 13, NULL, NULL),
(212, 1, 7, 16, 'BORROWER', NULL, 0, 1646636094, 13, NULL, NULL),
(213, 1, 7, 17, 'BORROWER', NULL, 0, 1646636094, 13, NULL, NULL),
(214, 1, 7, 18, 'BORROWER', NULL, 0, 1646636094, 13, NULL, NULL),
(215, 1, 7, 19, 'BORROWER', NULL, 0, 1646636094, 13, NULL, NULL),
(216, 1, 7, 20, 'BORROWER', NULL, 0, 1646636094, 13, NULL, NULL),
(217, 1, 7, 21, 'BORROWER', NULL, 0, 1646636094, 13, NULL, NULL),
(218, 1, 7, 22, 'GUARANTOR', NULL, 0, 1646636094, 13, NULL, NULL),
(219, 1, 7, 23, 'GUARANTOR', NULL, 0, 1646636094, 13, NULL, NULL),
(220, 1, 7, 24, 'GUARANTOR', NULL, 0, 1646636094, 13, NULL, NULL),
(221, 1, 7, 25, 'GUARANTOR', NULL, 0, 1646636094, 13, NULL, NULL),
(222, 1, 7, 26, 'GUARANTOR', NULL, 0, 1646636094, 13, NULL, NULL),
(223, 1, 7, 27, 'GUARANTOR', NULL, 0, 1646636094, 13, NULL, NULL),
(224, 1, 7, 28, 'GUARANTOR', NULL, 0, 1646636094, 13, NULL, NULL),
(225, 2, 6, 1, 'BORROWER', NULL, 0, 1646658694, 13, NULL, NULL),
(226, 2, 6, 2, 'BORROWER', NULL, 0, 1646658694, 13, NULL, NULL),
(227, 2, 6, 3, 'BORROWER', NULL, 0, 1646658694, 13, NULL, NULL),
(228, 2, 6, 4, 'BORROWER', NULL, 0, 1646658694, 13, NULL, NULL),
(229, 2, 6, 5, 'BORROWER', NULL, 0, 1646658694, 13, NULL, NULL),
(230, 2, 6, 6, 'BORROWER', NULL, 0, 1646658694, 13, NULL, NULL),
(231, 2, 6, 7, 'BORROWER', NULL, 0, 1646658694, 13, NULL, NULL),
(232, 2, 6, 8, 'BORROWER', NULL, 0, 1646658694, 13, NULL, NULL),
(233, 2, 6, 9, 'BORROWER', NULL, 0, 1646658694, 13, NULL, NULL),
(234, 2, 6, 10, 'BORROWER', NULL, 0, 1646658694, 13, NULL, NULL),
(235, 2, 6, 11, 'BORROWER', NULL, 0, 1646658694, 13, NULL, NULL),
(236, 2, 6, 12, 'BORROWER', NULL, 0, 1646658694, 13, NULL, NULL),
(237, 2, 6, 13, 'BORROWER', NULL, 0, 1646658694, 13, NULL, NULL),
(238, 2, 6, 14, 'BORROWER', NULL, 0, 1646658694, 13, NULL, NULL),
(239, 2, 6, 15, 'BORROWER', NULL, 0, 1646658694, 13, NULL, NULL),
(240, 2, 6, 16, 'BORROWER', NULL, 0, 1646658694, 13, NULL, NULL),
(241, 2, 6, 17, 'BORROWER', NULL, 0, 1646658694, 13, NULL, NULL),
(242, 2, 6, 18, 'BORROWER', NULL, 0, 1646658694, 13, NULL, NULL),
(243, 2, 6, 19, 'BORROWER', NULL, 0, 1646658694, 13, NULL, NULL),
(244, 2, 6, 20, 'BORROWER', NULL, 0, 1646658694, 13, NULL, NULL),
(245, 2, 6, 21, 'BORROWER', NULL, 0, 1646658694, 13, NULL, NULL),
(246, 2, 6, 22, 'GUARANTOR', NULL, 0, 1646658694, 13, NULL, NULL),
(247, 2, 6, 23, 'GUARANTOR', NULL, 0, 1646658694, 13, NULL, NULL),
(248, 2, 6, 24, 'GUARANTOR', NULL, 0, 1646658694, 13, NULL, NULL),
(249, 2, 6, 25, 'GUARANTOR', NULL, 0, 1646658694, 13, NULL, NULL),
(250, 2, 6, 26, 'GUARANTOR', NULL, 0, 1646658694, 13, NULL, NULL),
(251, 2, 6, 27, 'GUARANTOR', NULL, 0, 1646658694, 13, NULL, NULL),
(252, 2, 6, 28, 'GUARANTOR', NULL, 0, 1646658694, 13, NULL, NULL),
(253, 4, 8, 1, 'BORROWER', NULL, 0, 1646659142, 13, NULL, NULL),
(254, 4, 8, 2, 'BORROWER', NULL, 0, 1646659142, 13, NULL, NULL),
(255, 4, 8, 3, 'BORROWER', NULL, 0, 1646659142, 13, NULL, NULL),
(256, 4, 8, 4, 'BORROWER', NULL, 0, 1646659142, 13, NULL, NULL),
(257, 4, 8, 5, 'BORROWER', NULL, 0, 1646659142, 13, NULL, NULL),
(258, 4, 8, 6, 'BORROWER', NULL, 0, 1646659142, 13, NULL, NULL),
(259, 4, 8, 7, 'BORROWER', NULL, 0, 1646659142, 13, NULL, NULL),
(260, 4, 8, 8, 'BORROWER', NULL, 0, 1646659142, 13, NULL, NULL),
(261, 4, 8, 9, 'BORROWER', NULL, 0, 1646659142, 13, NULL, NULL),
(262, 4, 8, 10, 'BORROWER', NULL, 0, 1646659142, 13, NULL, NULL),
(263, 4, 8, 11, 'BORROWER', NULL, 0, 1646659142, 13, NULL, NULL),
(264, 4, 8, 12, 'BORROWER', NULL, 0, 1646659142, 13, NULL, NULL),
(265, 4, 8, 13, 'BORROWER', NULL, 0, 1646659142, 13, NULL, NULL),
(266, 4, 8, 14, 'BORROWER', NULL, 0, 1646659142, 13, NULL, NULL),
(267, 4, 8, 15, 'BORROWER', NULL, 0, 1646659142, 13, NULL, NULL),
(268, 4, 8, 16, 'BORROWER', NULL, 0, 1646659142, 13, NULL, NULL),
(269, 4, 8, 17, 'BORROWER', NULL, 0, 1646659142, 13, NULL, NULL),
(270, 4, 8, 18, 'BORROWER', NULL, 0, 1646659142, 13, NULL, NULL),
(271, 4, 8, 19, 'BORROWER', NULL, 0, 1646659142, 13, NULL, NULL),
(272, 4, 8, 20, 'BORROWER', NULL, 0, 1646659142, 13, NULL, NULL),
(273, 4, 8, 21, 'BORROWER', NULL, 0, 1646659142, 13, NULL, NULL),
(274, 4, 8, 22, 'GUARANTOR', NULL, 0, 1646659142, 13, NULL, NULL),
(275, 4, 8, 23, 'GUARANTOR', NULL, 0, 1646659142, 13, NULL, NULL),
(276, 4, 8, 24, 'GUARANTOR', NULL, 0, 1646659142, 13, NULL, NULL),
(277, 4, 8, 25, 'GUARANTOR', NULL, 0, 1646659142, 13, NULL, NULL),
(278, 4, 8, 26, 'GUARANTOR', NULL, 0, 1646659142, 13, NULL, NULL),
(279, 4, 8, 27, 'GUARANTOR', NULL, 0, 1646659142, 13, NULL, NULL),
(280, 4, 8, 28, 'GUARANTOR', NULL, 0, 1646659142, 13, NULL, NULL),
(281, 5, 9, 1, 'BORROWER', NULL, 0, 1646659651, 13, NULL, NULL),
(282, 5, 9, 2, 'BORROWER', NULL, 0, 1646659651, 13, NULL, NULL),
(283, 5, 9, 3, 'BORROWER', NULL, 0, 1646659651, 13, NULL, NULL),
(284, 5, 9, 4, 'BORROWER', NULL, 0, 1646659651, 13, NULL, NULL),
(285, 5, 9, 5, 'BORROWER', NULL, 0, 1646659651, 13, NULL, NULL),
(286, 5, 9, 6, 'BORROWER', NULL, 0, 1646659651, 13, NULL, NULL),
(287, 5, 9, 7, 'BORROWER', NULL, 0, 1646659651, 13, NULL, NULL),
(288, 5, 9, 8, 'BORROWER', NULL, 0, 1646659651, 13, NULL, NULL),
(289, 5, 9, 9, 'BORROWER', NULL, 0, 1646659651, 13, NULL, NULL),
(290, 5, 9, 10, 'BORROWER', NULL, 0, 1646659651, 13, NULL, NULL),
(291, 5, 9, 11, 'BORROWER', NULL, 0, 1646659651, 13, NULL, NULL),
(292, 5, 9, 12, 'BORROWER', NULL, 0, 1646659651, 13, NULL, NULL),
(293, 5, 9, 13, 'BORROWER', NULL, 0, 1646659651, 13, NULL, NULL),
(294, 5, 9, 14, 'BORROWER', NULL, 0, 1646659651, 13, NULL, NULL),
(295, 5, 9, 15, 'BORROWER', NULL, 0, 1646659651, 13, NULL, NULL),
(296, 5, 9, 16, 'BORROWER', NULL, 0, 1646659651, 13, NULL, NULL),
(297, 5, 9, 17, 'BORROWER', NULL, 0, 1646659651, 13, NULL, NULL),
(298, 5, 9, 18, 'BORROWER', NULL, 0, 1646659651, 13, NULL, NULL),
(299, 5, 9, 19, 'BORROWER', NULL, 0, 1646659651, 13, NULL, NULL),
(300, 5, 9, 20, 'BORROWER', NULL, 0, 1646659651, 13, NULL, NULL),
(301, 5, 9, 21, 'BORROWER', NULL, 0, 1646659651, 13, NULL, NULL),
(302, 5, 9, 22, 'GUARANTOR', NULL, 0, 1646659651, 13, NULL, NULL),
(303, 5, 9, 23, 'GUARANTOR', NULL, 0, 1646659651, 13, NULL, NULL),
(304, 5, 9, 24, 'GUARANTOR', NULL, 0, 1646659651, 13, NULL, NULL),
(305, 5, 9, 25, 'GUARANTOR', NULL, 0, 1646659651, 13, NULL, NULL),
(306, 5, 9, 26, 'GUARANTOR', NULL, 0, 1646659651, 13, NULL, NULL),
(307, 5, 9, 27, 'GUARANTOR', NULL, 0, 1646659651, 13, NULL, NULL),
(308, 5, 9, 28, 'GUARANTOR', NULL, 0, 1646659651, 13, NULL, NULL),
(309, 4, 10, 1, 'BORROWER', NULL, 0, 1646660156, 13, NULL, NULL),
(310, 4, 10, 2, 'BORROWER', NULL, 0, 1646660156, 13, NULL, NULL),
(311, 4, 10, 3, 'BORROWER', NULL, 0, 1646660156, 13, NULL, NULL),
(312, 4, 10, 4, 'BORROWER', NULL, 0, 1646660156, 13, NULL, NULL),
(313, 4, 10, 5, 'BORROWER', NULL, 0, 1646660156, 13, NULL, NULL),
(314, 4, 10, 6, 'BORROWER', NULL, 0, 1646660156, 13, NULL, NULL),
(315, 4, 10, 7, 'BORROWER', NULL, 0, 1646660156, 13, NULL, NULL),
(316, 4, 10, 8, 'BORROWER', NULL, 0, 1646660156, 13, NULL, NULL),
(317, 4, 10, 9, 'BORROWER', NULL, 0, 1646660156, 13, NULL, NULL),
(318, 4, 10, 10, 'BORROWER', NULL, 0, 1646660156, 13, NULL, NULL),
(319, 4, 10, 11, 'BORROWER', NULL, 0, 1646660156, 13, NULL, NULL),
(320, 4, 10, 12, 'BORROWER', NULL, 0, 1646660156, 13, NULL, NULL),
(321, 4, 10, 13, 'BORROWER', NULL, 0, 1646660156, 13, NULL, NULL),
(322, 4, 10, 14, 'BORROWER', NULL, 0, 1646660156, 13, NULL, NULL),
(323, 4, 10, 15, 'BORROWER', NULL, 0, 1646660156, 13, NULL, NULL),
(324, 4, 10, 16, 'BORROWER', NULL, 0, 1646660156, 13, NULL, NULL),
(325, 4, 10, 17, 'BORROWER', NULL, 0, 1646660156, 13, NULL, NULL),
(326, 4, 10, 18, 'BORROWER', NULL, 0, 1646660156, 13, NULL, NULL),
(327, 4, 10, 19, 'BORROWER', NULL, 0, 1646660156, 13, NULL, NULL),
(328, 4, 10, 20, 'BORROWER', NULL, 0, 1646660156, 13, NULL, NULL),
(329, 4, 10, 21, 'BORROWER', NULL, 0, 1646660156, 13, NULL, NULL),
(330, 4, 10, 22, 'GUARANTOR', NULL, 0, 1646660156, 13, NULL, NULL),
(331, 4, 10, 23, 'GUARANTOR', NULL, 0, 1646660156, 13, NULL, NULL),
(332, 4, 10, 24, 'GUARANTOR', NULL, 0, 1646660156, 13, NULL, NULL),
(333, 4, 10, 25, 'GUARANTOR', NULL, 0, 1646660156, 13, NULL, NULL),
(334, 4, 10, 26, 'GUARANTOR', NULL, 0, 1646660156, 13, NULL, NULL),
(335, 4, 10, 27, 'GUARANTOR', NULL, 0, 1646660156, 13, NULL, NULL),
(336, 4, 10, 28, 'GUARANTOR', NULL, 0, 1646660156, 13, NULL, NULL),
(337, 6, 11, 1, 'BORROWER', NULL, 0, 1646660928, 13, NULL, NULL),
(338, 6, 11, 2, 'BORROWER', NULL, 0, 1646660928, 13, NULL, NULL),
(339, 6, 11, 3, 'BORROWER', NULL, 0, 1646660928, 13, NULL, NULL),
(340, 6, 11, 4, 'BORROWER', NULL, 0, 1646660928, 13, NULL, NULL),
(341, 6, 11, 5, 'BORROWER', NULL, 0, 1646660928, 13, NULL, NULL),
(342, 6, 11, 6, 'BORROWER', NULL, 0, 1646660928, 13, NULL, NULL),
(343, 6, 11, 7, 'BORROWER', NULL, 0, 1646660928, 13, NULL, NULL),
(344, 6, 11, 8, 'BORROWER', NULL, 0, 1646660928, 13, NULL, NULL),
(345, 6, 11, 9, 'BORROWER', NULL, 0, 1646660928, 13, NULL, NULL),
(346, 6, 11, 10, 'BORROWER', NULL, 0, 1646660928, 13, NULL, NULL),
(347, 6, 11, 11, 'BORROWER', NULL, 0, 1646660928, 13, NULL, NULL),
(348, 6, 11, 12, 'BORROWER', NULL, 0, 1646660928, 13, NULL, NULL),
(349, 6, 11, 13, 'BORROWER', NULL, 0, 1646660928, 13, NULL, NULL),
(350, 6, 11, 14, 'BORROWER', NULL, 0, 1646660928, 13, NULL, NULL),
(351, 6, 11, 15, 'BORROWER', NULL, 0, 1646660928, 13, NULL, NULL),
(352, 6, 11, 16, 'BORROWER', NULL, 0, 1646660928, 13, NULL, NULL),
(353, 6, 11, 17, 'BORROWER', NULL, 0, 1646660928, 13, NULL, NULL),
(354, 6, 11, 18, 'BORROWER', NULL, 0, 1646660928, 13, NULL, NULL),
(355, 6, 11, 19, 'BORROWER', NULL, 0, 1646660928, 13, NULL, NULL),
(356, 6, 11, 20, 'BORROWER', NULL, 0, 1646660928, 13, NULL, NULL),
(357, 6, 11, 21, 'BORROWER', NULL, 0, 1646660928, 13, NULL, NULL),
(358, 6, 11, 22, 'GUARANTOR', NULL, 0, 1646660928, 13, NULL, NULL),
(359, 6, 11, 23, 'GUARANTOR', NULL, 0, 1646660928, 13, NULL, NULL),
(360, 6, 11, 24, 'GUARANTOR', NULL, 0, 1646660928, 13, NULL, NULL),
(361, 6, 11, 25, 'GUARANTOR', NULL, 0, 1646660928, 13, NULL, NULL),
(362, 6, 11, 26, 'GUARANTOR', NULL, 0, 1646660928, 13, NULL, NULL),
(363, 6, 11, 27, 'GUARANTOR', NULL, 0, 1646660928, 13, NULL, NULL),
(364, 6, 11, 28, 'GUARANTOR', NULL, 0, 1646660928, 13, NULL, NULL),
(365, 9, 12, 1, 'BORROWER', NULL, 0, 1646661174, 13, NULL, NULL),
(366, 9, 12, 2, 'BORROWER', NULL, 0, 1646661174, 13, NULL, NULL),
(367, 9, 12, 3, 'BORROWER', NULL, 0, 1646661174, 13, NULL, NULL),
(368, 9, 12, 4, 'BORROWER', NULL, 0, 1646661174, 13, NULL, NULL),
(369, 9, 12, 5, 'BORROWER', NULL, 0, 1646661174, 13, NULL, NULL),
(370, 9, 12, 6, 'BORROWER', NULL, 0, 1646661174, 13, NULL, NULL),
(371, 9, 12, 7, 'BORROWER', NULL, 0, 1646661174, 13, NULL, NULL),
(372, 9, 12, 8, 'BORROWER', NULL, 0, 1646661174, 13, NULL, NULL),
(373, 9, 12, 9, 'BORROWER', NULL, 0, 1646661174, 13, NULL, NULL),
(374, 9, 12, 10, 'BORROWER', NULL, 0, 1646661174, 13, NULL, NULL),
(375, 9, 12, 11, 'BORROWER', NULL, 0, 1646661174, 13, NULL, NULL),
(376, 9, 12, 12, 'BORROWER', NULL, 0, 1646661174, 13, NULL, NULL),
(377, 9, 12, 13, 'BORROWER', NULL, 0, 1646661174, 13, NULL, NULL),
(378, 9, 12, 14, 'BORROWER', NULL, 0, 1646661174, 13, NULL, NULL),
(379, 9, 12, 15, 'BORROWER', NULL, 0, 1646661174, 13, NULL, NULL),
(380, 9, 12, 16, 'BORROWER', NULL, 0, 1646661174, 13, NULL, NULL),
(381, 9, 12, 17, 'BORROWER', NULL, 0, 1646661174, 13, NULL, NULL),
(382, 9, 12, 18, 'BORROWER', NULL, 0, 1646661174, 13, NULL, NULL),
(383, 9, 12, 19, 'BORROWER', NULL, 0, 1646661174, 13, NULL, NULL),
(384, 9, 12, 20, 'BORROWER', NULL, 0, 1646661174, 13, NULL, NULL),
(385, 9, 12, 21, 'BORROWER', NULL, 0, 1646661174, 13, NULL, NULL),
(386, 9, 12, 22, 'GUARANTOR', NULL, 0, 1646661174, 13, NULL, NULL),
(387, 9, 12, 23, 'GUARANTOR', NULL, 0, 1646661174, 13, NULL, NULL),
(388, 9, 12, 24, 'GUARANTOR', NULL, 0, 1646661174, 13, NULL, NULL),
(389, 9, 12, 25, 'GUARANTOR', NULL, 0, 1646661174, 13, NULL, NULL),
(390, 9, 12, 26, 'GUARANTOR', NULL, 0, 1646661174, 13, NULL, NULL),
(391, 9, 12, 27, 'GUARANTOR', NULL, 0, 1646661174, 13, NULL, NULL),
(392, 9, 12, 28, 'GUARANTOR', NULL, 0, 1646661174, 13, NULL, NULL),
(393, 105, 13, 1, 'BORROWER', NULL, 0, 1646662015, 13, NULL, NULL),
(394, 105, 13, 2, 'BORROWER', NULL, 0, 1646662015, 13, NULL, NULL),
(395, 105, 13, 3, 'BORROWER', NULL, 0, 1646662015, 13, NULL, NULL),
(396, 105, 13, 4, 'BORROWER', NULL, 0, 1646662015, 13, NULL, NULL),
(397, 105, 13, 5, 'BORROWER', NULL, 0, 1646662015, 13, NULL, NULL),
(398, 105, 13, 6, 'BORROWER', NULL, 0, 1646662015, 13, NULL, NULL),
(399, 105, 13, 7, 'BORROWER', NULL, 0, 1646662015, 13, NULL, NULL),
(400, 105, 13, 8, 'BORROWER', NULL, 0, 1646662015, 13, NULL, NULL),
(401, 105, 13, 9, 'BORROWER', NULL, 0, 1646662015, 13, NULL, NULL),
(402, 105, 13, 10, 'BORROWER', NULL, 0, 1646662015, 13, NULL, NULL),
(403, 105, 13, 11, 'BORROWER', NULL, 0, 1646662015, 13, NULL, NULL),
(404, 105, 13, 12, 'BORROWER', NULL, 0, 1646662015, 13, NULL, NULL),
(405, 105, 13, 13, 'BORROWER', NULL, 0, 1646662015, 13, NULL, NULL),
(406, 105, 13, 14, 'BORROWER', NULL, 0, 1646662015, 13, NULL, NULL),
(407, 105, 13, 15, 'BORROWER', NULL, 0, 1646662015, 13, NULL, NULL),
(408, 105, 13, 16, 'BORROWER', NULL, 0, 1646662015, 13, NULL, NULL),
(409, 105, 13, 17, 'BORROWER', NULL, 0, 1646662015, 13, NULL, NULL),
(410, 105, 13, 18, 'BORROWER', NULL, 0, 1646662015, 13, NULL, NULL),
(411, 105, 13, 19, 'BORROWER', NULL, 0, 1646662015, 13, NULL, NULL),
(412, 105, 13, 20, 'BORROWER', NULL, 0, 1646662015, 13, NULL, NULL),
(413, 105, 13, 21, 'BORROWER', NULL, 0, 1646662015, 13, NULL, NULL),
(414, 105, 13, 22, 'GUARANTOR', NULL, 0, 1646662015, 13, NULL, NULL),
(415, 105, 13, 23, 'GUARANTOR', NULL, 0, 1646662015, 13, NULL, NULL),
(416, 105, 13, 24, 'GUARANTOR', NULL, 0, 1646662015, 13, NULL, NULL),
(417, 105, 13, 25, 'GUARANTOR', NULL, 0, 1646662015, 13, NULL, NULL),
(418, 105, 13, 26, 'GUARANTOR', NULL, 0, 1646662015, 13, NULL, NULL),
(419, 105, 13, 27, 'GUARANTOR', NULL, 0, 1646662015, 13, NULL, NULL),
(420, 105, 13, 28, 'GUARANTOR', NULL, 0, 1646662015, 13, NULL, NULL),
(421, 15, 14, 1, 'BORROWER', NULL, 0, 1646663872, 13, NULL, NULL),
(422, 15, 14, 2, 'BORROWER', NULL, 0, 1646663872, 13, NULL, NULL),
(423, 15, 14, 3, 'BORROWER', NULL, 0, 1646663872, 13, NULL, NULL),
(424, 15, 14, 4, 'BORROWER', NULL, 0, 1646663872, 13, NULL, NULL),
(425, 15, 14, 5, 'BORROWER', NULL, 0, 1646663872, 13, NULL, NULL),
(426, 15, 14, 6, 'BORROWER', NULL, 0, 1646663872, 13, NULL, NULL),
(427, 15, 14, 7, 'BORROWER', NULL, 0, 1646663872, 13, NULL, NULL),
(428, 15, 14, 8, 'BORROWER', NULL, 0, 1646663872, 13, NULL, NULL),
(429, 15, 14, 9, 'BORROWER', NULL, 0, 1646663872, 13, NULL, NULL),
(430, 15, 14, 10, 'BORROWER', NULL, 0, 1646663872, 13, NULL, NULL),
(431, 15, 14, 11, 'BORROWER', NULL, 0, 1646663872, 13, NULL, NULL),
(432, 15, 14, 12, 'BORROWER', NULL, 0, 1646663872, 13, NULL, NULL),
(433, 15, 14, 13, 'BORROWER', NULL, 0, 1646663872, 13, NULL, NULL),
(434, 15, 14, 14, 'BORROWER', NULL, 0, 1646663872, 13, NULL, NULL),
(435, 15, 14, 15, 'BORROWER', NULL, 0, 1646663872, 13, NULL, NULL),
(436, 15, 14, 16, 'BORROWER', NULL, 0, 1646663872, 13, NULL, NULL),
(437, 15, 14, 17, 'BORROWER', NULL, 0, 1646663872, 13, NULL, NULL),
(438, 15, 14, 18, 'BORROWER', NULL, 0, 1646663872, 13, NULL, NULL),
(439, 15, 14, 19, 'BORROWER', NULL, 0, 1646663872, 13, NULL, NULL),
(440, 15, 14, 20, 'BORROWER', NULL, 0, 1646663872, 13, NULL, NULL),
(441, 15, 14, 21, 'BORROWER', NULL, 0, 1646663872, 13, NULL, NULL),
(442, 15, 14, 22, 'GUARANTOR', NULL, 0, 1646663872, 13, NULL, NULL),
(443, 15, 14, 23, 'GUARANTOR', NULL, 0, 1646663872, 13, NULL, NULL),
(444, 15, 14, 24, 'GUARANTOR', NULL, 0, 1646663872, 13, NULL, NULL),
(445, 15, 14, 25, 'GUARANTOR', NULL, 0, 1646663872, 13, NULL, NULL),
(446, 15, 14, 26, 'GUARANTOR', NULL, 0, 1646663872, 13, NULL, NULL),
(447, 15, 14, 27, 'GUARANTOR', NULL, 0, 1646663872, 13, NULL, NULL),
(448, 15, 14, 28, 'GUARANTOR', NULL, 0, 1646663872, 13, NULL, NULL),
(449, 21, 15, 1, 'BORROWER', NULL, 0, 1646664022, 13, NULL, NULL),
(450, 21, 15, 2, 'BORROWER', NULL, 0, 1646664022, 13, NULL, NULL),
(451, 21, 15, 3, 'BORROWER', NULL, 0, 1646664022, 13, NULL, NULL),
(452, 21, 15, 4, 'BORROWER', NULL, 0, 1646664022, 13, NULL, NULL),
(453, 21, 15, 5, 'BORROWER', NULL, 0, 1646664022, 13, NULL, NULL),
(454, 21, 15, 6, 'BORROWER', NULL, 0, 1646664022, 13, NULL, NULL),
(455, 21, 15, 7, 'BORROWER', NULL, 0, 1646664022, 13, NULL, NULL),
(456, 21, 15, 8, 'BORROWER', NULL, 0, 1646664022, 13, NULL, NULL),
(457, 21, 15, 9, 'BORROWER', NULL, 0, 1646664022, 13, NULL, NULL),
(458, 21, 15, 10, 'BORROWER', NULL, 0, 1646664022, 13, NULL, NULL),
(459, 21, 15, 11, 'BORROWER', NULL, 0, 1646664022, 13, NULL, NULL),
(460, 21, 15, 12, 'BORROWER', NULL, 0, 1646664022, 13, NULL, NULL),
(461, 21, 15, 13, 'BORROWER', NULL, 0, 1646664022, 13, NULL, NULL),
(462, 21, 15, 14, 'BORROWER', NULL, 0, 1646664022, 13, NULL, NULL),
(463, 21, 15, 15, 'BORROWER', NULL, 0, 1646664022, 13, NULL, NULL),
(464, 21, 15, 16, 'BORROWER', NULL, 0, 1646664022, 13, NULL, NULL),
(465, 21, 15, 17, 'BORROWER', NULL, 0, 1646664022, 13, NULL, NULL),
(466, 21, 15, 18, 'BORROWER', NULL, 0, 1646664022, 13, NULL, NULL),
(467, 21, 15, 19, 'BORROWER', NULL, 0, 1646664022, 13, NULL, NULL),
(468, 21, 15, 20, 'BORROWER', NULL, 0, 1646664022, 13, NULL, NULL),
(469, 21, 15, 21, 'BORROWER', NULL, 0, 1646664022, 13, NULL, NULL),
(470, 21, 15, 22, 'GUARANTOR', NULL, 0, 1646664022, 13, NULL, NULL),
(471, 21, 15, 23, 'GUARANTOR', NULL, 0, 1646664022, 13, NULL, NULL),
(472, 21, 15, 24, 'GUARANTOR', NULL, 0, 1646664022, 13, NULL, NULL),
(473, 21, 15, 25, 'GUARANTOR', NULL, 0, 1646664022, 13, NULL, NULL),
(474, 21, 15, 26, 'GUARANTOR', NULL, 0, 1646664022, 13, NULL, NULL),
(475, 21, 15, 27, 'GUARANTOR', NULL, 0, 1646664022, 13, NULL, NULL),
(476, 21, 15, 28, 'GUARANTOR', NULL, 0, 1646664022, 13, NULL, NULL),
(477, 12, 16, 1, 'BORROWER', NULL, 0, 1646664753, 13, NULL, NULL),
(478, 12, 16, 2, 'BORROWER', NULL, 0, 1646664753, 13, NULL, NULL),
(479, 12, 16, 3, 'BORROWER', NULL, 0, 1646664753, 13, NULL, NULL),
(480, 12, 16, 4, 'BORROWER', NULL, 0, 1646664753, 13, NULL, NULL),
(481, 12, 16, 5, 'BORROWER', NULL, 0, 1646664753, 13, NULL, NULL),
(482, 12, 16, 6, 'BORROWER', NULL, 0, 1646664753, 13, NULL, NULL),
(483, 12, 16, 7, 'BORROWER', NULL, 0, 1646664753, 13, NULL, NULL),
(484, 12, 16, 8, 'BORROWER', NULL, 0, 1646664753, 13, NULL, NULL),
(485, 12, 16, 9, 'BORROWER', NULL, 0, 1646664753, 13, NULL, NULL),
(486, 12, 16, 10, 'BORROWER', NULL, 0, 1646664753, 13, NULL, NULL),
(487, 12, 16, 11, 'BORROWER', NULL, 0, 1646664753, 13, NULL, NULL),
(488, 12, 16, 12, 'BORROWER', NULL, 0, 1646664753, 13, NULL, NULL),
(489, 12, 16, 13, 'BORROWER', NULL, 0, 1646664753, 13, NULL, NULL),
(490, 12, 16, 14, 'BORROWER', NULL, 0, 1646664753, 13, NULL, NULL),
(491, 12, 16, 15, 'BORROWER', NULL, 0, 1646664753, 13, NULL, NULL),
(492, 12, 16, 16, 'BORROWER', NULL, 0, 1646664753, 13, NULL, NULL),
(493, 12, 16, 17, 'BORROWER', NULL, 0, 1646664753, 13, NULL, NULL),
(494, 12, 16, 18, 'BORROWER', NULL, 0, 1646664753, 13, NULL, NULL),
(495, 12, 16, 19, 'BORROWER', NULL, 0, 1646664753, 13, NULL, NULL),
(496, 12, 16, 20, 'BORROWER', NULL, 0, 1646664753, 13, NULL, NULL),
(497, 12, 16, 21, 'BORROWER', NULL, 0, 1646664753, 13, NULL, NULL),
(498, 12, 16, 22, 'GUARANTOR', NULL, 0, 1646664753, 13, NULL, NULL),
(499, 12, 16, 23, 'GUARANTOR', NULL, 0, 1646664753, 13, NULL, NULL),
(500, 12, 16, 24, 'GUARANTOR', NULL, 0, 1646664753, 13, NULL, NULL),
(501, 12, 16, 25, 'GUARANTOR', NULL, 0, 1646664753, 13, NULL, NULL),
(502, 12, 16, 26, 'GUARANTOR', NULL, 0, 1646664753, 13, NULL, NULL),
(503, 12, 16, 27, 'GUARANTOR', NULL, 0, 1646664753, 13, NULL, NULL),
(504, 12, 16, 28, 'GUARANTOR', NULL, 0, 1646664753, 13, NULL, NULL),
(505, 3, 17, 1, 'BORROWER', NULL, 0, 1646674160, 13, NULL, NULL),
(506, 3, 17, 2, 'BORROWER', NULL, 0, 1646674160, 13, NULL, NULL),
(507, 3, 17, 3, 'BORROWER', NULL, 0, 1646674160, 13, NULL, NULL),
(508, 3, 17, 4, 'BORROWER', NULL, 0, 1646674160, 13, NULL, NULL),
(509, 3, 17, 5, 'BORROWER', NULL, 0, 1646674160, 13, NULL, NULL),
(510, 3, 17, 6, 'BORROWER', NULL, 0, 1646674160, 13, NULL, NULL),
(511, 3, 17, 7, 'BORROWER', NULL, 0, 1646674160, 13, NULL, NULL),
(512, 3, 17, 8, 'BORROWER', NULL, 0, 1646674160, 13, NULL, NULL),
(513, 3, 17, 9, 'BORROWER', NULL, 0, 1646674160, 13, NULL, NULL),
(514, 3, 17, 10, 'BORROWER', NULL, 0, 1646674160, 13, NULL, NULL),
(515, 3, 17, 11, 'BORROWER', NULL, 0, 1646674160, 13, NULL, NULL),
(516, 3, 17, 12, 'BORROWER', NULL, 0, 1646674160, 13, NULL, NULL),
(517, 3, 17, 13, 'BORROWER', NULL, 0, 1646674160, 13, NULL, NULL),
(518, 3, 17, 14, 'BORROWER', NULL, 0, 1646674160, 13, NULL, NULL),
(519, 3, 17, 15, 'BORROWER', NULL, 0, 1646674160, 13, NULL, NULL),
(520, 3, 17, 16, 'BORROWER', NULL, 0, 1646674160, 13, NULL, NULL),
(521, 3, 17, 17, 'BORROWER', NULL, 0, 1646674160, 13, NULL, NULL),
(522, 3, 17, 18, 'BORROWER', NULL, 0, 1646674160, 13, NULL, NULL),
(523, 3, 17, 19, 'BORROWER', NULL, 0, 1646674160, 13, NULL, NULL),
(524, 3, 17, 20, 'BORROWER', NULL, 0, 1646674160, 13, NULL, NULL),
(525, 3, 17, 21, 'BORROWER', NULL, 0, 1646674160, 13, NULL, NULL),
(526, 3, 17, 22, 'GUARANTOR', NULL, 0, 1646674160, 13, NULL, NULL),
(527, 3, 17, 23, 'GUARANTOR', NULL, 0, 1646674160, 13, NULL, NULL),
(528, 3, 17, 24, 'GUARANTOR', NULL, 0, 1646674160, 13, NULL, NULL),
(529, 3, 17, 25, 'GUARANTOR', NULL, 0, 1646674160, 13, NULL, NULL),
(530, 3, 17, 26, 'GUARANTOR', NULL, 0, 1646674160, 13, NULL, NULL),
(531, 3, 17, 27, 'GUARANTOR', NULL, 0, 1646674160, 13, NULL, NULL),
(532, 3, 17, 28, 'GUARANTOR', NULL, 0, 1646674160, 13, NULL, NULL),
(533, 3, 18, 1, 'BORROWER', NULL, 0, 1646674696, 13, NULL, NULL),
(534, 3, 18, 2, 'BORROWER', NULL, 0, 1646674696, 13, NULL, NULL),
(535, 3, 18, 3, 'BORROWER', NULL, 0, 1646674696, 13, NULL, NULL),
(536, 3, 18, 4, 'BORROWER', NULL, 0, 1646674696, 13, NULL, NULL),
(537, 3, 18, 5, 'BORROWER', NULL, 0, 1646674696, 13, NULL, NULL),
(538, 3, 18, 6, 'BORROWER', NULL, 0, 1646674696, 13, NULL, NULL),
(539, 3, 18, 7, 'BORROWER', NULL, 0, 1646674696, 13, NULL, NULL),
(540, 3, 18, 8, 'BORROWER', NULL, 0, 1646674696, 13, NULL, NULL),
(541, 3, 18, 9, 'BORROWER', NULL, 0, 1646674696, 13, NULL, NULL),
(542, 3, 18, 10, 'BORROWER', NULL, 0, 1646674696, 13, NULL, NULL),
(543, 3, 18, 11, 'BORROWER', NULL, 0, 1646674696, 13, NULL, NULL),
(544, 3, 18, 12, 'BORROWER', NULL, 0, 1646674696, 13, NULL, NULL),
(545, 3, 18, 13, 'BORROWER', NULL, 0, 1646674696, 13, NULL, NULL),
(546, 3, 18, 14, 'BORROWER', NULL, 0, 1646674696, 13, NULL, NULL),
(547, 3, 18, 15, 'BORROWER', NULL, 0, 1646674696, 13, NULL, NULL),
(548, 3, 18, 16, 'BORROWER', NULL, 0, 1646674696, 13, NULL, NULL),
(549, 3, 18, 17, 'BORROWER', NULL, 0, 1646674696, 13, NULL, NULL),
(550, 3, 18, 18, 'BORROWER', NULL, 0, 1646674696, 13, NULL, NULL),
(551, 3, 18, 19, 'BORROWER', NULL, 0, 1646674696, 13, NULL, NULL),
(552, 3, 18, 20, 'BORROWER', NULL, 0, 1646674696, 13, NULL, NULL),
(553, 3, 18, 21, 'BORROWER', NULL, 0, 1646674696, 13, NULL, NULL),
(554, 3, 18, 22, 'GUARANTOR', NULL, 0, 1646674696, 13, NULL, NULL),
(555, 3, 18, 23, 'GUARANTOR', NULL, 0, 1646674696, 13, NULL, NULL),
(556, 3, 18, 24, 'GUARANTOR', NULL, 0, 1646674696, 13, NULL, NULL),
(557, 3, 18, 25, 'GUARANTOR', NULL, 0, 1646674696, 13, NULL, NULL),
(558, 3, 18, 26, 'GUARANTOR', NULL, 0, 1646674696, 13, NULL, NULL),
(559, 3, 18, 27, 'GUARANTOR', NULL, 0, 1646674696, 13, NULL, NULL),
(560, 3, 18, 28, 'GUARANTOR', NULL, 0, 1646674696, 13, NULL, NULL),
(561, 4, 19, 1, 'BORROWER', NULL, 0, 1646675592, 13, NULL, NULL),
(562, 4, 19, 2, 'BORROWER', NULL, 0, 1646675592, 13, NULL, NULL),
(563, 4, 19, 3, 'BORROWER', NULL, 0, 1646675592, 13, NULL, NULL),
(564, 4, 19, 4, 'BORROWER', NULL, 0, 1646675592, 13, NULL, NULL),
(565, 4, 19, 5, 'BORROWER', NULL, 0, 1646675592, 13, NULL, NULL),
(566, 4, 19, 6, 'BORROWER', NULL, 0, 1646675592, 13, NULL, NULL),
(567, 4, 19, 7, 'BORROWER', NULL, 0, 1646675592, 13, NULL, NULL),
(568, 4, 19, 8, 'BORROWER', NULL, 0, 1646675592, 13, NULL, NULL),
(569, 4, 19, 9, 'BORROWER', NULL, 0, 1646675592, 13, NULL, NULL),
(570, 4, 19, 10, 'BORROWER', NULL, 0, 1646675592, 13, NULL, NULL),
(571, 4, 19, 11, 'BORROWER', NULL, 0, 1646675592, 13, NULL, NULL),
(572, 4, 19, 12, 'BORROWER', NULL, 0, 1646675592, 13, NULL, NULL),
(573, 4, 19, 13, 'BORROWER', NULL, 0, 1646675592, 13, NULL, NULL),
(574, 4, 19, 14, 'BORROWER', NULL, 0, 1646675592, 13, NULL, NULL),
(575, 4, 19, 15, 'BORROWER', NULL, 0, 1646675592, 13, NULL, NULL),
(576, 4, 19, 16, 'BORROWER', NULL, 0, 1646675592, 13, NULL, NULL),
(577, 4, 19, 17, 'BORROWER', NULL, 0, 1646675592, 13, NULL, NULL),
(578, 4, 19, 18, 'BORROWER', NULL, 0, 1646675592, 13, NULL, NULL),
(579, 4, 19, 19, 'BORROWER', NULL, 0, 1646675592, 13, NULL, NULL),
(580, 4, 19, 20, 'BORROWER', NULL, 0, 1646675592, 13, NULL, NULL),
(581, 4, 19, 21, 'BORROWER', NULL, 0, 1646675592, 13, NULL, NULL),
(582, 4, 19, 22, 'GUARANTOR', NULL, 0, 1646675592, 13, NULL, NULL),
(583, 4, 19, 23, 'GUARANTOR', NULL, 0, 1646675592, 13, NULL, NULL),
(584, 4, 19, 24, 'GUARANTOR', NULL, 0, 1646675592, 13, NULL, NULL),
(585, 4, 19, 25, 'GUARANTOR', NULL, 0, 1646675592, 13, NULL, NULL),
(586, 4, 19, 26, 'GUARANTOR', NULL, 0, 1646675592, 13, NULL, NULL),
(587, 4, 19, 27, 'GUARANTOR', NULL, 0, 1646675592, 13, NULL, NULL),
(588, 4, 19, 28, 'GUARANTOR', NULL, 0, 1646675592, 13, NULL, NULL),
(589, 3, 20, 1, 'BORROWER', NULL, 0, 1646675940, 13, NULL, NULL),
(590, 3, 20, 2, 'BORROWER', NULL, 0, 1646675940, 13, NULL, NULL),
(591, 3, 20, 3, 'BORROWER', NULL, 0, 1646675940, 13, NULL, NULL),
(592, 3, 20, 4, 'BORROWER', NULL, 0, 1646675940, 13, NULL, NULL),
(593, 3, 20, 5, 'BORROWER', NULL, 0, 1646675940, 13, NULL, NULL),
(594, 3, 20, 6, 'BORROWER', NULL, 0, 1646675940, 13, NULL, NULL),
(595, 3, 20, 7, 'BORROWER', NULL, 0, 1646675940, 13, NULL, NULL),
(596, 3, 20, 8, 'BORROWER', NULL, 0, 1646675940, 13, NULL, NULL),
(597, 3, 20, 9, 'BORROWER', NULL, 0, 1646675940, 13, NULL, NULL),
(598, 3, 20, 10, 'BORROWER', NULL, 0, 1646675940, 13, NULL, NULL),
(599, 3, 20, 11, 'BORROWER', NULL, 0, 1646675940, 13, NULL, NULL),
(600, 3, 20, 12, 'BORROWER', NULL, 0, 1646675940, 13, NULL, NULL),
(601, 3, 20, 13, 'BORROWER', NULL, 0, 1646675940, 13, NULL, NULL),
(602, 3, 20, 14, 'BORROWER', NULL, 0, 1646675940, 13, NULL, NULL),
(603, 3, 20, 15, 'BORROWER', NULL, 0, 1646675940, 13, NULL, NULL),
(604, 3, 20, 16, 'BORROWER', NULL, 0, 1646675940, 13, NULL, NULL),
(605, 3, 20, 17, 'BORROWER', NULL, 0, 1646675940, 13, NULL, NULL),
(606, 3, 20, 18, 'BORROWER', NULL, 0, 1646675940, 13, NULL, NULL),
(607, 3, 20, 19, 'BORROWER', NULL, 0, 1646675940, 13, NULL, NULL),
(608, 3, 20, 20, 'BORROWER', NULL, 0, 1646675940, 13, NULL, NULL),
(609, 3, 20, 21, 'BORROWER', NULL, 0, 1646675940, 13, NULL, NULL),
(610, 3, 20, 22, 'GUARANTOR', NULL, 0, 1646675940, 13, NULL, NULL),
(611, 3, 20, 23, 'GUARANTOR', NULL, 0, 1646675940, 13, NULL, NULL),
(612, 3, 20, 24, 'GUARANTOR', NULL, 0, 1646675940, 13, NULL, NULL),
(613, 3, 20, 25, 'GUARANTOR', NULL, 0, 1646675940, 13, NULL, NULL),
(614, 3, 20, 26, 'GUARANTOR', NULL, 0, 1646675940, 13, NULL, NULL),
(615, 3, 20, 27, 'GUARANTOR', NULL, 0, 1646675940, 13, NULL, NULL),
(616, 3, 20, 28, 'GUARANTOR', NULL, 0, 1646675940, 13, NULL, NULL),
(617, 3, 21, 1, 'BORROWER', NULL, 0, 1646714686, 13, NULL, NULL),
(618, 3, 21, 2, 'BORROWER', NULL, 0, 1646714686, 13, NULL, NULL),
(619, 3, 21, 3, 'BORROWER', NULL, 0, 1646714686, 13, NULL, NULL),
(620, 3, 21, 4, 'BORROWER', NULL, 0, 1646714686, 13, NULL, NULL),
(621, 3, 21, 5, 'BORROWER', NULL, 0, 1646714686, 13, NULL, NULL),
(622, 3, 21, 6, 'BORROWER', NULL, 0, 1646714686, 13, NULL, NULL),
(623, 3, 21, 7, 'BORROWER', NULL, 0, 1646714686, 13, NULL, NULL),
(624, 3, 21, 8, 'BORROWER', NULL, 0, 1646714686, 13, NULL, NULL),
(625, 3, 21, 9, 'BORROWER', NULL, 0, 1646714686, 13, NULL, NULL),
(626, 3, 21, 10, 'BORROWER', NULL, 0, 1646714686, 13, NULL, NULL),
(627, 3, 21, 11, 'BORROWER', NULL, 0, 1646714686, 13, NULL, NULL),
(628, 3, 21, 12, 'BORROWER', NULL, 0, 1646714686, 13, NULL, NULL),
(629, 3, 21, 13, 'BORROWER', NULL, 0, 1646714686, 13, NULL, NULL),
(630, 3, 21, 14, 'BORROWER', NULL, 0, 1646714686, 13, NULL, NULL),
(631, 3, 21, 15, 'BORROWER', NULL, 0, 1646714686, 13, NULL, NULL),
(632, 3, 21, 16, 'BORROWER', NULL, 0, 1646714686, 13, NULL, NULL),
(633, 3, 21, 17, 'BORROWER', NULL, 0, 1646714686, 13, NULL, NULL),
(634, 3, 21, 18, 'BORROWER', NULL, 0, 1646714686, 13, NULL, NULL),
(635, 3, 21, 19, 'BORROWER', NULL, 0, 1646714686, 13, NULL, NULL),
(636, 3, 21, 20, 'BORROWER', NULL, 0, 1646714686, 13, NULL, NULL),
(637, 3, 21, 21, 'BORROWER', NULL, 0, 1646714686, 13, NULL, NULL),
(638, 3, 21, 22, 'GUARANTOR', NULL, 0, 1646714686, 13, NULL, NULL),
(639, 3, 21, 23, 'GUARANTOR', NULL, 0, 1646714686, 13, NULL, NULL),
(640, 3, 21, 24, 'GUARANTOR', NULL, 0, 1646714686, 13, NULL, NULL),
(641, 3, 21, 25, 'GUARANTOR', NULL, 0, 1646714686, 13, NULL, NULL),
(642, 3, 21, 26, 'GUARANTOR', NULL, 0, 1646714686, 13, NULL, NULL),
(643, 3, 21, 27, 'GUARANTOR', NULL, 0, 1646714686, 13, NULL, NULL),
(644, 3, 21, 28, 'GUARANTOR', NULL, 0, 1646714686, 13, NULL, NULL),
(645, 2, 22, 1, 'BORROWER', NULL, 0, 1646717733, 13, NULL, NULL),
(646, 2, 22, 2, 'BORROWER', NULL, 0, 1646717733, 13, NULL, NULL),
(647, 2, 22, 3, 'BORROWER', NULL, 0, 1646717733, 13, NULL, NULL),
(648, 2, 22, 4, 'BORROWER', NULL, 0, 1646717733, 13, NULL, NULL),
(649, 2, 22, 5, 'BORROWER', NULL, 0, 1646717733, 13, NULL, NULL),
(650, 2, 22, 6, 'BORROWER', NULL, 0, 1646717733, 13, NULL, NULL),
(651, 2, 22, 7, 'BORROWER', NULL, 0, 1646717733, 13, NULL, NULL),
(652, 2, 22, 8, 'BORROWER', NULL, 0, 1646717733, 13, NULL, NULL),
(653, 2, 22, 9, 'BORROWER', NULL, 0, 1646717733, 13, NULL, NULL),
(654, 2, 22, 10, 'BORROWER', NULL, 0, 1646717733, 13, NULL, NULL),
(655, 2, 22, 11, 'BORROWER', NULL, 0, 1646717733, 13, NULL, NULL),
(656, 2, 22, 12, 'BORROWER', NULL, 0, 1646717733, 13, NULL, NULL),
(657, 2, 22, 13, 'BORROWER', NULL, 0, 1646717733, 13, NULL, NULL),
(658, 2, 22, 14, 'BORROWER', NULL, 0, 1646717733, 13, NULL, NULL),
(659, 2, 22, 15, 'BORROWER', NULL, 0, 1646717733, 13, NULL, NULL),
(660, 2, 22, 16, 'BORROWER', NULL, 0, 1646717733, 13, NULL, NULL),
(661, 2, 22, 17, 'BORROWER', NULL, 0, 1646717733, 13, NULL, NULL),
(662, 2, 22, 18, 'BORROWER', NULL, 0, 1646717733, 13, NULL, NULL),
(663, 2, 22, 19, 'BORROWER', NULL, 0, 1646717733, 13, NULL, NULL),
(664, 2, 22, 20, 'BORROWER', NULL, 0, 1646717733, 13, NULL, NULL),
(665, 2, 22, 21, 'BORROWER', NULL, 0, 1646717733, 13, NULL, NULL),
(666, 2, 22, 22, 'GUARANTOR', NULL, 0, 1646717733, 13, NULL, NULL),
(667, 2, 22, 23, 'GUARANTOR', NULL, 0, 1646717733, 13, NULL, NULL),
(668, 2, 22, 24, 'GUARANTOR', NULL, 0, 1646717733, 13, NULL, NULL),
(669, 2, 22, 25, 'GUARANTOR', NULL, 0, 1646717733, 13, NULL, NULL),
(670, 2, 22, 26, 'GUARANTOR', NULL, 0, 1646717733, 13, NULL, NULL),
(671, 2, 22, 27, 'GUARANTOR', NULL, 0, 1646717733, 13, NULL, NULL),
(672, 2, 22, 28, 'GUARANTOR', NULL, 0, 1646717733, 13, NULL, NULL),
(673, 4, 23, 1, 'BORROWER', NULL, 0, 1646721912, 13, NULL, NULL),
(674, 4, 23, 2, 'BORROWER', NULL, 0, 1646721912, 13, NULL, NULL),
(675, 4, 23, 3, 'BORROWER', NULL, 0, 1646721912, 13, NULL, NULL),
(676, 4, 23, 4, 'BORROWER', NULL, 0, 1646721912, 13, NULL, NULL),
(677, 4, 23, 5, 'BORROWER', NULL, 0, 1646721912, 13, NULL, NULL),
(678, 4, 23, 6, 'BORROWER', NULL, 0, 1646721912, 13, NULL, NULL),
(679, 4, 23, 7, 'BORROWER', NULL, 0, 1646721912, 13, NULL, NULL),
(680, 4, 23, 8, 'BORROWER', NULL, 0, 1646721912, 13, NULL, NULL),
(681, 4, 23, 9, 'BORROWER', NULL, 0, 1646721912, 13, NULL, NULL),
(682, 4, 23, 10, 'BORROWER', NULL, 0, 1646721912, 13, NULL, NULL),
(683, 4, 23, 11, 'BORROWER', NULL, 0, 1646721912, 13, NULL, NULL),
(684, 4, 23, 12, 'BORROWER', NULL, 0, 1646721912, 13, NULL, NULL),
(685, 4, 23, 13, 'BORROWER', NULL, 0, 1646721912, 13, NULL, NULL),
(686, 4, 23, 14, 'BORROWER', NULL, 0, 1646721912, 13, NULL, NULL),
(687, 4, 23, 15, 'BORROWER', NULL, 0, 1646721912, 13, NULL, NULL),
(688, 4, 23, 16, 'BORROWER', NULL, 0, 1646721912, 13, NULL, NULL),
(689, 4, 23, 17, 'BORROWER', NULL, 0, 1646721912, 13, NULL, NULL),
(690, 4, 23, 18, 'BORROWER', NULL, 0, 1646721912, 13, NULL, NULL),
(691, 4, 23, 19, 'BORROWER', NULL, 0, 1646721912, 13, NULL, NULL),
(692, 4, 23, 20, 'BORROWER', NULL, 0, 1646721912, 13, NULL, NULL),
(693, 4, 23, 21, 'BORROWER', NULL, 0, 1646721912, 13, NULL, NULL),
(694, 4, 23, 22, 'GUARANTOR', NULL, 0, 1646721912, 13, NULL, NULL),
(695, 4, 23, 23, 'GUARANTOR', NULL, 0, 1646721912, 13, NULL, NULL),
(696, 4, 23, 24, 'GUARANTOR', NULL, 0, 1646721912, 13, NULL, NULL),
(697, 4, 23, 25, 'GUARANTOR', NULL, 0, 1646721912, 13, NULL, NULL),
(698, 4, 23, 26, 'GUARANTOR', NULL, 0, 1646721912, 13, NULL, NULL),
(699, 4, 23, 27, 'GUARANTOR', NULL, 0, 1646721912, 13, NULL, NULL),
(700, 4, 23, 28, 'GUARANTOR', NULL, 0, 1646721912, 13, NULL, NULL),
(701, 3, 24, 1, 'BORROWER', NULL, 0, 1646817293, 13, NULL, NULL),
(702, 3, 24, 2, 'BORROWER', NULL, 0, 1646817293, 13, NULL, NULL),
(703, 3, 24, 3, 'BORROWER', NULL, 0, 1646817293, 13, NULL, NULL),
(704, 3, 24, 4, 'BORROWER', NULL, 0, 1646817293, 13, NULL, NULL),
(705, 3, 24, 5, 'BORROWER', NULL, 0, 1646817293, 13, NULL, NULL),
(706, 3, 24, 6, 'BORROWER', NULL, 0, 1646817293, 13, NULL, NULL),
(707, 3, 24, 7, 'BORROWER', NULL, 0, 1646817293, 13, NULL, NULL),
(708, 3, 24, 8, 'BORROWER', NULL, 0, 1646817293, 13, NULL, NULL),
(709, 3, 24, 9, 'BORROWER', NULL, 0, 1646817293, 13, NULL, NULL),
(710, 3, 24, 10, 'BORROWER', NULL, 0, 1646817293, 13, NULL, NULL),
(711, 3, 24, 11, 'BORROWER', NULL, 0, 1646817293, 13, NULL, NULL),
(712, 3, 24, 12, 'BORROWER', NULL, 0, 1646817293, 13, NULL, NULL),
(713, 3, 24, 13, 'BORROWER', NULL, 0, 1646817293, 13, NULL, NULL),
(714, 3, 24, 14, 'BORROWER', NULL, 0, 1646817293, 13, NULL, NULL),
(715, 3, 24, 15, 'BORROWER', NULL, 0, 1646817293, 13, NULL, NULL),
(716, 3, 24, 16, 'BORROWER', NULL, 0, 1646817293, 13, NULL, NULL),
(717, 3, 24, 17, 'BORROWER', NULL, 0, 1646817293, 13, NULL, NULL),
(718, 3, 24, 18, 'BORROWER', NULL, 0, 1646817293, 13, NULL, NULL),
(719, 3, 24, 19, 'BORROWER', NULL, 0, 1646817293, 13, NULL, NULL),
(720, 3, 24, 20, 'BORROWER', NULL, 0, 1646817293, 13, NULL, NULL),
(721, 3, 24, 21, 'BORROWER', NULL, 0, 1646817293, 13, NULL, NULL),
(722, 3, 24, 22, 'GUARANTOR', NULL, 0, 1646817293, 13, NULL, NULL),
(723, 3, 24, 23, 'GUARANTOR', NULL, 0, 1646817293, 13, NULL, NULL),
(724, 3, 24, 24, 'GUARANTOR', NULL, 0, 1646817293, 13, NULL, NULL),
(725, 3, 24, 25, 'GUARANTOR', NULL, 0, 1646817293, 13, NULL, NULL),
(726, 3, 24, 26, 'GUARANTOR', NULL, 0, 1646817293, 13, NULL, NULL),
(727, 3, 24, 27, 'GUARANTOR', NULL, 0, 1646817293, 13, NULL, NULL),
(728, 3, 24, 28, 'GUARANTOR', NULL, 0, 1646817293, 13, NULL, NULL),
(729, 4, 25, 1, 'BORROWER', NULL, 0, 1646819749, 13, NULL, NULL),
(730, 4, 25, 2, 'BORROWER', NULL, 0, 1646819749, 13, NULL, NULL),
(731, 4, 25, 3, 'BORROWER', NULL, 0, 1646819749, 13, NULL, NULL),
(732, 4, 25, 4, 'BORROWER', NULL, 0, 1646819749, 13, NULL, NULL),
(733, 4, 25, 5, 'BORROWER', NULL, 0, 1646819749, 13, NULL, NULL),
(734, 4, 25, 6, 'BORROWER', NULL, 0, 1646819749, 13, NULL, NULL),
(735, 4, 25, 7, 'BORROWER', NULL, 0, 1646819749, 13, NULL, NULL),
(736, 4, 25, 8, 'BORROWER', NULL, 0, 1646819749, 13, NULL, NULL),
(737, 4, 25, 9, 'BORROWER', NULL, 0, 1646819749, 13, NULL, NULL),
(738, 4, 25, 10, 'BORROWER', NULL, 0, 1646819749, 13, NULL, NULL),
(739, 4, 25, 11, 'BORROWER', NULL, 0, 1646819749, 13, NULL, NULL),
(740, 4, 25, 12, 'BORROWER', NULL, 0, 1646819749, 13, NULL, NULL),
(741, 4, 25, 13, 'BORROWER', NULL, 0, 1646819749, 13, NULL, NULL),
(742, 4, 25, 14, 'BORROWER', NULL, 0, 1646819749, 13, NULL, NULL),
(743, 4, 25, 15, 'BORROWER', NULL, 0, 1646819749, 13, NULL, NULL),
(744, 4, 25, 16, 'BORROWER', NULL, 0, 1646819749, 13, NULL, NULL),
(745, 4, 25, 17, 'BORROWER', NULL, 0, 1646819749, 13, NULL, NULL),
(746, 4, 25, 18, 'BORROWER', NULL, 0, 1646819749, 13, NULL, NULL),
(747, 4, 25, 19, 'BORROWER', NULL, 0, 1646819749, 13, NULL, NULL),
(748, 4, 25, 20, 'BORROWER', NULL, 0, 1646819749, 13, NULL, NULL),
(749, 4, 25, 21, 'BORROWER', NULL, 0, 1646819749, 13, NULL, NULL),
(750, 4, 25, 22, 'GUARANTOR', NULL, 0, 1646819749, 13, NULL, NULL),
(751, 4, 25, 23, 'GUARANTOR', NULL, 0, 1646819749, 13, NULL, NULL),
(752, 4, 25, 24, 'GUARANTOR', NULL, 0, 1646819749, 13, NULL, NULL),
(753, 4, 25, 25, 'GUARANTOR', NULL, 0, 1646819749, 13, NULL, NULL),
(754, 4, 25, 26, 'GUARANTOR', NULL, 0, 1646819749, 13, NULL, NULL),
(755, 4, 25, 27, 'GUARANTOR', NULL, 0, 1646819749, 13, NULL, NULL),
(756, 4, 25, 28, 'GUARANTOR', NULL, 0, 1646819749, 13, NULL, NULL),
(757, 2, 26, 1, 'BORROWER', NULL, 0, 1646821112, 13, NULL, NULL),
(758, 2, 26, 2, 'BORROWER', NULL, 0, 1646821112, 13, NULL, NULL),
(759, 2, 26, 3, 'BORROWER', NULL, 0, 1646821112, 13, NULL, NULL),
(760, 2, 26, 4, 'BORROWER', NULL, 0, 1646821112, 13, NULL, NULL),
(761, 2, 26, 5, 'BORROWER', NULL, 0, 1646821112, 13, NULL, NULL),
(762, 2, 26, 6, 'BORROWER', NULL, 0, 1646821112, 13, NULL, NULL),
(763, 2, 26, 7, 'BORROWER', NULL, 0, 1646821112, 13, NULL, NULL),
(764, 2, 26, 8, 'BORROWER', NULL, 0, 1646821112, 13, NULL, NULL),
(765, 2, 26, 9, 'BORROWER', NULL, 0, 1646821112, 13, NULL, NULL),
(766, 2, 26, 10, 'BORROWER', NULL, 0, 1646821112, 13, NULL, NULL);
INSERT INTO `borrower_check_list` (`id`, `client_id`, `loan_id`, `requirement_id`, `category`, `rate`, `status`, `created_at`, `created_by`, `updated_at`, `updated_by`) VALUES
(767, 2, 26, 11, 'BORROWER', NULL, 0, 1646821112, 13, NULL, NULL),
(768, 2, 26, 12, 'BORROWER', NULL, 0, 1646821112, 13, NULL, NULL),
(769, 2, 26, 13, 'BORROWER', NULL, 0, 1646821112, 13, NULL, NULL),
(770, 2, 26, 14, 'BORROWER', NULL, 0, 1646821112, 13, NULL, NULL),
(771, 2, 26, 15, 'BORROWER', NULL, 0, 1646821112, 13, NULL, NULL),
(772, 2, 26, 16, 'BORROWER', NULL, 0, 1646821112, 13, NULL, NULL),
(773, 2, 26, 17, 'BORROWER', NULL, 0, 1646821112, 13, NULL, NULL),
(774, 2, 26, 18, 'BORROWER', NULL, 0, 1646821112, 13, NULL, NULL),
(775, 2, 26, 19, 'BORROWER', NULL, 0, 1646821112, 13, NULL, NULL),
(776, 2, 26, 20, 'BORROWER', NULL, 0, 1646821112, 13, NULL, NULL),
(777, 2, 26, 21, 'BORROWER', NULL, 0, 1646821112, 13, NULL, NULL),
(778, 2, 26, 22, 'GUARANTOR', NULL, 0, 1646821112, 13, NULL, NULL),
(779, 2, 26, 23, 'GUARANTOR', NULL, 0, 1646821112, 13, NULL, NULL),
(780, 2, 26, 24, 'GUARANTOR', NULL, 0, 1646821112, 13, NULL, NULL),
(781, 2, 26, 25, 'GUARANTOR', NULL, 0, 1646821112, 13, NULL, NULL),
(782, 2, 26, 26, 'GUARANTOR', NULL, 0, 1646821112, 13, NULL, NULL),
(783, 2, 26, 27, 'GUARANTOR', NULL, 0, 1646821112, 13, NULL, NULL),
(784, 2, 26, 28, 'GUARANTOR', NULL, 0, 1646821112, 13, NULL, NULL),
(785, 108, 29, 1, 'BORROWER', NULL, 0, 1647798557, 21, NULL, NULL),
(786, 108, 29, 2, 'BORROWER', NULL, 0, 1647798557, 21, NULL, NULL),
(787, 108, 29, 3, 'BORROWER', NULL, 0, 1647798557, 21, NULL, NULL),
(788, 108, 29, 4, 'BORROWER', NULL, 0, 1647798557, 21, NULL, NULL),
(789, 108, 29, 5, 'BORROWER', NULL, 0, 1647798557, 21, NULL, NULL),
(790, 108, 29, 6, 'BORROWER', NULL, 0, 1647798557, 21, NULL, NULL),
(791, 108, 29, 7, 'BORROWER', NULL, 0, 1647798557, 21, NULL, NULL),
(792, 108, 29, 8, 'BORROWER', NULL, 0, 1647798557, 21, NULL, NULL),
(793, 108, 29, 9, 'BORROWER', NULL, 0, 1647798557, 21, NULL, NULL),
(794, 108, 29, 10, 'BORROWER', NULL, 0, 1647798557, 21, NULL, NULL),
(795, 108, 29, 11, 'BORROWER', NULL, 0, 1647798557, 21, NULL, NULL),
(796, 108, 29, 12, 'BORROWER', NULL, 0, 1647798557, 21, NULL, NULL),
(797, 108, 29, 13, 'BORROWER', NULL, 0, 1647798557, 21, NULL, NULL),
(798, 108, 29, 14, 'BORROWER', NULL, 0, 1647798557, 21, NULL, NULL),
(799, 108, 29, 15, 'BORROWER', NULL, 0, 1647798557, 21, NULL, NULL),
(800, 108, 29, 16, 'BORROWER', NULL, 0, 1647798557, 21, NULL, NULL),
(801, 108, 29, 17, 'BORROWER', NULL, 0, 1647798557, 21, NULL, NULL),
(802, 108, 29, 18, 'BORROWER', NULL, 0, 1647798557, 21, NULL, NULL),
(803, 108, 29, 19, 'BORROWER', NULL, 0, 1647798557, 21, NULL, NULL),
(804, 108, 29, 20, 'BORROWER', NULL, 0, 1647798557, 21, NULL, NULL),
(805, 108, 29, 21, 'BORROWER', NULL, 0, 1647798557, 21, NULL, NULL),
(806, 108, 29, 22, 'GUARANTOR', NULL, 0, 1647798557, 21, NULL, NULL),
(807, 108, 29, 23, 'GUARANTOR', NULL, 0, 1647798557, 21, NULL, NULL),
(808, 108, 29, 24, 'GUARANTOR', NULL, 0, 1647798557, 21, NULL, NULL),
(809, 108, 29, 25, 'GUARANTOR', NULL, 0, 1647798557, 21, NULL, NULL),
(810, 108, 29, 26, 'GUARANTOR', NULL, 0, 1647798557, 21, NULL, NULL),
(811, 108, 29, 27, 'GUARANTOR', NULL, 0, 1647798557, 21, NULL, NULL),
(812, 108, 29, 28, 'GUARANTOR', NULL, 0, 1647798557, 21, NULL, NULL),
(813, 105, 28, 1, 'BORROWER', NULL, 0, 1647922367, 13, NULL, NULL),
(814, 105, 28, 2, 'BORROWER', NULL, 0, 1647922367, 13, NULL, NULL),
(815, 105, 28, 3, 'BORROWER', NULL, 0, 1647922367, 13, NULL, NULL),
(816, 105, 28, 4, 'BORROWER', NULL, 0, 1647922367, 13, NULL, NULL),
(817, 105, 28, 5, 'BORROWER', NULL, 0, 1647922367, 13, NULL, NULL),
(818, 105, 28, 6, 'BORROWER', NULL, 0, 1647922367, 13, NULL, NULL),
(819, 105, 28, 7, 'BORROWER', NULL, 0, 1647922367, 13, NULL, NULL),
(820, 105, 28, 8, 'BORROWER', NULL, 0, 1647922367, 13, NULL, NULL),
(821, 105, 28, 9, 'BORROWER', NULL, 0, 1647922367, 13, NULL, NULL),
(822, 105, 28, 10, 'BORROWER', NULL, 0, 1647922367, 13, NULL, NULL),
(823, 105, 28, 11, 'BORROWER', NULL, 0, 1647922367, 13, NULL, NULL),
(824, 105, 28, 12, 'BORROWER', NULL, 0, 1647922367, 13, NULL, NULL),
(825, 105, 28, 13, 'BORROWER', NULL, 0, 1647922367, 13, NULL, NULL),
(826, 105, 28, 14, 'BORROWER', NULL, 0, 1647922367, 13, NULL, NULL),
(827, 105, 28, 15, 'BORROWER', NULL, 0, 1647922367, 13, NULL, NULL),
(828, 105, 28, 16, 'BORROWER', NULL, 0, 1647922367, 13, NULL, NULL),
(829, 105, 28, 17, 'BORROWER', NULL, 0, 1647922367, 13, NULL, NULL),
(830, 105, 28, 18, 'BORROWER', NULL, 0, 1647922367, 13, NULL, NULL),
(831, 105, 28, 19, 'BORROWER', NULL, 0, 1647922367, 13, NULL, NULL),
(832, 105, 28, 20, 'BORROWER', NULL, 0, 1647922367, 13, NULL, NULL),
(833, 105, 28, 21, 'BORROWER', NULL, 0, 1647922367, 13, NULL, NULL),
(834, 105, 28, 22, 'GUARANTOR', NULL, 0, 1647922367, 13, NULL, NULL),
(835, 105, 28, 23, 'GUARANTOR', NULL, 0, 1647922367, 13, NULL, NULL),
(836, 105, 28, 24, 'GUARANTOR', NULL, 0, 1647922367, 13, NULL, NULL),
(837, 105, 28, 25, 'GUARANTOR', NULL, 0, 1647922367, 13, NULL, NULL),
(838, 105, 28, 26, 'GUARANTOR', NULL, 0, 1647922367, 13, NULL, NULL),
(839, 105, 28, 27, 'GUARANTOR', NULL, 0, 1647922367, 13, NULL, NULL),
(840, 105, 28, 28, 'GUARANTOR', NULL, 0, 1647922367, 13, NULL, NULL),
(841, 108, 30, 1, 'BORROWER', 'Yes', 1, 1648204584, 13, 1648208277, 13),
(842, 108, 30, 2, 'BORROWER', NULL, 0, 1648204584, 13, NULL, NULL),
(843, 108, 30, 3, 'BORROWER', NULL, 0, 1648204584, 13, NULL, NULL),
(844, 108, 30, 4, 'BORROWER', NULL, 0, 1648204584, 13, NULL, NULL),
(845, 108, 30, 5, 'BORROWER', NULL, 0, 1648204584, 13, NULL, NULL),
(846, 108, 30, 6, 'BORROWER', NULL, 0, 1648204584, 13, NULL, NULL),
(847, 108, 30, 7, 'BORROWER', NULL, 0, 1648204584, 13, NULL, NULL),
(848, 108, 30, 8, 'BORROWER', NULL, 0, 1648204584, 13, NULL, NULL),
(849, 108, 30, 9, 'BORROWER', NULL, 0, 1648204584, 13, NULL, NULL),
(850, 108, 30, 10, 'BORROWER', NULL, 0, 1648204584, 13, NULL, NULL),
(851, 108, 30, 11, 'BORROWER', NULL, 0, 1648204584, 13, NULL, NULL),
(852, 108, 30, 12, 'BORROWER', NULL, 0, 1648204584, 13, NULL, NULL),
(853, 108, 30, 13, 'BORROWER', NULL, 0, 1648204584, 13, NULL, NULL),
(854, 108, 30, 14, 'BORROWER', NULL, 0, 1648204584, 13, NULL, NULL),
(855, 108, 30, 15, 'BORROWER', NULL, 0, 1648204584, 13, NULL, NULL),
(856, 108, 30, 16, 'BORROWER', NULL, 0, 1648204584, 13, NULL, NULL),
(857, 108, 30, 17, 'BORROWER', NULL, 0, 1648204584, 13, NULL, NULL),
(858, 108, 30, 18, 'BORROWER', NULL, 0, 1648204584, 13, NULL, NULL),
(859, 108, 30, 19, 'BORROWER', NULL, 0, 1648204584, 13, NULL, NULL),
(860, 108, 30, 20, 'BORROWER', NULL, 0, 1648204584, 13, NULL, NULL),
(861, 108, 30, 21, 'BORROWER', NULL, 0, 1648204584, 13, NULL, NULL),
(862, 108, 30, 22, 'GUARANTOR', NULL, 0, 1648204584, 13, NULL, NULL),
(863, 108, 30, 23, 'GUARANTOR', NULL, 0, 1648204584, 13, NULL, NULL),
(864, 108, 30, 24, 'GUARANTOR', NULL, 0, 1648204584, 13, NULL, NULL),
(865, 108, 30, 25, 'GUARANTOR', NULL, 0, 1648204584, 13, NULL, NULL),
(866, 108, 30, 26, 'GUARANTOR', NULL, 0, 1648204584, 13, NULL, NULL),
(867, 108, 30, 27, 'GUARANTOR', NULL, 0, 1648204584, 13, NULL, NULL),
(868, 108, 30, 28, 'GUARANTOR', NULL, 0, 1648204584, 13, NULL, NULL),
(869, 7, 93, 1, 'BORROWER', NULL, 0, 1651316695, 15, NULL, NULL),
(870, 7, 93, 2, 'BORROWER', NULL, 0, 1651316695, 15, NULL, NULL),
(871, 7, 93, 3, 'BORROWER', NULL, 0, 1651316695, 15, NULL, NULL),
(872, 7, 93, 4, 'BORROWER', NULL, 0, 1651316695, 15, NULL, NULL),
(873, 7, 93, 5, 'BORROWER', NULL, 0, 1651316695, 15, NULL, NULL),
(874, 7, 93, 6, 'BORROWER', NULL, 0, 1651316695, 15, NULL, NULL),
(875, 7, 93, 7, 'BORROWER', NULL, 0, 1651316695, 15, NULL, NULL),
(876, 7, 93, 8, 'BORROWER', NULL, 0, 1651316695, 15, NULL, NULL),
(877, 7, 93, 9, 'BORROWER', NULL, 0, 1651316695, 15, NULL, NULL),
(878, 7, 93, 10, 'BORROWER', NULL, 0, 1651316695, 15, NULL, NULL),
(879, 7, 93, 11, 'BORROWER', NULL, 0, 1651316695, 15, NULL, NULL),
(880, 7, 93, 12, 'BORROWER', NULL, 0, 1651316695, 15, NULL, NULL),
(881, 7, 93, 13, 'BORROWER', NULL, 0, 1651316695, 15, NULL, NULL),
(882, 7, 93, 14, 'BORROWER', NULL, 0, 1651316695, 15, NULL, NULL),
(883, 7, 93, 15, 'BORROWER', NULL, 0, 1651316695, 15, NULL, NULL),
(884, 7, 93, 16, 'BORROWER', NULL, 0, 1651316695, 15, NULL, NULL),
(885, 7, 93, 17, 'BORROWER', NULL, 0, 1651316695, 15, NULL, NULL),
(886, 7, 93, 18, 'BORROWER', NULL, 0, 1651316695, 15, NULL, NULL),
(887, 7, 93, 19, 'BORROWER', NULL, 0, 1651316695, 15, NULL, NULL),
(888, 7, 93, 20, 'BORROWER', NULL, 0, 1651316695, 15, NULL, NULL),
(889, 7, 93, 21, 'BORROWER', NULL, 0, 1651316695, 15, NULL, NULL),
(890, 7, 93, 22, 'GUARANTOR', NULL, 0, 1651316695, 15, NULL, NULL),
(891, 7, 93, 23, 'GUARANTOR', NULL, 0, 1651316695, 15, NULL, NULL),
(892, 7, 93, 24, 'GUARANTOR', NULL, 0, 1651316695, 15, NULL, NULL),
(893, 7, 93, 25, 'GUARANTOR', NULL, 0, 1651316695, 15, NULL, NULL),
(894, 7, 93, 26, 'GUARANTOR', NULL, 0, 1651316695, 15, NULL, NULL),
(895, 7, 93, 27, 'GUARANTOR', NULL, 0, 1651316695, 15, NULL, NULL),
(896, 7, 93, 28, 'GUARANTOR', NULL, 0, 1651316695, 15, NULL, NULL),
(897, 2, 94, 1, 'BORROWER', NULL, 0, 1652450113, 15, NULL, NULL),
(898, 2, 94, 2, 'BORROWER', NULL, 0, 1652450113, 15, NULL, NULL),
(899, 2, 94, 3, 'BORROWER', NULL, 0, 1652450113, 15, NULL, NULL),
(900, 2, 94, 4, 'BORROWER', NULL, 0, 1652450113, 15, NULL, NULL),
(901, 2, 94, 5, 'BORROWER', NULL, 0, 1652450113, 15, NULL, NULL),
(902, 2, 94, 6, 'BORROWER', NULL, 0, 1652450113, 15, NULL, NULL),
(903, 2, 94, 7, 'BORROWER', NULL, 0, 1652450113, 15, NULL, NULL),
(904, 2, 94, 8, 'BORROWER', NULL, 0, 1652450113, 15, NULL, NULL),
(905, 2, 94, 9, 'BORROWER', NULL, 0, 1652450113, 15, NULL, NULL),
(906, 2, 94, 10, 'BORROWER', NULL, 0, 1652450113, 15, NULL, NULL),
(907, 2, 94, 11, 'BORROWER', NULL, 0, 1652450113, 15, NULL, NULL),
(908, 2, 94, 12, 'BORROWER', NULL, 0, 1652450113, 15, NULL, NULL),
(909, 2, 94, 13, 'BORROWER', NULL, 0, 1652450113, 15, NULL, NULL),
(910, 2, 94, 14, 'BORROWER', NULL, 0, 1652450113, 15, NULL, NULL),
(911, 2, 94, 15, 'BORROWER', NULL, 0, 1652450113, 15, NULL, NULL),
(912, 2, 94, 16, 'BORROWER', NULL, 0, 1652450113, 15, NULL, NULL),
(913, 2, 94, 17, 'BORROWER', NULL, 0, 1652450113, 15, NULL, NULL),
(914, 2, 94, 18, 'BORROWER', NULL, 0, 1652450113, 15, NULL, NULL),
(915, 2, 94, 19, 'BORROWER', NULL, 0, 1652450113, 15, NULL, NULL),
(916, 2, 94, 20, 'BORROWER', NULL, 0, 1652450113, 15, NULL, NULL),
(917, 2, 94, 21, 'BORROWER', NULL, 0, 1652450113, 15, NULL, NULL),
(918, 2, 94, 22, 'GUARANTOR', NULL, 0, 1652450113, 15, NULL, NULL),
(919, 2, 94, 23, 'GUARANTOR', NULL, 0, 1652450113, 15, NULL, NULL),
(920, 2, 94, 24, 'GUARANTOR', NULL, 0, 1652450113, 15, NULL, NULL),
(921, 2, 94, 25, 'GUARANTOR', NULL, 0, 1652450113, 15, NULL, NULL),
(922, 2, 94, 26, 'GUARANTOR', NULL, 0, 1652450113, 15, NULL, NULL),
(923, 2, 94, 27, 'GUARANTOR', NULL, 0, 1652450113, 15, NULL, NULL),
(924, 2, 94, 28, 'GUARANTOR', NULL, 0, 1652450113, 15, NULL, NULL);

-- --------------------------------------------------------

--
-- Table structure for table `borrow_requirements`
--

CREATE TABLE `borrow_requirements` (
  `id` int(11) NOT NULL,
  `name` varchar(225) NOT NULL,
  `category` varchar(20) NOT NULL,
  `created_at` int(11) NOT NULL
) ENGINE=InnoDB DEFAULT CHARSET=utf8;

--
-- Dumping data for table `borrow_requirements`
--

INSERT INTO `borrow_requirements` (`id`, `name`, `category`, `created_at`) VALUES
(1, 'National ID/Passport', 'BORROWER', 1234567),
(2, 'Passport photos', 'BORROWER', 123456),
(3, 'Tin Number', 'BORROWER', 1234567),
(4, 'Personal cheques(depends on the value and bank)', 'BORROWER', 123456),
(5, 'Last six months bank statement(of the bank where the cheques are issued)', 'BORROWER', 1234567),
(6, 'Home visitation', 'BORROWER', 123456),
(7, 'Office visitation', 'BORROWER', 1234567),
(8, 'Mortage forms', 'BORROWER', 123456),
(9, 'Transfer forms ', 'BORROWER', 1234567),
(10, 'MOU(loan agreement)', 'BORROWER', 123456),
(11, 'Spousal consent', 'BORROWER', 1234567),
(12, 'Application', 'BORROWER', 123456),
(13, 'DP note', 'BORROWER', 1234567),
(14, 'Profile sheet', 'BORROWER', 123456),
(15, 'Letter of consent', 'BORROWER', 1234567),
(16, 'Letter of continuing security', 'BORROWER', 123456),
(17, 'Original Logbook', 'BORROWER', 1234567),
(18, 'Map to residence/Map to office', 'BORROWER', 123456),
(19, 'Handwritten acknowledgement', 'BORROWER', 1234567),
(20, 'Loan processing fee', 'BORROWER', 123456),
(21, 'Profile sheet', 'BORROWER', 123456),
(22, 'National ID/Passport', 'GUARANTOR', 1234567),
(23, 'Passport photos', 'GUARANTOR', 123456),
(24, 'Profile sheet', 'GUARANTOR', 1234567),
(25, 'Personal cheques(depends on the value and bank)', 'GUARANTOR', 123456),
(26, 'Last six months bank statement(of the bank where the cheques are issued)', 'GUARANTOR', 1234567),
(27, 'Home visitation', 'GUARANTOR', 123456),
(28, 'Guarantee form', 'GUARANTOR', 1234567);

-- --------------------------------------------------------

--
-- Table structure for table `branch`
--

CREATE TABLE `branch` (
  `id` int(11) NOT NULL,
  `name` varchar(100) NOT NULL,
  `mobile_telephone` varchar(45) NOT NULL,
  `office_telephone` varchar(45) NOT NULL,
  `address` varchar(225) NOT NULL,
  `status` int(11) DEFAULT '13',
  `created_at` int(11) NOT NULL,
  `created_by` int(11) NOT NULL,
  `updated_at` varchar(45) DEFAULT NULL,
  `updated_by` varchar(45) DEFAULT NULL
) ENGINE=InnoDB DEFAULT CHARSET=latin1;

--
-- Dumping data for table `branch`
--

INSERT INTO `branch` (`id`, `name`, `mobile_telephone`, `office_telephone`, `address`, `status`, `created_at`, `created_by`, `updated_at`, `updated_by`) VALUES
(1, 'Nakawa Branch', '07800056734', '07850000400', 'Nakawa Kampala Uganda', 1, 1625122616, 1, '', ''),
(2, 'Mbarara Branch', '03800655433', '03800655423', 'Mbarara Uganda', 1, 1625325429, 1, '', ''),
(3, 'Upper Nanguru ', '07895776543', '0990066575', 'Kampala Uganda', 1, 1625599743, 1, '', ''),
(4, 'Masaka Branch', '0759059205', '0392059205', 'Plot 28 Masaka Road.', 1, 1625649821, 1, '', ''),
(6, 'Kawempe Branch', '0759045690', '0391506730', 'Bombo Road', 1, 1626271931, 1, '', ''),
(7, 'Kawempe Branch', '0759452456', '0323102938', 'Bombo Road', 1, 1626684680, 1, '', ''),
(8, 'Kawempe Branch', '0789234560', '0321897089', 'Bombo Road', 1, 1626847222, 1, '', ''),
(9, 'Matuga Branch', '0784567093', '0394567093', 'Matuga-Kampala', 1, 1626965591, 1, NULL, NULL);

-- --------------------------------------------------------

--
-- Table structure for table `chart_of_accounts`
--

CREATE TABLE `chart_of_accounts` (
  `id` int(11) NOT NULL,
  `parent_id` int(11) DEFAULT NULL COMMENT 'Header Account Type',
  `gl_code` int(11) NOT NULL COMMENT 'General Ledger Code',
  `account_name` varchar(100) NOT NULL COMMENT 'Account Name',
  `category` varchar(100) NOT NULL COMMENT 'Header/Detail',
  `account_type` int(11) NOT NULL COMMENT 'Is it an Asset,Equity,Expense,Income or Liability?',
  `description` varchar(255) NOT NULL,
  `created_at` int(11) NOT NULL,
  `created_by` int(11) NOT NULL,
  `updated_at` int(11) DEFAULT NULL,
  `updated_by` int(11) DEFAULT NULL,
  `level` int(11) NOT NULL DEFAULT '0'
) ENGINE=InnoDB DEFAULT CHARSET=utf8;

--
-- Dumping data for table `chart_of_accounts`
--

INSERT INTO `chart_of_accounts` (`id`, `parent_id`, `gl_code`, `account_name`, `category`, `account_type`, `description`, `created_at`, `created_by`, `updated_at`, `updated_by`, `level`) VALUES
(1, 0, 10000, 'Assets', 'ROOT', 30, 'Assets', 1628754133, 9, NULL, NULL, 0),
(2, 0, 20000, 'Liabilities', 'ROOT', 34, 'Liabilities', 1628754133, 9, NULL, NULL, 0),
(3, 0, 30000, 'Capital', 'ROOT', 31, 'Equity', 1628754133, 9, NULL, NULL, 0),
(4, 0, 40000, 'Income', 'ROOT', 33, 'Revenue', 1628754133, 9, NULL, NULL, 0),
(5, 0, 50000, 'Expense', 'ROOT', 32, 'Expense', 1628754133, 9, NULL, NULL, 0),
(6, 1, 11000, 'Earning Assets', 'HEADER', 30, 'Current Asset', 1628754133, 9, NULL, NULL, 1),
(7, 6, 12000, 'Non-earning Assets', 'HEADER', 30, 'Non-earning assets', 1628754142, 9, NULL, NULL, 1),
(8, 10, 11110, 'Short Term Loans Disbursed', 'DETAIL', 30, 'Short term loans. Principal Amount disbursed', 1628754369, 10, NULL, NULL, 3),
(9, 57, 41100, 'Income from Loans', 'DETAIL', 33, 'Income earned from loans disbursed', 1630959477, 8, NULL, NULL, 2),
(10, 1, 11100, 'Gross Loan Portfolio', 'DETAIL', 30, 'Porfolio for all loans', 1631078885, 8, NULL, NULL, 2),
(11, 10, 11120, 'Medium Term Loans', 'DETAIL', 30, 'Loans for 6 months to 2yrs', 1631080327, 8, NULL, NULL, 3),
(12, 10, 11130, 'Long Term Loans', 'DETAIL', 30, 'Loans between 2-5yrs', 1631082231, 8, NULL, NULL, 3),
(13, 10, 11140, 'Special Loans', 'DETAIL', 30, 'Other loans given with special interest rates', 1631082328, 8, NULL, NULL, 3),
(14, 1, 11200, 'Allowance for loan losses', 'DETAIL', 30, 'Allowance for losses made on loans given out', 1631082866, 8, NULL, NULL, 1),
(15, 1, 13000, 'Other Non-earning assets', 'HEADER', 30, 'Non-earning assets', 1631082973, 8, NULL, NULL, 1),
(16, 14, 11210, 'Allowances for Short term loan losses', 'DETAIL', 30, 'Allowance for losses on short term loans', 1631083351, 8, NULL, NULL, 2),
(17, 14, 11220, 'Allowance for medium term loan losses', 'DETAIL', 30, 'Allowance for medium term loan losses', 1631083513, 8, NULL, NULL, 2),
(18, 14, 11230, 'Allowance for long term loan losses', 'DETAIL', 30, 'Allowance for long term loan losses', 1631083546, 8, NULL, NULL, 2),
(19, 14, 11240, 'Allowance for special loan losses', 'DETAIL', 30, 'Allowance for special loan losses', 1631083575, 8, NULL, NULL, 2),
(20, 7, 12100, 'Non-earning liquid assets', 'DETAIL', 30, 'No-earning liquid assets', 1631089521, 8, NULL, NULL, 2),
(21, 20, 12110, 'Cash in Hand', 'DETAIL', 30, 'Cash in hand', 1631090055, 8, NULL, NULL, 3),
(22, 20, 12120, 'Bank Accounts', 'DETAIL', 30, 'Bank accounts', 1631090168, 8, NULL, NULL, 3),
(23, 20, 12130, 'Mobile Money Accounts', 'DETAIL', 30, 'Mobile Money Accounts', 1631090220, 8, NULL, NULL, 3),
(24, 7, 12200, 'Interest Receiveable', 'DETAIL', 30, 'Interest receivable from loans', 1631090362, 8, NULL, NULL, 2),
(25, 24, 12210, 'Interest from Short term loans', 'DETAIL', 30, 'Interest from Short term loans', 1631090681, 8, NULL, NULL, 3),
(26, 24, 12220, 'Interest from medium term loans', 'DETAIL', 30, 'Interest from medium term loans', 1631090724, 8, NULL, NULL, 3),
(27, 24, 12230, 'Interest from long term loans', 'DETAIL', 30, 'Interest from long term loans', 1631090757, 8, NULL, NULL, 3),
(28, 24, 12240, 'Interest from special term loans', 'DETAIL', 30, 'Interest from special term loans', 1631090865, 8, NULL, NULL, 3),
(29, 15, 13100, 'Other accounts receivable', 'DETAIL', 30, 'Other accounts receivable', 1631091058, 8, NULL, NULL, 2),
(30, 15, 13200, 'Fixed Assets', 'DETAIL', 30, 'Fixed Assets', 1631091121, 8, NULL, NULL, 2),
(31, 15, 13300, 'Intangible Assets', 'DETAIL', 30, 'Intangible Assets', 1631091212, 8, NULL, NULL, 2),
(32, 30, 13210, 'Office Equipment', 'DETAIL', 30, 'Office equipment', 1631091633, 8, NULL, NULL, 3),
(33, 30, 13220, 'Computers', 'DETAIL', 30, 'Office computers', 1631091666, 8, NULL, NULL, 3),
(34, 30, 13230, 'Office Furniture', 'DETAIL', 30, 'Office furniture', 1631091700, 8, NULL, NULL, 3),
(35, 30, 13240, 'Fixtures and fittings', 'DETAIL', 30, 'Fixtures and fittings', 1631091735, 8, NULL, NULL, 3),
(36, 31, 13310, 'Computer Software', 'DETAIL', 30, 'Computer software for office use', 1631091781, 8, NULL, NULL, 3),
(37, 2, 21000, 'Interest bearing liabilities', 'HEADER', 34, 'Interest bearing liabilities', 1631092068, 8, NULL, NULL, 1),
(38, 2, 22000, 'Accrued Expenses', 'HEADER', 34, 'Expenses accrued', 1631092283, 8, NULL, NULL, 1),
(39, 2, 23000, 'Taxes Payable', 'HEADER', 34, 'Taxes payable', 1631092344, 8, NULL, NULL, 1),
(40, 37, 21100, 'Interest on Investor Deposits', 'DETAIL', 34, 'Interest paid to investors on deposits received', 1631092581, 8, NULL, NULL, 2),
(41, 38, 22010, 'Utilities payable', 'DETAIL', 34, 'Utilities payable', 1631092742, 8, NULL, NULL, 2),
(42, 38, 22020, 'Rent Payable', 'DETAIL', 34, 'Rent parable', 1631092776, 8, NULL, NULL, 2),
(43, 38, 22030, 'Professional fees payable', 'DETAIL', 34, 'Professional fees payable', 1631092806, 8, NULL, NULL, 2),
(44, 38, 22040, 'Affiliation fees payable', 'DETAIL', 34, 'Affiliation fees payable', 1631092883, 8, NULL, NULL, 2),
(45, 38, 22050, 'Petty Cash control account', 'DETAIL', 34, 'Account setting limits on available petty cash', 1631092937, 8, NULL, NULL, 2),
(46, 3, 31000, 'Shareholder capital', 'HEADER', 31, 'Member capital', 1631093134, 8, NULL, NULL, 1),
(47, 3, 32000, 'Institutional Capital', 'HEADER', 31, 'Institutional Capital', 1631099297, 8, NULL, NULL, 1),
(48, 3, 33000, 'Shareholder and Investor Deposits', 'HEADER', 31, 'Deposits by shareholdersa and investors', 1631099297, 8, NULL, NULL, 1),
(49, 48, 33010, 'Shareholder Deposits', 'DETAIL', 31, 'Deposits from company shareholders', 1631100961, 8, NULL, NULL, 2),
(50, 48, 33020, 'Investor Desposits', 'DETAIL', 31, 'Deposits from company investors', 1631101028, 8, NULL, NULL, 2),
(51, 46, 31000, 'Shareholder Shares', 'DETAIL', 31, 'Share capital of company shareholders', 1631101092, 8, NULL, NULL, 2),
(52, 47, 32010, 'Statutory & legal reserve', 'DETAIL', 31, 'Statutory & legal reserve', 1631101199, 8, NULL, NULL, 2),
(53, 47, 32020, 'Capital Reserve', 'DETAIL', 31, 'Capital Reserve', 1631101250, 8, NULL, NULL, 2),
(54, 47, 32030, 'Retained earnings (losses) from prior periods', 'DETAIL', 31, 'Retained earnings (losses) from prior periods', 1631101287, 8, NULL, NULL, 2),
(55, 47, 32040, 'Donations', 'DETAIL', 31, 'Donations', 1631101340, 8, NULL, NULL, 2),
(56, 47, 32050, 'Current period retained earnings', 'DETAIL', 31, 'Current period retained earnings', 1631101369, 8, NULL, NULL, 2),
(57, 4, 41000, 'Financial Income', 'HEADER', 33, 'Financial Income', 1631104342, 8, NULL, NULL, 1),
(58, 4, 42000, 'Non-financial income', 'HEADER', 33, 'Non-financial income', 1631104373, 8, NULL, NULL, 1),
(59, 9, 41110, 'Interest from short term loans', 'DETAIL', 33, 'Interest from short term loans', 1631104495, 8, NULL, NULL, 3),
(60, 9, 41120, 'Interest from medium term loans', 'DETAIL', 33, 'Interest from medium term loans', 1631104624, 8, NULL, NULL, 3),
(61, 9, 41130, 'Interest from long term loans', 'DETAIL', 33, 'Interest from long term loans', 1631104667, 8, NULL, NULL, 3),
(62, 9, 41140, 'Interest from special loans', 'DETAIL', 33, 'Interest from special loans', 1631104694, 8, NULL, NULL, 3),
(63, 57, 41200, 'Other income from loans', 'DETAIL', 33, 'Other income from loans other than interest', 1631104779, 8, NULL, NULL, 2),
(64, 63, 41210, 'Appraisal fees', 'DETAIL', 33, 'Appraisal fees', 1631104839, 8, NULL, NULL, 3),
(65, 63, 41220, 'Insurance on loans', 'DETAIL', 33, 'Insurance on loans', 1631104889, 8, NULL, NULL, 3),
(66, 58, 42100, 'Commissions and fees', 'DETAIL', 33, 'Commissions and fees', 1631104961, 8, NULL, NULL, 2),
(67, 66, 42110, 'Service charge/fees', 'DETAIL', 33, 'Service fees', 1631105036, 8, NULL, NULL, 3),
(68, 66, 42120, 'Statement Fees', 'DETAIL', 33, 'Fees charged for printing a loan statement', 1631105096, 8, NULL, NULL, 3),
(69, 66, 42130, 'Commission on EFT', 'DETAIL', 33, 'Commission on EFT', 1631105158, 8, NULL, NULL, 3),
(70, 66, 42140, 'Commission on Loan Transfer', 'DETAIL', 33, 'Commission on loan transfer', 1631105283, 8, NULL, NULL, 3),
(71, 66, 42150, 'Loan early settlement fees', 'DETAIL', 33, 'Early settlement fees on loans', 1631105397, 8, NULL, NULL, 3),
(72, 5, 51000, 'Financial Costs', 'HEADER', 32, 'Financial costs', 1631105631, 8, NULL, NULL, 1),
(73, 5, 52000, 'Operating Expenses', 'HEADER', 32, 'Operating expenses', 1631105663, 8, NULL, NULL, 1),
(74, 72, 51010, 'Interest on investor deposits', 'DETAIL', 32, 'Interest paid out to investors', 1631105822, 8, NULL, NULL, 2),
(75, 73, 52100, 'Salaries & Wages expense', 'DETAIL', 32, 'Expenses on salaries and wages', 1631105931, 8, NULL, NULL, 2),
(76, 73, 52200, 'Employee Benefits', 'DETAIL', 32, 'Expenses on employee benefits such as NSSF, parties, etc', 1631106113, 8, NULL, NULL, 2),
(77, 73, 52300, 'Training, education and seminars', 'DETAIL', 32, 'Trainings, education and seminars', 1631106178, 8, NULL, NULL, 2),
(78, 73, 52400, 'Other personnel expenses', 'DETAIL', 32, 'Other expenses on personnel and company staff', 1631106244, 8, NULL, NULL, 2),
(79, 39, 23010, 'Income Tax', 'DETAIL', 34, 'Income tax liable', 1631106630, 8, NULL, NULL, 2),
(80, 39, 23020, 'VAT', 'DETAIL', 34, 'VAT liable', 1631106773, 8, NULL, NULL, 2),
(81, 39, 23030, 'WHT', 'DETAIL', 34, 'With Holding Taxes', 1631106826, 8, NULL, NULL, 2),
(82, 39, 23040, 'PAYE', 'DETAIL', 34, 'PAYE', 1631106892, 8, NULL, NULL, 2),
(83, 46, 31010, 'Shareholder Contributions', 'DETAIL', 31, 'Shareholder Contributions', 1631267168, 8, NULL, NULL, 2),
(84, 29, 13120, 'Loan Appraisal Fees Receivable', 'DETAIL', 30, 'Loan Appraisal Fees Receivable', 1631270805, 8, NULL, NULL, 3),
(85, 29, 13110, 'Loan insurance fees receivable', 'DETAIL', 30, 'Loan insurance fees receivable', 1631270865, 8, NULL, NULL, 3),
(86, 29, 13160, 'Shareholder deposits Receivable', 'DETAIL', 30, 'Shareholder deposits Receivable', 1631270902, 8, NULL, NULL, 3),
(87, 29, 13130, 'Investor deposits Receivable', 'DETAIL', 30, 'Investor deposits Receivable', 1631270958, 8, NULL, NULL, 3),
(88, 29, 13150, 'Loan Early Settlement Fees Payable', 'DETAIL', 30, 'Loan Early Settlement Fees Payable', 1631271005, 8, NULL, NULL, 3),
(89, 29, 13140, 'Loan Late Payment Fees Receivable', 'DETAIL', 30, 'Loan Late Payment Fees Receivable', 1631271061, 8, NULL, NULL, 3),
(90, 6, 11300, 'Borrowers\' Account', 'DETAIL', 30, 'Account for loan borrowers', 1631609211, 8, NULL, NULL, 2),
(91, 63, 41223, 'Penalties for late payment', 'DETAIL', 33, 'Penalties for late payment of loans', 1631613206, 8, NULL, NULL, 3),
(92, 93, 24100, 'Advance loan settlements', 'DETAIL', 34, 'Excess payments (interest and principal) by borrowers', 1631614133, 8, NULL, NULL, 2),
(93, 2, 24000, 'other Liabilities', 'HEADER', 34, 'Others', 1631614551, 8, NULL, NULL, 1),
(94, 22, 12121, 'Stanbic Bank - Current Account', 'DETAIL', 30, 'Current account held in Stanbic Bank, Ntinda Branch', 1631879881, 8, NULL, NULL, 4),
(95, 22, 12122, 'DFCU Bank - Current Account', 'DETAIL', 30, 'Current Account held in DFCU, Ntinda Branch', 1631879941, 8, NULL, NULL, 4),
(96, 23, 12131, 'MTN Mobile Money', 'DETAIL', 30, 'MTN Mobile Money Collection account ', 1631880006, 8, NULL, NULL, 4),
(97, 23, 12132, 'Airtel Money Mobile Money', 'DETAIL', 30, 'Collection Account on the Airtel Account', 1631880078, 8, NULL, NULL, 4);

-- --------------------------------------------------------

--
-- Table structure for table `client`
--

CREATE TABLE `client` (
  `id` int(11) NOT NULL,
  `account_number` bigint(20) DEFAULT NULL,
  `external_id` varchar(7) DEFAULT NULL,
  `firstname` varchar(38) DEFAULT NULL,
  `lastname` varchar(38) DEFAULT NULL,
  `othername` varchar(38) DEFAULT NULL,
  `office_id` int(11) DEFAULT NULL,
  `telephone` bigint(20) DEFAULT NULL,
  `alt_telephone` bigint(11) DEFAULT NULL,
  `email` varchar(22) DEFAULT NULL,
  `nin` varchar(16) DEFAULT NULL,
  `identification_type` int(11) DEFAULT NULL,
  `is_staff_memeber` int(11) DEFAULT NULL,
  `date_of_birth` varchar(10) DEFAULT NULL,
  `gender` int(11) DEFAULT NULL,
  `marital_status` int(11) DEFAULT NULL,
  `address` varchar(42) DEFAULT NULL,
  `type_of_address` int(11) DEFAULT NULL,
  `person_scenario` varchar(20) DEFAULT NULL,
  `relationship` int(11) DEFAULT NULL,
  `related_to` int(11) DEFAULT NULL,
  `client_type` int(11) DEFAULT NULL,
  `address_type` int(11) DEFAULT NULL,
  `client_classification_status` int(11) DEFAULT NULL,
  `is_staff_member` int(11) DEFAULT NULL,
  `passport_photo` varchar(15) DEFAULT NULL,
  `status` int(11) DEFAULT NULL,
  `next_kin_status` int(11) DEFAULT NULL,
  `identification_number` varchar(255) DEFAULT NULL,
  `created_at` int(11) DEFAULT NULL,
  `created_by` int(11) DEFAULT NULL,
  `updated_at` int(11) DEFAULT NULL,
  `updated_by` int(11) DEFAULT NULL
) ENGINE=InnoDB DEFAULT CHARSET=utf8;

--
-- Dumping data for table `client`
--

INSERT INTO `client` (`id`, `account_number`, `external_id`, `firstname`, `lastname`, `othername`, `office_id`, `telephone`, `alt_telephone`, `email`, `nin`, `identification_type`, `is_staff_memeber`, `date_of_birth`, `gender`, `marital_status`, `address`, `type_of_address`, `person_scenario`, `relationship`, `related_to`, `client_type`, `address_type`, `client_classification_status`, `is_staff_member`, `passport_photo`, `status`, `next_kin_status`, `identification_number`, `created_at`, `created_by`, `updated_at`, `updated_by`) VALUES
(1, 709000000000001, '004P.S', ' MUGISHA ', 'JOVAN', NULL, NULL, 789698034, 789698034, 'mugishajovan@gmail.com', 'M91027103Y6LH', NULL, NULL, '01.12.1991', 0, 11, 'Najeera Kampala', NULL, 'CLIENT', NULL, NULL, 45, NULL, 50, 54, 'cfgfyfgyugu.jpg', 20, 20, NULL, 1632373828, 24, NULL, NULL),
(2, 709000000000002, '001P.S', 'WADIKINYI', 'SAM', NULL, NULL, 772311335, NULL, NULL, 'CM7311224M28O', NULL, NULL, '22.11.1973', 0, 11, 'Bweyogerere Kakajjo', NULL, 'CLIENT', NULL, NULL, 45, NULL, 50, 54, NULL, 19, 20, NULL, 1632373828, 24, NULL, NULL),
(3, 709000000000003, '003P.S', 'SSEMUWEMBA ', 'CISSY', NULL, NULL, 772973662, NULL, NULL, 'CF71003101EMPE', NULL, NULL, '31.03.1971', 0, 11, 'Namungoona Kampala', NULL, 'CLIENT', NULL, NULL, 45, NULL, 50, 54, NULL, 19, 20, NULL, 1632373828, 24, NULL, NULL),
(4, 709000000000004, '0010C.S', 'MUKABERA', 'ANNETTE', NULL, NULL, 772613822, NULL, NULL, 'CF73018102MYVK', NULL, NULL, '05.03.1973', 0, 11, 'Kyebando Kawempe', NULL, 'CLIENT', NULL, NULL, 45, NULL, 50, 54, NULL, 20, 20, NULL, 1632373828, 24, NULL, NULL),
(5, 709000000000005, '009C.S', 'SERUMAGA', 'MARTHA', NULL, NULL, 775831066, NULL, NULL, 'CF1002848950SE', NULL, NULL, '23.06.1989', 0, 11, 'Najeera Ntinda', NULL, 'CLIENT', NULL, NULL, 45, NULL, 50, 54, NULL, 20, 20, NULL, 1632373828, 24, NULL, NULL),
(6, 709000000000006, '004P.S', 'MUTEKANGA', 'JAQUELINE', NULL, NULL, 772442711, NULL, NULL, 'CF6800910JXD6F', NULL, NULL, '30.08.1968', 0, 11, 'Kisaasi Kampala', NULL, 'CLIENT', NULL, NULL, 45, NULL, 50, 54, NULL, 19, 20, NULL, 1632373828, 24, NULL, NULL),
(7, 709000000000007, 'OO6G', 'ACAN', 'JANET', ' FRANCES', NULL, 788920676, NULL, NULL, 'CF74078943FT4V', NULL, NULL, '07.09.1967', 0, 10, 'Mutungo zone A', NULL, 'CLIENT', NULL, NULL, 45, NULL, 50, 54, NULL, 19, 20, NULL, 1632373828, 24, NULL, NULL),
(8, 709000000000008, '007G', 'NSUBUGA', ' ANDREW', NULL, NULL, 773192384, NULL, NULL, 'CM1015230313EA', NULL, NULL, '07.04.1990', 0, 11, 'Mt Zion Hotel William Street', NULL, 'CLIENT', NULL, NULL, 45, NULL, 50, 54, NULL, 19, 20, NULL, 1632373828, 24, NULL, NULL),
(9, 709000000000009, '006P.S', 'MUBEZI', 'MOSES', NULL, NULL, 772967039, NULL, NULL, 'CM750751059REF', NULL, NULL, '10.07.1975', 0, 10, 'Jokolera Kasangati Tc', NULL, 'CLIENT', NULL, NULL, 45, NULL, 50, 54, NULL, 19, 20, NULL, 1632373828, 24, NULL, NULL),
(10, 709000000000010, '008G', 'NUWAJUNA', 'OBADIA', NULL, NULL, 81470984, NULL, NULL, 'CM901011027HCK', NULL, NULL, '27.11.1990', 0, 11, 'Kyanja Jomayi', NULL, 'CLIENT', NULL, NULL, 45, NULL, 50, 54, NULL, 20, 20, NULL, 1632373828, 24, NULL, NULL),
(11, 709000000000011, '002C.S', 'SWAGA', 'SUSAN', NULL, NULL, 787144078, NULL, NULL, 'CF83007108Y0MD', NULL, NULL, '02.02.1983', 0, 11, 'Bukoto Kampala', NULL, 'CLIENT', NULL, NULL, 45, NULL, 50, 54, NULL, 20, 20, NULL, 1632373828, 24, NULL, NULL),
(12, 709000000000012, '007P.S', 'KUMAKECH', 'JACKSON', NULL, NULL, 772894304, NULL, NULL, 'CM660871019XFA', NULL, NULL, '28.04.1966', 0, 10, 'Seeta Mukono', NULL, 'CLIENT', NULL, NULL, 45, NULL, 50, 54, NULL, 20, 20, NULL, 1632373828, 24, NULL, NULL),
(13, 709000000000013, '0010G', 'TUHABWEMUKAMA', 'STANELY', NULL, NULL, 782813777, NULL, NULL, 'CM90101105N5QE', NULL, NULL, '10.09.1990', 0, 11, 'Namasuba Pala Zone', NULL, 'CLIENT', NULL, NULL, 45, NULL, 50, 54, NULL, 20, 20, NULL, 1632373828, 24, NULL, NULL),
(14, 709000000000014, '0013G', 'YIGA', 'RICHARD', NULL, NULL, 772538259, NULL, NULL, 'CM83024101R9ME', NULL, NULL, '23.01.1983', 0, 11, 'Bweyogerer Kakajjo', NULL, 'CLIENT', NULL, NULL, 45, NULL, 50, 54, NULL, 20, 20, NULL, 1632373828, 24, NULL, NULL),
(15, 709000000000015, '008P.S', 'ASIIMWE', ' BRENDA', NULL, NULL, 706910959, NULL, NULL, 'CF83025104TW0G', NULL, NULL, '24.03.1988', 0, 11, 'Makindye Kizungu Zone', NULL, 'CLIENT', NULL, NULL, 45, NULL, 50, 54, NULL, 20, 20, NULL, 1632373828, 24, NULL, NULL),
(16, 709000000000016, '009P.S', 'ADONGO', 'JOAN', NULL, NULL, 779487250, NULL, NULL, 'CF86001101E02D', NULL, NULL, '12.06.1974', 0, 11, 'Kitiifumba Kira', NULL, 'CLIENT', NULL, NULL, 45, NULL, 50, 54, NULL, 20, 20, NULL, 1632373828, 24, NULL, NULL),
(17, 709000000000017, '0011P.S', 'OKELLO', 'DENIS', 'ONEN', NULL, 782988338, NULL, NULL, 'CM80005102AQ5C', NULL, NULL, '23.11.1978', 0, 10, 'Mutungo Nakawa Division', NULL, 'CLIENT', NULL, NULL, 45, NULL, 50, 54, NULL, 20, 20, NULL, 1632373828, 24, NULL, NULL),
(18, 709000000000018, '0015G', 'NUWEWENKA', 'AGATHA', NULL, NULL, 752732177, NULL, NULL, 'CF2704276000TDF', NULL, NULL, '08.06.1983', 0, 11, 'Victoria View Apartments Bbunga', NULL, 'CLIENT', NULL, NULL, 45, NULL, 50, 54, NULL, 20, 20, NULL, 1632373828, 24, NULL, NULL),
(19, 709000000000019, '0010P.S', 'AWORI', 'FLORENCE', NULL, NULL, 704406500, NULL, NULL, 'F640391099KEA', NULL, NULL, '25.12.1964', 0, 11, 'Mutungo Hill Natasha Road', NULL, 'CLIENT', NULL, NULL, 45, NULL, 50, 54, NULL, 20, 20, NULL, 1632373828, 24, NULL, NULL),
(20, 709000000000020, '0017G', 'ARINAITWE', 'JUDITH', NULL, NULL, 781519587, NULL, NULL, 'CF85106104CVHF', NULL, NULL, '11.11.1985', 0, 10, 'Bbunga Kampala', NULL, 'CLIENT', NULL, NULL, 45, NULL, 50, 54, NULL, 20, 20, NULL, 1632373828, 24, NULL, NULL),
(21, 709000000000021, '0019G', 'NYANZI', 'MARJORINE', 'K', NULL, 704523252, NULL, NULL, 'CF750931009HEH', NULL, NULL, '23.07.1975', 0, 10, 'Conta Africa Kamwokya', NULL, 'CLIENT', NULL, NULL, 45, NULL, 50, 54, NULL, 20, 20, NULL, 1632373828, 24, NULL, NULL),
(22, 709000000000022, '0013P.S', 'MUSINGUZI', 'RICHARD', 'BOB', NULL, 7724330681, NULL, NULL, 'CM85025101AMGF', NULL, NULL, '15.03.1985', 0, 11, 'Najeera Kampala', NULL, 'CLIENT', NULL, NULL, 45, NULL, 50, 54, NULL, 20, 20, NULL, 1632373828, 24, NULL, NULL),
(23, 709000000000023, '0021G', 'KABIRIGO', 'JAMES', NULL, NULL, 781580906, NULL, NULL, 'CM86012100ZRTE', NULL, NULL, '25.11.1986', 0, 10, 'Makindye Salaama', NULL, 'CLIENT', NULL, NULL, 45, NULL, 50, 54, NULL, 20, 20, NULL, 1632373828, 24, NULL, NULL),
(24, 709000000000024, '0014P.S', 'OWINY', 'BOSCO', 'BUISE', NULL, 773205775, NULL, NULL, 'CM77070100MKZJ', NULL, NULL, '10.05.1977', 0, 11, 'Bweyogerere Kampala', NULL, 'CLIENT', NULL, NULL, 45, NULL, 50, 54, NULL, 20, 20, NULL, 1632373828, 24, NULL, NULL),
(25, 709000000000025, '0024G', 'NAMITALA', 'CHRISTINE', 'B', NULL, 786441030, NULL, NULL, 'CF8005210QN6QK', NULL, NULL, '28.02.1980', 0, 10, 'Kazinga Bweyogerere', NULL, 'CLIENT', NULL, NULL, 45, NULL, 50, 54, NULL, 20, 20, NULL, 1632373828, 24, NULL, NULL),
(26, 709000000000026, '0034P.S', 'LWANGA', 'CHARLES', NULL, NULL, 782794302, NULL, NULL, 'CM830121028PUA', NULL, NULL, '23.09.1983', 0, 11, 'Makindye Lukuli', NULL, 'CLIENT', NULL, NULL, 45, NULL, 50, 54, NULL, 20, 20, NULL, 1632373828, 24, NULL, NULL),
(27, 709000000000027, '002G', 'MUGARURA', 'ANDREW', NULL, NULL, 783388948, NULL, NULL, 'CM880271016X4F', NULL, NULL, '03.02.1988', 0, 11, 'Kulambilo Kisasi', NULL, 'CLIENT', NULL, NULL, 45, NULL, 50, 54, NULL, 20, 20, NULL, 1632373828, 24, NULL, NULL),
(28, 709000000000028, '0026G', 'TAYEBWA', 'AARON', NULL, NULL, 774262445, NULL, NULL, 'CM8801210413LE', NULL, NULL, '18.10.1988', 0, 10, 'Kito Kira Mamerito Road', NULL, 'CLIENT', NULL, NULL, 45, NULL, 50, 54, NULL, 20, 20, NULL, 1632373828, 24, NULL, NULL),
(29, 709000000000029, '0030G', 'NASSALI', 'MOREEN', NULL, NULL, 789481244, NULL, NULL, 'CF90024103LF5G', NULL, NULL, '28.08.1990', 0, 11, 'Lungujja Kampala', NULL, 'CLIENT', NULL, NULL, 45, NULL, 50, 54, NULL, 20, 20, NULL, 1632373828, 24, NULL, NULL),
(30, 709000000000030, '0031G', 'NIWAGABA', 'GILBERT', NULL, NULL, 773506843, NULL, NULL, 'CM8011080094FD', NULL, NULL, '28.12.1988', 0, 11, 'Kyaliwajala Namugongo', NULL, 'CLIENT', NULL, NULL, 45, NULL, 50, 54, NULL, 20, 20, NULL, 1632373828, 24, NULL, NULL),
(31, 709000000000031, '0025P.S', 'NAGAWA', 'FLORENCE', NULL, NULL, 772454422, NULL, NULL, 'CF7305210DAU5G', NULL, NULL, '19.12.1973', 0, 11, 'Namugongo Kira', NULL, 'CLIENT', NULL, NULL, 45, NULL, 50, 54, NULL, 20, 20, NULL, 1632373828, 24, NULL, NULL),
(32, 709000000000032, '0024P.S', 'MWEKATSE', 'SAM', NULL, NULL, 774395457, NULL, NULL, 'CM87004100XXJE', NULL, NULL, '24.06.1987', 0, 11, 'Makerere Kikoni', NULL, 'CLIENT', NULL, NULL, 45, NULL, 50, 54, NULL, 20, 20, NULL, 1632373828, 24, NULL, NULL),
(33, 709000000000033, '0023P.S', 'KINTU', 'KIWANUKA', 'BEN', NULL, 778918151, NULL, NULL, 'CM89041100UKHF', NULL, NULL, '30.07.1989', 0, 11, 'Kibuli Kampala ', NULL, 'CLIENT', NULL, NULL, 45, NULL, 50, 54, NULL, 20, 20, NULL, 1632373828, 24, NULL, NULL),
(34, 709000000000034, '0022P.S', 'KIMONO', 'MARGRETE', NULL, NULL, 773265876, NULL, NULL, 'CF65078103YPXG', NULL, NULL, '22.12.1965', 0, 11, 'Seeta Mukono', NULL, 'CLIENT', NULL, NULL, 45, NULL, 50, 54, NULL, 20, 20, NULL, 1632373828, 24, NULL, NULL),
(35, 709000000000035, '0021P.S', 'KAWOOMA', 'RHYIMON', NULL, NULL, 702072683, NULL, NULL, 'CM8908310185WE', NULL, NULL, '03.03.1989', 0, 10, 'Kibuli Kampala ', NULL, 'CLIENT', NULL, NULL, 45, NULL, 50, 54, NULL, 20, 20, NULL, 1632373828, 24, NULL, NULL),
(36, 709000000000036, '0019P.S', 'NANYONJO', 'SLYVIA', NULL, NULL, 775441141, NULL, NULL, 'CF75032102X25C', NULL, NULL, '23.09.1975', 0, 10, 'Kavumba Wakiso', NULL, 'CLIENT', NULL, NULL, 45, NULL, 50, 54, NULL, 20, 20, NULL, 1632373828, 24, NULL, NULL),
(37, 709000000000037, '0018P.S', 'TUGIRAYEZU', 'PAUL', NULL, NULL, 782387005, NULL, NULL, 'CM770181019UUA', NULL, NULL, '31.05.1977', 0, 10, 'Kireka Zone c', NULL, 'CLIENT', NULL, NULL, 45, NULL, 50, 54, NULL, 20, 20, NULL, 1632373828, 24, NULL, NULL),
(38, 709000000000038, '0017P.S', 'KARAMAGI', 'KARAMAGI EDISON', NULL, NULL, 772322310, NULL, NULL, 'CM76541352HJKA', NULL, NULL, '21.09.1982', 0, 11, 'Mutungo Hill Natasha Road', NULL, 'CLIENT', NULL, NULL, 45, NULL, 50, 54, NULL, 20, 20, NULL, 1632373828, 24, NULL, NULL),
(39, 709000000000039, '004C.S', 'OWINO', 'OWINO ANTHONY', NULL, NULL, 703181398, NULL, NULL, 'CM770391034Z8F', NULL, NULL, '03.02.1977', 0, 11, 'Kabanyoro North Gayaza  Wakiso District', NULL, 'CLIENT', NULL, NULL, 45, NULL, 50, 54, NULL, 20, 20, NULL, 1632373828, 24, NULL, NULL),
(40, 709000000000040, '0046G', 'HASHAKAFLORENCE& HEIGHTS INTERNATIONAL', 'HASHAKAFLORENCE& HEIGHTS INTERNATIONAL', 'HASHAKAFLORENCE& HEIGHTS INTERNATIONAL', NULL, 782996126, NULL, NULL, 'CF76046102231J', NULL, NULL, '11.03.1976', 0, 11, 'Namugongo Kampala', NULL, 'CLIENT', NULL, NULL, 45, NULL, 50, 54, NULL, 20, 20, NULL, 1632373828, 24, NULL, NULL),
(41, 709000000000041, '0045G', 'KIREETWA ', 'HERBERT', NULL, NULL, 701046575, NULL, NULL, 'CM890551011MGL', NULL, NULL, '12.09.1989', 0, 11, 'Bukesa Mengo', NULL, 'CLIENT', NULL, NULL, 45, NULL, 50, 54, NULL, 20, 20, NULL, 1632373828, 24, NULL, NULL),
(42, 709000000000042, '0014C.S', 'AMPEIRE', 'LORNA', NULL, NULL, 776836969, NULL, NULL, 'CF6300910KF29D', NULL, NULL, '01.02.1963', 0, 11, 'Ashok Akright Entebbe', NULL, 'CLIENT', NULL, NULL, 45, NULL, 50, 54, NULL, 20, 20, NULL, 1632373828, 24, NULL, NULL),
(43, 709000000000043, '0044G', 'ABDULFATAH', 'WADRIFF', NULL, NULL, 772580025, NULL, NULL, 'M6903310313JH', NULL, NULL, '22.02.1969', 0, 10, 'Kyagwe Seeta Mukono', NULL, 'CLIENT', NULL, NULL, 45, NULL, 50, 54, NULL, 20, 20, NULL, 1632373828, 24, NULL, NULL),
(44, 709000000000044, '0037G', 'NASAGA', 'BULHAN', 'AKIM', NULL, 787400543, NULL, NULL, 'CM8034567213DG', NULL, NULL, '13.02.1975', 0, 10, 'Bunamwaya Ngobe', NULL, 'CLIENT', NULL, NULL, 45, NULL, 50, 54, NULL, 20, 20, NULL, 1632373828, 24, NULL, NULL),
(45, 709000000000045, '0032G', 'KYOMUGISHA', 'PASSY', NULL, NULL, 772434436, NULL, NULL, 'CF70106105G2AL', NULL, NULL, '06.04.1970', 0, 10, 'Turipati Mazima Mall Nsambya', NULL, 'CLIENT', NULL, NULL, 45, NULL, 50, 54, NULL, 20, 20, NULL, 1632373828, 24, NULL, NULL),
(46, 709000000000046, '0013C.S', 'NAISAGA ANNETTE', 'NAISAGA ANNETTE', NULL, NULL, 772699362, NULL, NULL, 'CF7605210603WL', NULL, NULL, '23.10.1976', 0, 11, 'Butabika Nakawa', NULL, 'CLIENT', NULL, NULL, 45, NULL, 50, 54, NULL, 20, 20, NULL, 1632373828, 24, NULL, NULL),
(47, 709000000000047, '001M.P', 'SSEMBATYA', 'EDWARD', ' NDAULA', NULL, 772420366, NULL, NULL, 'CM58024104HPKK', NULL, NULL, '22.02.1958', 0, 10, 'Lungujja Nateete', NULL, 'CLIENT', NULL, NULL, 45, NULL, 50, 54, NULL, 20, 20, NULL, 1632373828, 24, NULL, NULL),
(48, 709000000000048, '0038G', 'WAKIRO', 'JOSEPH', NULL, NULL, 751263003, NULL, NULL, 'CM93051106MMVD', NULL, NULL, '27.02.1993', 0, 11, 'Makindye Kizungu Zone', NULL, 'CLIENT', NULL, NULL, 45, NULL, 50, 54, NULL, 20, 20, NULL, 1632373828, 24, NULL, NULL),
(49, 709000000000049, '0048G', 'KAUMA', 'VIOLET', NULL, NULL, 703828092, NULL, NULL, 'CF7804571235YUC1', NULL, NULL, '01.05.1989', 0, 10, 'Muttico Technical Services Industrial Area', NULL, 'CLIENT', NULL, NULL, 45, NULL, 50, 54, NULL, 20, 20, NULL, 1632373828, 24, NULL, NULL),
(50, 709000000000050, '0015C.S', 'TWINAMASTIKO', 'DUCKY', NULL, NULL, 704684469, NULL, NULL, 'CM830091003C4F', NULL, NULL, '25.06.1983', 0, 10, 'Ntinda Kampala', NULL, 'CLIENT', NULL, NULL, 45, NULL, 50, 54, NULL, 20, 20, NULL, 1632373828, 24, NULL, NULL),
(51, 709000000000051, '0016C.S', 'AINEBYOONA', 'JOHNSON', NULL, NULL, 772621527, NULL, NULL, 'CM84055101TMQJ', NULL, NULL, '25.12.1984', 0, 10, 'Kyanja Kampala', NULL, 'CLIENT', NULL, NULL, 45, NULL, 50, 54, NULL, 20, 20, NULL, 1632373828, 24, NULL, NULL),
(52, 709000000000052, '0049G', 'ATIM', 'SANDRA', NULL, NULL, 779193458, NULL, NULL, 'CF88001104GYHD', NULL, NULL, '04.08.1983', 0, 10, 'Namugongo mbalwa', NULL, 'CLIENT', NULL, NULL, 45, NULL, 50, 54, NULL, 20, 20, NULL, 1632373828, 24, NULL, NULL),
(53, 709000000000053, '0053G', 'ALIU', 'MARTIN', 'LUTHER', NULL, 772491952, NULL, NULL, 'CM680381059L6L', NULL, NULL, '29.02.1968', 0, 10, 'Kamuntu Buwate Close', NULL, 'CLIENT', NULL, NULL, 45, NULL, 50, 54, NULL, 20, 20, NULL, 1632373828, 24, NULL, NULL),
(54, 709000000000054, '0052G', 'ALELE', 'JULIET', NULL, NULL, 770563263, NULL, NULL, 'CF70022105JWNA', NULL, NULL, '24.09.1970', 0, 10, 'Namugongo Kampala', NULL, 'CLIENT', NULL, NULL, 45, NULL, 50, 54, NULL, 20, 20, NULL, 1632373828, 24, NULL, NULL),
(55, 709000000000055, '0055G', 'MUCUNGUZI', 'OSWALD', NULL, NULL, 778236369, NULL, NULL, 'CM92106100G1YK', NULL, NULL, '26.11.1992', 0, 11, 'Bukoto Kampala', NULL, 'CLIENT', NULL, NULL, 45, NULL, 50, 54, NULL, 20, 20, NULL, 1632373828, 24, NULL, NULL),
(56, 709000000000056, '0020C.S', 'MWEBESE', 'ENOCK', NULL, NULL, 772641649, NULL, NULL, 'CM800341012P3A', NULL, NULL, '13.08.1975', 0, 10, 'Bujjuko Sentema Road', NULL, 'CLIENT', NULL, NULL, 45, NULL, 50, 54, NULL, 20, 20, NULL, 1632373828, 24, NULL, NULL),
(57, 709000000000057, '0059G', 'BYENKYA', 'THOMAS', NULL, NULL, 775524438, NULL, NULL, 'CM730061020XJE', NULL, NULL, '04.08.1973', 0, 10, 'Kyaliwajala Namugongo', NULL, 'CLIENT', NULL, NULL, 45, NULL, 50, 54, NULL, 20, 20, NULL, 1632373828, 24, NULL, NULL),
(58, 709000000000058, '0032P.S', 'KATO', 'WIBERFORCE', NULL, NULL, 704281228, NULL, NULL, 'CM8904531267GHY', NULL, NULL, '05.05.1984', 0, 10, 'Kiwatule Kampala', NULL, 'CLIENT', NULL, NULL, 45, NULL, 50, 54, NULL, 20, 20, NULL, 1632373828, 24, NULL, NULL),
(59, 709000000000059, '0033P.S', 'KITIMBO', 'BETTY', NULL, NULL, 774764225, NULL, NULL, 'CF820131013MKF', NULL, NULL, '28.07.1982', 0, 11, 'Kabuuma Best Junior school', NULL, 'CLIENT', NULL, NULL, 45, NULL, 50, 54, NULL, 20, 20, NULL, 1632373828, 24, NULL, NULL),
(60, 709000000000060, '0022C.S', 'ALIYINZA', 'JULIET', NULL, NULL, 772826944, NULL, NULL, 'CF77013109UL3G', NULL, NULL, '12.03.1977', 0, 11, 'Bunamwaya Ngobe', NULL, 'CLIENT', NULL, NULL, 45, NULL, 50, 54, NULL, 20, 20, NULL, 1632373828, 24, NULL, NULL),
(61, 709000000000061, '0024C.S', 'MUBIITO', 'ASAPH', NULL, NULL, 700754259, NULL, NULL, 'CM76543210GHJK', NULL, NULL, '12.03.1977', 0, 10, 'Inspectorate of Government', NULL, 'CLIENT', NULL, NULL, 45, NULL, 50, 54, NULL, 20, 20, NULL, 1632373828, 24, NULL, NULL),
(62, 709000000000062, '0061G', 'MUKUNDE', 'RONALD', NULL, NULL, 705425579, NULL, NULL, 'CM9302710F26PH', NULL, NULL, '15.08.1993', 0, 11, 'Sets Consultants International Acacia Mall', NULL, 'CLIENT', NULL, NULL, 45, NULL, 50, 54, NULL, 20, 20, NULL, 1632373828, 24, NULL, NULL),
(63, 709000000000063, '0026.S', 'NAMAKOYE', 'ESTHER', NULL, NULL, 703651947, NULL, NULL, 'CF83026107G3JK', NULL, NULL, '22.12.1983', 0, 10, 'Kasangati Wakiso', NULL, 'CLIENT', NULL, NULL, 45, NULL, 50, 54, NULL, 20, 20, NULL, 1632373828, 24, NULL, NULL),
(64, 709000000000064, '0062G', 'KAGGWA', 'ANTHONY', NULL, NULL, 782434472, NULL, NULL, 'CM74052102G54D', NULL, NULL, '02.11.1974', 0, 11, 'Bbunga Kampala', NULL, 'CLIENT', NULL, NULL, 45, NULL, 50, 54, NULL, 20, 20, NULL, 1632373828, 24, NULL, NULL),
(65, 709000000000065, '0028C.S', 'NANYONGA', 'ANNET', NULL, NULL, 782818926, NULL, NULL, 'CF74024103PEKJ', NULL, NULL, '12.06.1974', 0, 10, 'Kito Kira Kampala', NULL, 'CLIENT', NULL, NULL, 45, NULL, 50, 54, NULL, 20, 20, NULL, 1632373828, 24, NULL, NULL),
(66, 709000000000066, '0066G', 'AIJUKA', 'NICHOLAS', NULL, NULL, 778600932, NULL, NULL, 'CM9500410060CJ', NULL, NULL, '02.04.1987', 0, 11, 'Novia House Makerere Kikoni', NULL, 'CLIENT', NULL, NULL, 45, NULL, 50, 54, NULL, 20, 20, NULL, 1632373828, 24, NULL, NULL),
(67, 709000000000067, '0067G', 'OKWIR', 'YOVINO', 'GIFT', NULL, 702522217, NULL, NULL, 'CM92022100W6KF', NULL, NULL, '15.09.1992', 0, 11, 'Nkurumah Road', NULL, 'CLIENT', NULL, NULL, 45, NULL, 50, 54, NULL, 20, 20, NULL, 1632373828, 24, NULL, NULL),
(68, 709000000000068, '0068G', 'LUYIMA', 'PATRICK', NULL, NULL, 774080778, NULL, NULL, 'CM860231036W1F', NULL, NULL, '24.09.1986', 0, 11, 'St Posiano Salaam road', NULL, 'CLIENT', NULL, NULL, 45, NULL, 50, 54, NULL, 20, 20, NULL, 1632373828, 24, NULL, NULL),
(69, 709000000000069, '0071G', 'KAGOYA', 'FATUMA', NULL, NULL, 702729012, NULL, NULL, 'CF8900710J041H', NULL, NULL, '17.06.1989', 0, 11, 'Kyanja Kisasi', NULL, 'CLIENT', NULL, NULL, 45, NULL, 50, 54, NULL, 20, 20, NULL, 1632373828, 24, NULL, NULL),
(70, 709000000000070, '0031C.S', 'TAHABA', 'GRAHAM', NULL, NULL, 703544842, NULL, NULL, 'CM93065105ZZXA', NULL, NULL, '18.08.1993', 0, 11, 'UNRA Port bell road Nakawa', NULL, 'CLIENT', NULL, NULL, 45, NULL, 50, 54, NULL, 20, 20, NULL, 1632373828, 24, NULL, NULL),
(71, 709000000000071, '0034C.S', 'OKOL', 'GEORGE', NULL, NULL, 740230230, NULL, NULL, 'CM63097104JXXJ', NULL, NULL, '24.04.1963', 0, 10, 'Kweka Zoned Kampala', NULL, 'CLIENT', NULL, NULL, 45, NULL, 50, 54, NULL, 20, 20, NULL, 1632373828, 24, NULL, NULL),
(72, 709000000000072, '0035C.S', 'NANZIRA', 'KETTY', NULL, NULL, 774195348, NULL, NULL, 'CF750721018Z4L', NULL, NULL, '19.08.1975', 0, 11, 'Parliamentary Avenue', NULL, 'CLIENT', NULL, NULL, 45, NULL, 50, 54, NULL, 20, 20, NULL, 1632373828, 24, NULL, NULL),
(73, 709000000000073, '0036C.S', 'ZEBIHA', 'ABBAS', NULL, NULL, 772540542, NULL, NULL, 'CM640461012PVK', NULL, NULL, '24.12.1964', 0, 10, 'Kito A Valley rise Madela Stadium', NULL, 'CLIENT', NULL, NULL, 45, NULL, 50, 54, NULL, 20, 20, NULL, 1632373828, 24, NULL, NULL),
(74, 709000000000074, '0074G', 'ADENGO', 'SOPHIA', NULL, NULL, 754588698, NULL, NULL, 'CF74002102Z94J', NULL, NULL, '18.02.1974', 0, 11, 'Kulungu Gaba Kampala', NULL, 'CLIENT', NULL, NULL, 45, NULL, 50, 54, NULL, 20, 20, NULL, 1632373828, 24, NULL, NULL),
(75, 709000000000075, '0037C.S', 'ANGUPALE', 'ANIMU', NULL, NULL, 752377522, NULL, NULL, 'CF7500210ED9LC', NULL, NULL, '04.04.1975', 0, 11, 'Kagoma Kampala', NULL, 'CLIENT', NULL, NULL, 45, NULL, 50, 54, NULL, 20, 20, NULL, 1632373828, 24, NULL, NULL),
(76, 709000000000076, '0076G', 'RUKUNDO', 'STELLA', NULL, NULL, 752156720, NULL, NULL, 'CF81018109XLWC', NULL, NULL, '23.06.1981', 0, 11, 'Bukonte Rubaga', NULL, 'CLIENT', NULL, NULL, 45, NULL, 50, 54, NULL, 20, 20, NULL, 1632373828, 24, NULL, NULL),
(77, 709000000000077, '0038C.S', 'MWONDHA', 'LILLIAN', NULL, NULL, 777913007, NULL, NULL, 'CF60072100RNPK', NULL, NULL, '14.10.1960', 0, 10, 'Kira Municipality Bulina Plaza', NULL, 'CLIENT', NULL, NULL, 45, NULL, 50, 54, NULL, 20, 20, NULL, 1632373828, 24, NULL, NULL),
(78, 709000000000078, '0079G', 'MUKISA', 'DANIEL', NULL, NULL, 706525830, NULL, NULL, 'CM94042102ONNG', NULL, NULL, '29.01.1994', 0, 11, 'Naalya Kampala', NULL, 'CLIENT', NULL, NULL, 45, NULL, 50, 54, NULL, 20, 20, NULL, 1632373828, 24, NULL, NULL),
(79, 709000000000079, '0039C.S', 'TUKEI', 'SOPHIE', NULL, NULL, 775306607, NULL, NULL, 'CF750671006GED', NULL, NULL, '14.11.1986', 0, 10, 'Kubiiri Mukono', NULL, 'CLIENT', NULL, NULL, 45, NULL, 50, 54, NULL, 20, 20, NULL, 1632373828, 24, NULL, NULL),
(80, 709000000000080, '0044C.S', 'AFEKU', 'STEPHEN', NULL, NULL, 783849751, NULL, NULL, 'CM80002103216G', NULL, NULL, '12.12.1980', 0, 10, 'Kawempe Ttula', NULL, 'CLIENT', NULL, NULL, 45, NULL, 50, 54, NULL, 20, 20, NULL, 1632373828, 24, NULL, NULL),
(81, 709000000000081, '0082G', 'MUWATA', 'YAHAYA', NULL, NULL, 701498959, NULL, NULL, 'CM7801310993MG', NULL, NULL, '25.05.1978', 0, 10, 'Kiwempe Sankara Konge Zone', NULL, 'CLIENT', NULL, NULL, 45, NULL, 50, 54, NULL, 20, 20, NULL, 1632373828, 24, NULL, NULL),
(82, 709000000000082, '0042C.S', 'OPOLOT', 'OPIO', 'KAROLI', NULL, 772631081, NULL, NULL, 'CM690351025IRXX', NULL, NULL, '02.10.1955', 0, 10, 'Seeta Kigunga Mukono', NULL, 'CLIENT', NULL, NULL, 45, NULL, 50, 54, NULL, 20, 20, NULL, 1632373828, 24, NULL, NULL),
(83, 709000000000083, '0043C.S', 'NUWAGIRA', 'HILARY', NULL, NULL, 772394207, NULL, NULL, 'CCM81062102E21E', NULL, NULL, '15.11.1981', 0, 10, 'Wamala  Nasana Municipality', NULL, 'CLIENT', NULL, NULL, 45, NULL, 50, 54, NULL, 20, 20, NULL, 1632373828, 24, NULL, NULL),
(84, 709000000000084, '0037P.S', 'ADONGO', 'ALICE', NULL, NULL, 774775422, NULL, NULL, 'CF800097101RCWD', NULL, NULL, '27.08.1980', 0, 11, 'Kulambiro Kampala', NULL, 'CLIENT', NULL, NULL, 45, NULL, 50, 54, NULL, 20, 20, NULL, 1632373828, 24, NULL, NULL),
(85, 709000000000085, '0046C.S', 'SSENYONDWA', 'PETER', NULL, NULL, 702434787, NULL, NULL, 'CM68023154RFST', NULL, NULL, '09.07.1989', 0, 10, 'Kamsamga Wheeling Zone', NULL, 'CLIENT', NULL, NULL, 45, NULL, 50, 54, NULL, 20, 20, NULL, 1632373828, 24, NULL, NULL),
(86, 709000000000086, '0047C.S', 'MUGISHA', 'ROBERT', NULL, NULL, 774382381, NULL, NULL, 'CM81061105FL1L', NULL, NULL, '11.11.1981', 0, 10, 'Canan Estate Takajunge Mukono', NULL, 'CLIENT', NULL, NULL, 45, NULL, 50, 54, NULL, 20, 20, NULL, 1632373828, 24, NULL, NULL),
(87, 709000000000087, '0048C.S', 'AZIKU', 'HILLARY', NULL, NULL, 752327935, NULL, NULL, 'CM84002103APQC', NULL, NULL, '08.11.1984', 0, 10, 'Kisaasi Kampala', NULL, 'CLIENT', NULL, NULL, 45, NULL, 50, 54, NULL, 20, 20, NULL, 1632373828, 24, NULL, NULL),
(88, 709000000000088, '0049C.S', 'OKORI', 'DENNIS', NULL, NULL, 778912920, NULL, NULL, 'CM94005101W60F', NULL, NULL, '13.09.1994', 0, 10, 'Katakwi District', NULL, 'CLIENT', NULL, NULL, 45, NULL, 50, 54, NULL, 20, 20, NULL, 1632373828, 24, NULL, NULL),
(89, 709000000000089, '0049C.S', 'KHISA', 'GODWIN', NULL, NULL, 771840081, NULL, NULL, 'CM80067103CVLC', NULL, NULL, '27.05.1980', 0, 10, 'Kayunga Mukono', NULL, 'CLIENT', NULL, NULL, 45, NULL, 50, 54, NULL, 20, 20, NULL, 1632373828, 24, NULL, NULL),
(90, 709000000000090, '0050C.S', 'OGULEI', 'PATRICK', NULL, NULL, 774264646, NULL, NULL, 'CM73067104KZHK', NULL, NULL, '01.04.1973', 0, 10, 'Parliamentary Avenue', NULL, 'CLIENT', NULL, NULL, 45, NULL, 50, 54, NULL, 20, 20, NULL, 1632373828, 24, NULL, NULL),
(91, 709000000000091, '0052C.S', 'NABACHWA', 'VIVIAN', NULL, NULL, 784573169, NULL, NULL, 'CM0009959983RD', NULL, NULL, '12.04.1991', 0, 10, 'Najjanankumbi', NULL, 'CLIENT', NULL, NULL, 45, NULL, 50, 54, NULL, 20, 20, NULL, 1632373828, 24, NULL, NULL),
(92, 709000000000092, '0080G', 'TUMWIJUKYE', 'JOSEPH', NULL, NULL, 701241221, NULL, NULL, 'CM84027100JFXE', NULL, NULL, '13.05.1984', 0, 11, 'Kito Kira', NULL, 'CLIENT', NULL, NULL, 45, NULL, 50, 54, NULL, 20, 20, NULL, 1632373828, 24, NULL, NULL),
(93, 709000000000092, '004P.S', 'Kabirigo', 'James', NULL, NULL, 705190658, 789698034, 'mugishajovan@gmail.com', 'M91027103Y6LH', NULL, NULL, '01.12.1991', 0, 11, 'Najeera Kampala', NULL, 'NEXTOFKIN', NULL, 1, 45, NULL, 50, 54, 'cfgfyfgyugu.jpg', 20, 20, NULL, 1632373828, 24, NULL, NULL),
(94, 709000000000093, '001P.S', 'Karamagi', 'Edison', NULL, NULL, 772322310, NULL, NULL, 'CM7311224M28O', NULL, NULL, '22.11.1973', 0, 11, 'Bweyogerere Kakajjo', NULL, 'NEXTOFKIN', NULL, 2, 45, NULL, 50, 54, NULL, 20, 20, NULL, 1632373828, 24, NULL, NULL),
(95, 709000000000094, '003P.S', 'Timugibwa', 'Sarah', NULL, NULL, 706121355, NULL, NULL, 'CF71003101EMPE', NULL, NULL, '31.03.1971', 0, 11, 'Namungoona Kampala', NULL, 'NEXTOFKIN', NULL, 3, 45, NULL, 50, 54, NULL, 20, 20, NULL, 1632373828, 24, NULL, NULL),
(96, 709000000000095, '0010C.S', 'Najjuma', 'Faridah', NULL, NULL, 772399913, NULL, NULL, 'CF73018102MYVK', NULL, NULL, '05.03.1973', 0, 11, 'Kyebando Kawempe', NULL, 'NEXTOFKIN', NULL, 4, 45, NULL, 50, 54, NULL, 20, 20, NULL, 1632373828, 24, NULL, NULL),
(97, 709000000000096, '009C.S', 'Natukunda', 'Patience', NULL, NULL, 782893229, NULL, NULL, 'CF1002848950SE', NULL, NULL, '23.06.1989', 0, 11, 'Najeera Ntinda', NULL, 'NEXTOFKIN', NULL, 5, 45, NULL, 50, 54, NULL, 20, 20, NULL, 1632373828, 24, NULL, NULL),
(98, 709000000000097, '004P.S', 'Mutekanga', 'Karungi', 'Melisa', NULL, 783472607, NULL, NULL, 'CF6800910JXD6F', NULL, NULL, '30.08.1968', 0, 11, 'Kisaasi Kampala', NULL, 'NEXTOFKIN', NULL, 6, 45, NULL, 50, 54, NULL, 20, 20, NULL, 1632373828, 24, NULL, NULL),
(99, 709000000000098, 'OO6G', 'Komakeche', 'Emmanuel', NULL, NULL, 772396113, NULL, NULL, 'CF74078943FT4V', NULL, NULL, '07.09.1967', 0, 10, 'Mutungo zone A', NULL, 'NEXTOFKIN', NULL, 7, 45, NULL, 50, 54, NULL, 20, 20, NULL, 1632373828, 24, NULL, NULL),
(100, 709000000000099, '007G', 'Wakiro', 'Joseph', NULL, NULL, 751263003, NULL, NULL, 'CM1015230313EA', NULL, NULL, '07.04.1990', 0, 11, 'Mt Zion Hotel William Street', NULL, 'NEXTOFKIN', NULL, 8, 45, NULL, 50, 54, NULL, 20, 20, NULL, 1632373828, 24, NULL, NULL),
(101, 709000000000100, '006P.S', 'Ssetuba', 'Robert', NULL, NULL, 703514108, NULL, NULL, 'CM750751059REF', NULL, NULL, '10.07.1975', 0, 10, 'Jokolera Kasangati Tc', NULL, 'NEXTOFKIN', NULL, 9, 45, NULL, 50, 54, NULL, 20, 20, NULL, 1632373828, 24, NULL, NULL),
(102, 709000000000101, '008G', 'Mugisha', 'Jovan', NULL, NULL, 789698034, NULL, NULL, 'CM901011027HCK', NULL, NULL, '27.11.1990', 0, 11, 'Kyanja Jomayi', NULL, 'NEXTOFKIN', NULL, 10, 45, NULL, 50, 54, NULL, 20, 20, NULL, 1632373828, 24, NULL, NULL),
(103, 709000000000102, '002C.S', 'Asimwe', 'Brenda', NULL, NULL, 782951815, NULL, NULL, 'CF83007108Y0MD', NULL, NULL, '02.02.1983', 0, 11, 'Bukoto Kampala', NULL, 'NEXTOFKIN', NULL, 11, 45, NULL, 50, 54, NULL, 20, 20, NULL, 1632373828, 24, NULL, NULL),
(104, 709000000000103, '007P.S', 'Jawiyambe', 'Modeto', NULL, NULL, 778260241, NULL, NULL, 'CM660871019XFA', NULL, NULL, '28.04.1966', 0, 10, 'Seeta Mukono', NULL, 'NEXTOFKIN', NULL, 12, 45, NULL, 50, 54, NULL, 20, 20, NULL, 1632373828, 24, NULL, NULL),
(105, 709000000000104, '0010G', 'Nabweteme', 'Jovia', NULL, NULL, 754234765, NULL, NULL, 'CM90101105N5QE', NULL, NULL, '10.09.1990', 0, 11, 'Namasuba Pala Zone', NULL, 'NEXTOFKIN', NULL, 13, 45, NULL, 50, 54, NULL, 20, 20, NULL, 1632373828, 24, NULL, NULL),
(106, 709000000000105, '0013G', 'Nayiga', 'Jolly', 'Agness', NULL, 703068053, NULL, NULL, 'CM83024101R9ME', NULL, NULL, '23.01.1983', 0, 11, 'Bweyogerer Kakajjo', NULL, 'NEXTOFKIN', NULL, 14, 45, NULL, 50, 54, NULL, 20, 20, NULL, 1632373828, 24, NULL, NULL),
(107, 709000000000106, '008P.S', 'Lwanga', 'Charlse', NULL, NULL, 782794302, NULL, NULL, 'CF83025104TW0G', NULL, NULL, '24.03.1988', 0, 11, 'Makindye Kizungu Zone', NULL, 'NEXTOFKIN', NULL, 15, 45, NULL, 50, 54, NULL, 20, 20, NULL, 1632373828, 24, NULL, NULL),
(108, 709000000000107, '009P.S', 'Musinguzi', 'Richard', 'Bob', NULL, 772430681, NULL, NULL, 'CF86001101E02D', NULL, NULL, '12.06.1974', 0, 11, 'Kitiifumba Kira', NULL, 'NEXTOFKIN', NULL, 16, 45, NULL, 50, 54, NULL, 20, 20, NULL, 1632373828, 24, NULL, NULL),
(109, 709000000000108, '0011P.S', 'Achiii', 'Josephine', NULL, NULL, 773205775, NULL, NULL, 'CM80005102AQ5C', NULL, NULL, '23.11.1978', 0, 10, 'Mutungo Nakawa Division', NULL, 'NEXTOFKIN', NULL, 17, 45, NULL, 50, 54, NULL, 20, 20, NULL, 1632373828, 24, NULL, NULL),
(110, 709000000000109, '0015G', 'Kireetwa', 'Herbert', NULL, NULL, 701046575, NULL, NULL, 'CF2704276000TDF', NULL, NULL, '08.06.1983', 0, 11, 'Victoria View Apartments Bbunga', NULL, 'NEXTOFKIN', NULL, 18, 45, NULL, 50, 54, NULL, 20, 20, NULL, 1632373828, 24, NULL, NULL),
(111, 709000000000110, '0010P.S', 'Ocheing', 'Tefro', 'Brian', NULL, 776900209, NULL, NULL, 'F640391099KEA', NULL, NULL, '25.12.1964', 0, 11, 'Mutungo Hill Natasha Road', NULL, 'NEXTOFKIN', NULL, 19, 45, NULL, 50, 54, NULL, 20, 20, NULL, 1632373828, 24, NULL, NULL),
(112, 709000000000111, '0017G', 'Silingi', 'Israel', NULL, NULL, 772855787, NULL, NULL, 'CF85106104CVHF', NULL, NULL, '11.11.1985', 0, 10, 'Bbunga Kampala', NULL, 'NEXTOFKIN', NULL, 20, 45, NULL, 50, 54, NULL, 20, 20, NULL, 1632373828, 24, NULL, NULL),
(113, 709000000000112, '0019G', 'Ssentamu', 'Fred', NULL, NULL, 702809148, NULL, NULL, 'CF750931009HEH', NULL, NULL, '23.07.1975', 0, 10, 'Conta Africa Kamwokya', NULL, 'NEXTOFKIN', NULL, 21, 45, NULL, 50, 54, NULL, 20, 20, NULL, 1632373828, 24, NULL, NULL),
(114, 709000000000113, '0013P.S', 'SebrineBusinge', 'Ajuna', NULL, NULL, 785949146, NULL, NULL, 'CM85025101AMGF', NULL, NULL, '15.03.1985', 0, 11, 'Najeera Kampala', NULL, 'NEXTOFKIN', NULL, 22, 45, NULL, 50, 54, NULL, 20, 20, NULL, 1632373828, 24, NULL, NULL),
(115, 709000000000114, '0021G', 'Wabubeya', 'Lydia', NULL, NULL, 781580906, NULL, NULL, 'CM86012100ZRTE', NULL, NULL, '25.11.1986', 0, 10, 'Makindye Salaama', NULL, 'NEXTOFKIN', NULL, 23, 45, NULL, 50, 54, NULL, 20, 20, NULL, 1632373828, 24, NULL, NULL),
(116, 709000000000115, '0014P.S', 'Mirs', 'Margret', NULL, NULL, 702364441, NULL, NULL, 'CM77070100MKZJ', NULL, NULL, '10.05.1977', 0, 11, 'Bweyogerere Kampala', NULL, 'NEXTOFKIN', NULL, 24, 45, NULL, 50, 54, NULL, 20, 20, NULL, 1632373828, 24, NULL, NULL),
(117, 709000000000116, '0024G', 'Nanunji', 'Jackie', NULL, NULL, 782606244, NULL, NULL, 'CF8005210QN6QK', NULL, NULL, '28.02.1980', 0, 10, 'Kazinga Bweyogerere', NULL, 'NEXTOFKIN', NULL, 25, 45, NULL, 50, 54, NULL, 20, 20, NULL, 1632373828, 24, NULL, NULL),
(118, 709000000000117, '0034P.S', 'Nansubuga', 'Victoria', NULL, NULL, 751612193, NULL, NULL, 'CM830121028PUA', NULL, NULL, '23.09.1983', 0, 11, 'Makindye Lukuli', NULL, 'NEXTOFKIN', NULL, 26, 45, NULL, 50, 54, NULL, 20, 20, NULL, 1632373828, 24, NULL, NULL),
(119, 709000000000118, '002G', 'Mugabe', 'Deus', NULL, NULL, 789726268, NULL, NULL, 'CM880271016X4F', NULL, NULL, '03.02.1988', 0, 11, 'Kulambilo Kisasi', NULL, 'NEXTOFKIN', NULL, 27, 45, NULL, 50, 54, NULL, 20, 20, NULL, 1632373828, 24, NULL, NULL),
(120, 709000000000119, '0026G', 'Namanya', 'Brenda', NULL, NULL, 774262445, NULL, NULL, 'CM8801210413LE', NULL, NULL, '18.10.1988', 0, 10, 'Kito Kira Mamerito Road', NULL, 'NEXTOFKIN', NULL, 28, 45, NULL, 50, 54, NULL, 20, 20, NULL, 1632373828, 24, NULL, NULL),
(121, 709000000000120, '0030G', 'Niwagaba', 'Gilbert', NULL, NULL, 704256528, NULL, NULL, 'CF90024103LF5G', NULL, NULL, '28.08.1990', 0, 11, 'Lungujja Kampala', NULL, 'NEXTOFKIN', NULL, 29, 45, NULL, 50, 54, NULL, 20, 20, NULL, 1632373828, 24, NULL, NULL),
(122, 709000000000121, '0031G', 'Lunkuse', 'Racheal', NULL, NULL, 788336875, NULL, NULL, 'CM8011080094FD', NULL, NULL, '28.12.1988', 0, 11, 'Kyaliwajala Namugongo', NULL, 'NEXTOFKIN', NULL, 30, 45, NULL, 50, 54, NULL, 20, 20, NULL, 1632373828, 24, NULL, NULL),
(123, 709000000000122, '0025P.S', 'Nanyunja', 'Harriet', NULL, NULL, 772457461, NULL, NULL, 'CF7305210DAU5G', NULL, NULL, '19.12.1973', 0, 11, 'Namugongo Kira', NULL, 'NEXTOFKIN', NULL, 31, 45, NULL, 50, 54, NULL, 20, 20, NULL, 1632373828, 24, NULL, NULL),
(124, 709000000000123, '0024P.S', 'Karamagi', 'Edison', NULL, NULL, 772322310, NULL, NULL, 'CM87004100XXJE', NULL, NULL, '24.06.1987', 0, 11, 'Makerere Kikoni', NULL, 'NEXTOFKIN', NULL, 32, 45, NULL, 50, 54, NULL, 20, 20, NULL, 1632373828, 24, NULL, NULL),
(125, 709000000000124, '0023P.S', 'Mbazila', 'Frank', NULL, NULL, 703669733, NULL, NULL, 'CM89041100UKHF', NULL, NULL, '30.07.1989', 0, 11, 'Kibuli Kampala ', NULL, 'NEXTOFKIN', NULL, 33, 45, NULL, 50, 54, NULL, 20, 20, NULL, 1632373828, 24, NULL, NULL),
(126, 709000000000125, '0022P.S', 'Betty', 'Alenga', NULL, NULL, 773265876, NULL, NULL, 'CF65078103YPXG', NULL, NULL, '22.12.1965', 0, 11, 'Seeta Mukono', NULL, 'NEXTOFKIN', NULL, 34, 45, NULL, 50, 54, NULL, 20, 20, NULL, 1632373828, 24, NULL, NULL),
(127, 709000000000126, '0021P.S', 'Abenoya', 'Brenda', NULL, NULL, 775518055, NULL, NULL, 'CM8908310185WE', NULL, NULL, '03.03.1989', 0, 10, 'Kibuli Kampala ', NULL, 'NEXTOFKIN', NULL, 35, 45, NULL, 50, 54, NULL, 20, 20, NULL, 1632373828, 24, NULL, NULL),
(128, 709000000000127, '0019P.S', 'Kagimu', 'William', NULL, NULL, 702441141, NULL, NULL, 'CF75032102X25C', NULL, NULL, '23.09.1975', 0, 10, 'Kavumba Wakiso', NULL, 'NEXTOFKIN', NULL, 36, 45, NULL, 50, 54, NULL, 20, 20, NULL, 1632373828, 24, NULL, NULL),
(129, 709000000000128, '0018P.S', 'Kukunda', 'Barbra', NULL, NULL, 782387005, NULL, NULL, 'CM770181019UUA', NULL, NULL, '31.05.1977', 0, 10, 'Kireka Zone c', NULL, 'NEXTOFKIN', NULL, 37, 45, NULL, 50, 54, NULL, 20, 20, NULL, 1632373828, 24, NULL, NULL),
(130, 709000000000129, '0017P.S', 'Owino', 'Anthony', NULL, NULL, 703181398, NULL, NULL, 'CM76541352HJKA', NULL, NULL, '21.09.1982', 0, 11, 'Mutungo Hill Natasha Road', NULL, 'NEXTOFKIN', NULL, 38, 45, NULL, 50, 54, NULL, 20, 20, NULL, 1632373828, 24, NULL, NULL),
(131, 709000000000130, '004C.S', 'Karamagi', 'Edison', NULL, NULL, 772322310, NULL, NULL, 'CM770391034Z8F', NULL, NULL, '03.02.1977', 0, 11, 'Kabanyoro North Gayaza  Wakiso District', NULL, 'NEXTOFKIN', NULL, 39, 45, NULL, 50, 54, NULL, 20, 20, NULL, 1632373828, 24, NULL, NULL),
(132, 709000000000131, '0046G', 'Nyakato', 'Juliet', NULL, NULL, 773386569, NULL, NULL, 'CF76046102231J', NULL, NULL, '11.03.1976', 0, 11, 'Namugongo Kampala', NULL, 'NEXTOFKIN', NULL, 40, 45, NULL, 50, 54, NULL, 20, 20, NULL, 1632373828, 24, NULL, NULL),
(133, 709000000000132, '0045G', 'Tumwebaze', 'Elias', NULL, NULL, 704809189, NULL, NULL, 'CM890551011MGL', NULL, NULL, '12.09.1989', 0, 11, 'Bukesa Mengo', NULL, 'NEXTOFKIN', NULL, 41, 45, NULL, 50, 54, NULL, 20, 20, NULL, 1632373828, 24, NULL, NULL),
(134, 709000000000133, '0014C.S', 'Lauretta', 'Tusiime', NULL, NULL, 712836969, NULL, NULL, 'CF6300910KF29D', NULL, NULL, '01.02.1963', 0, 11, 'Ashok Akright Entebbe', NULL, 'NEXTOFKIN', NULL, 42, 45, NULL, 50, 54, NULL, 20, 20, NULL, 1632373828, 24, NULL, NULL),
(135, 709000000000134, '0044G', 'Akech', 'Mariam', NULL, NULL, 772821133, NULL, NULL, 'M6903310313JH', NULL, NULL, '22.02.1969', 0, 10, 'Kyagwe Seeta Mukono', NULL, 'NEXTOFKIN', NULL, 43, 45, NULL, 50, 54, NULL, 20, 20, NULL, 1632373828, 24, NULL, NULL),
(136, 709000000000135, '0037G', 'Babirye', 'Alice', NULL, NULL, 771899655, NULL, NULL, 'CM8034567213DG', NULL, NULL, '13.02.1975', 0, 10, 'Bunamwaya Ngobe', NULL, 'NEXTOFKIN', NULL, 44, 45, NULL, 50, 54, NULL, 20, 20, NULL, 1632373828, 24, NULL, NULL),
(137, 709000000000136, '0032G', 'Birungi', 'Dick', NULL, NULL, 701022593, NULL, NULL, 'CF70106105G2AL', NULL, NULL, '06.04.1970', 0, 10, 'Turipati Mazima Mall Nsambya', NULL, 'NEXTOFKIN', NULL, 45, 45, NULL, 50, 54, NULL, 20, 20, NULL, 1632373828, 24, NULL, NULL),
(138, 709000000000137, '0013C.S', 'Kasinga', 'Edith', NULL, NULL, 772517658, NULL, NULL, 'CF7605210603WL', NULL, NULL, '23.10.1976', 0, 11, 'Butabika Nakawa', NULL, 'NEXTOFKIN', NULL, 46, 45, NULL, 50, 54, NULL, 20, 20, NULL, 1632373828, 24, NULL, NULL),
(139, 709000000000138, '001M.P', 'Sembatya', 'Deborah', NULL, NULL, 704501295, NULL, NULL, 'CM58024104HPKK', NULL, NULL, '22.02.1958', 0, 10, 'Lungujja Nateete', NULL, 'NEXTOFKIN', NULL, 47, 45, NULL, 50, 54, NULL, 20, 20, NULL, 1632373828, 24, NULL, NULL),
(140, 709000000000139, '0038G', 'Mugwanya', 'Fred', NULL, NULL, 702043909, NULL, NULL, 'CM93051106MMVD', NULL, NULL, '27.02.1993', 0, 11, 'Makindye Kizungu Zone', NULL, 'NEXTOFKIN', NULL, 48, 45, NULL, 50, 54, NULL, 20, 20, NULL, 1632373828, 24, NULL, NULL),
(141, 709000000000140, '0048G', 'Mubiru', 'Ivan', 'Grace', NULL, 785055382, NULL, NULL, 'CF7804571235YUC1', NULL, NULL, '01.05.1989', 0, 10, 'Muttico Technical Services Industrial Area', NULL, 'NEXTOFKIN', NULL, 49, 45, NULL, 50, 54, NULL, 20, 20, NULL, 1632373828, 24, NULL, NULL),
(142, 709000000000141, '0015C.S', 'Sapiri', 'Oliver', NULL, NULL, 702457132, NULL, NULL, 'CM830091003C4F', NULL, NULL, '25.06.1983', 0, 10, 'Ntinda Kampala', NULL, 'NEXTOFKIN', NULL, 50, 45, NULL, 50, 54, NULL, 20, 20, NULL, 1632373828, 24, NULL, NULL),
(143, 709000000000142, '0016C.S', 'Ainebyoona', 'Juliet', NULL, NULL, 775315511, NULL, NULL, 'CM84055101TMQJ', NULL, NULL, '25.12.1984', 0, 10, 'Kyanja Kampala', NULL, 'NEXTOFKIN', NULL, 51, 45, NULL, 50, 54, NULL, 20, 20, NULL, 1632373828, 24, NULL, NULL),
(144, 709000000000143, '0049G', 'Egwor', 'Annet', NULL, NULL, 772303168, NULL, NULL, 'CF88001104GYHD', NULL, NULL, '04.08.1983', 0, 10, 'Namugongo mbalwa', NULL, 'NEXTOFKIN', NULL, 52, 45, NULL, 50, 54, NULL, 20, 20, NULL, 1632373828, 24, NULL, NULL),
(145, 709000000000144, '0053G', 'Kauma', 'Aliu', 'Slyvia', NULL, 712770330, NULL, NULL, 'CM680381059L6L', NULL, NULL, '29.02.1968', 0, 10, 'Kamuntu Buwate Close', NULL, 'NEXTOFKIN', NULL, 53, 45, NULL, 50, 54, NULL, 20, 20, NULL, 1632373828, 24, NULL, NULL),
(146, 709000000000145, '0052G', 'Jack', 'Kiiza', NULL, NULL, 773678161, NULL, NULL, 'CF70022105JWNA', NULL, NULL, '24.09.1970', 0, 10, 'Namugongo Kampala', NULL, 'NEXTOFKIN', NULL, 54, 45, NULL, 50, 54, NULL, 20, 20, NULL, 1632373828, 24, NULL, NULL),
(147, 709000000000146, '0055G', 'Karwani', 'Lawrence', NULL, NULL, 773914840, NULL, NULL, 'CM92106100G1YK', NULL, NULL, '26.11.1992', 0, 11, 'Bukoto Kampala', NULL, 'NEXTOFKIN', NULL, 55, 45, NULL, 50, 54, NULL, 20, 20, NULL, 1632373828, 24, NULL, NULL),
(148, 709000000000147, '0020C.S', 'Judith', 'Asiimwe', NULL, NULL, 758065916, NULL, NULL, 'CM800341012P3A', NULL, NULL, '13.08.1975', 0, 10, 'Bujjuko Sentema Road', NULL, 'NEXTOFKIN', NULL, 56, 45, NULL, 50, 54, NULL, 20, 20, NULL, 1632373828, 24, NULL, NULL),
(149, 709000000000148, '0059G', 'Brenda', 'Nabagereka', NULL, NULL, 784771364, NULL, NULL, 'CM730061020XJE', NULL, NULL, '04.08.1973', 0, 10, 'Kyaliwajala Namugongo', NULL, 'NEXTOFKIN', NULL, 57, 45, NULL, 50, 54, NULL, 20, 20, NULL, 1632373828, 24, NULL, NULL),
(150, 709000000000149, '0032P.S', 'Busingye', 'Sabrine', NULL, NULL, 785949146, NULL, NULL, 'CM8904531267GHY', NULL, NULL, '05.05.1984', 0, 10, 'Kiwatule Kampala', NULL, 'NEXTOFKIN', NULL, 58, 45, NULL, 50, 54, NULL, 20, 20, NULL, 1632373828, 24, NULL, NULL),
(151, 709000000000150, '0033P.S', 'Naisanga', 'Joan', NULL, NULL, 705097789, NULL, NULL, 'CF820131013MKF', NULL, NULL, '28.07.1982', 0, 11, 'Kabuuma Best Junior school', NULL, 'NEXTOFKIN', NULL, 59, 45, NULL, 50, 54, NULL, 20, 20, NULL, 1632373828, 24, NULL, NULL),
(152, 709000000000151, '0022C.S', 'Kisakye', 'Violet', NULL, NULL, 772691428, NULL, NULL, 'CF77013109UL3G', NULL, NULL, '12.03.1977', 0, 11, 'Bunamwaya Ngobe', NULL, 'NEXTOFKIN', NULL, 60, 45, NULL, 50, 54, NULL, 20, 20, NULL, 1632373828, 24, NULL, NULL),
(153, 709000000000152, '0024C.S', 'Namuganza', 'Regina', NULL, NULL, 753350296, NULL, NULL, 'CM76543210GHJK', NULL, NULL, '12.03.1977', 0, 10, 'Inspectorate of Government', NULL, 'NEXTOFKIN', NULL, 61, 45, NULL, 50, 54, NULL, 20, 20, NULL, 1632373828, 24, NULL, NULL),
(154, 709000000000153, '0061G', 'Mumanye', 'Ronald', NULL, NULL, 778834867, NULL, NULL, 'CM9302710F26PH', NULL, NULL, '15.08.1993', 0, 11, 'Sets Consultants International Acacia Mall', NULL, 'NEXTOFKIN', NULL, 62, 45, NULL, 50, 54, NULL, 20, 20, NULL, 1632373828, 24, NULL, NULL),
(155, 709000000000154, '0026.S', 'Mugula', 'Allan', NULL, NULL, 752432746, NULL, NULL, 'CF83026107G3JK', NULL, NULL, '22.12.1983', 0, 10, 'Kasangati Wakiso', NULL, 'NEXTOFKIN', NULL, 63, 45, NULL, 50, 54, NULL, 20, 20, NULL, 1632373828, 24, NULL, NULL),
(156, 709000000000155, '0062G', 'Bob', 'DavisTwesigye', NULL, NULL, 752123927, NULL, NULL, 'CM74052102G54D', NULL, NULL, '02.11.1974', 0, 11, 'Bbunga Kampala', NULL, 'NEXTOFKIN', NULL, 64, 45, NULL, 50, 54, NULL, 20, 20, NULL, 1632373828, 24, NULL, NULL),
(157, 709000000000156, '0028C.S', 'Mukiibi', 'Bosco', NULL, NULL, 701666657, NULL, NULL, 'CF74024103PEKJ', NULL, NULL, '12.06.1974', 0, 10, 'Kito Kira Kampala', NULL, 'NEXTOFKIN', NULL, 65, 45, NULL, 50, 54, NULL, 20, 20, NULL, 1632373828, 24, NULL, NULL),
(158, 709000000000157, '0066G', 'Kwesiga', 'Evvadio', NULL, NULL, 705961413, NULL, NULL, 'CM9500410060CJ', NULL, NULL, '02.04.1987', 0, 11, 'Novia House Makerere Kikoni', NULL, 'NEXTOFKIN', NULL, 66, 45, NULL, 50, 54, NULL, 20, 20, NULL, 1632373828, 24, NULL, NULL),
(159, 709000000000158, '0067G', 'Ankunda', 'Amelia', NULL, NULL, 755637432, NULL, NULL, 'CM92022100W6KF', NULL, NULL, '15.09.1992', 0, 11, 'Nkurumah Road', NULL, 'NEXTOFKIN', NULL, 67, 45, NULL, 50, 54, NULL, 20, 20, NULL, 1632373828, 24, NULL, NULL),
(160, 709000000000159, '0068G', 'Nalima', 'Charlse', NULL, NULL, 700792522, NULL, NULL, 'CM860231036W1F', NULL, NULL, '24.09.1986', 0, 11, 'St Posiano Salaam road', NULL, 'NEXTOFKIN', NULL, 68, 45, NULL, 50, 54, NULL, 20, 20, NULL, 1632373828, 24, NULL, NULL),
(161, 709000000000160, '0071G', 'Isiiko', 'Shamimu', NULL, NULL, 700506449, NULL, NULL, 'CF8900710J041H', NULL, NULL, '17.06.1989', 0, 11, 'Kyanja Kisasi', NULL, 'NEXTOFKIN', NULL, 69, 45, NULL, 50, 54, NULL, 20, 20, NULL, 1632373828, 24, NULL, NULL),
(162, 709000000000161, '0031C.S', 'Gwendoline', 'Atuheirwe', NULL, NULL, 703544837, NULL, NULL, 'CM93065105ZZXA', NULL, NULL, '18.08.1993', 0, 11, 'UNRA Port bell road Nakawa', NULL, 'NEXTOFKIN', NULL, 70, 45, NULL, 50, 54, NULL, 20, 20, NULL, 1632373828, 24, NULL, NULL),
(163, 709000000000162, '0034C.S', 'Auju', 'Cecillia', NULL, NULL, 757045670, NULL, NULL, 'CM63097104JXXJ', NULL, NULL, '24.04.1963', 0, 10, 'Kweka Zoned Kampala', NULL, 'NEXTOFKIN', NULL, 71, 45, NULL, 50, 54, NULL, 20, 20, NULL, 1632373828, 24, NULL, NULL),
(164, 709000000000163, '0035C.S', 'Wakayemba', 'Mary', NULL, NULL, 707680821, NULL, NULL, 'CF750721018Z4L', NULL, NULL, '19.08.1975', 0, 11, 'Parliamentary Avenue', NULL, 'NEXTOFKIN', NULL, 72, 45, NULL, 50, 54, NULL, 20, 20, NULL, 1632373828, 24, NULL, NULL),
(165, 709000000000164, '0036C.S', 'Vivian', 'Namboozo', NULL, NULL, 772540542, NULL, NULL, 'CM640461012PVK', NULL, NULL, '24.12.1964', 0, 10, 'Kito A Valley rise Madela Stadium', NULL, 'NEXTOFKIN', NULL, 73, 45, NULL, 50, 54, NULL, 20, 20, NULL, 1632373828, 24, NULL, NULL),
(166, 709000000000165, '0074G', 'Joanne', 'Oliia', NULL, NULL, 787572880, NULL, NULL, 'CF74002102Z94J', NULL, NULL, '18.02.1974', 0, 11, 'Kulungu Gaba Kampala', NULL, 'NEXTOFKIN', NULL, 74, 45, NULL, 50, 54, NULL, 20, 20, NULL, 1632373828, 24, NULL, NULL),
(167, 709000000000166, '0037C.S', 'Waridah', 'Queen', NULL, NULL, 782353187, NULL, NULL, 'CF7500210ED9LC', NULL, NULL, '04.04.1975', 0, 11, 'Kagoma Kampala', NULL, 'NEXTOFKIN', NULL, 75, 45, NULL, 50, 54, NULL, 20, 20, NULL, 1632373828, 24, NULL, NULL),
(168, 709000000000167, '0076G', 'Gish', 'Emmanuel', NULL, NULL, 782233690, NULL, NULL, 'CF81018109XLWC', NULL, NULL, '23.06.1981', 0, 11, 'Bukonte Rubaga', NULL, 'NEXTOFKIN', NULL, 76, 45, NULL, 50, 54, NULL, 20, 20, NULL, 1632373828, 24, NULL, NULL),
(169, 709000000000168, '0038C.S', 'Mwandha', 'George', NULL, NULL, 772120773, NULL, NULL, 'CF60072100RNPK', NULL, NULL, '14.10.1960', 0, 10, 'Kira Municipality Bulina Plaza', NULL, 'NEXTOFKIN', NULL, 77, 45, NULL, 50, 54, NULL, 20, 20, NULL, 1632373828, 24, NULL, NULL),
(170, 709000000000169, '0079G', 'Magero', 'Anthony', NULL, NULL, 706925076, NULL, NULL, 'CM94042102ONNG', NULL, NULL, '29.01.1994', 0, 11, 'Naalya Kampala', NULL, 'NEXTOFKIN', NULL, 78, 45, NULL, 50, 54, NULL, 20, 20, NULL, 1632373828, 24, NULL, NULL),
(171, 709000000000170, '0039C.S', 'Opio', 'John', 'Micheal', NULL, 788125128, NULL, NULL, 'CF750671006GED', NULL, NULL, '14.11.1986', 0, 10, 'Kubiiri Mukono', NULL, 'NEXTOFKIN', NULL, 79, 45, NULL, 50, 54, NULL, 20, 20, NULL, 1632373828, 24, NULL, NULL),
(172, 709000000000171, '0044C.S', 'Nasanga', 'Sumaya', NULL, NULL, 754717673, NULL, NULL, 'CM80002103216G', NULL, NULL, '12.12.1980', 0, 10, 'Kawempe Ttula', NULL, 'NEXTOFKIN', NULL, 80, 45, NULL, 50, 54, NULL, 20, 20, NULL, 1632373828, 24, NULL, NULL),
(173, 709000000000172, '0082G', 'Kabitanya', 'Ramadhern', NULL, NULL, 771978440, NULL, NULL, 'CM7801310993MG', NULL, NULL, '25.05.1978', 0, 10, 'Kiwempe Sankara Konge Zone', NULL, 'NEXTOFKIN', NULL, 81, 45, NULL, 50, 54, NULL, 20, 20, NULL, 1632373828, 24, NULL, NULL),
(174, 709000000000173, '0042C.S', 'Alitwala', 'Prossy', NULL, NULL, 772953311, NULL, NULL, 'CM690351025IRXX', NULL, NULL, '02.10.1955', 0, 10, 'Seeta Kigunga Mukono', NULL, 'NEXTOFKIN', NULL, 82, 45, NULL, 50, 54, NULL, 20, 20, NULL, 1632373828, 24, NULL, NULL),
(175, 709000000000174, '0043C.S', 'Nyakaana', 'Sarah', NULL, NULL, 782531128, NULL, NULL, 'CCM81062102E21E', NULL, NULL, '15.11.1981', 0, 10, 'Wamala  Nasana Municipality', NULL, 'NEXTOFKIN', NULL, 83, 45, NULL, 50, 54, NULL, 20, 20, NULL, 1632373828, 24, NULL, NULL),
(176, 709000000000175, '0037P.S', 'Iriamu', 'Jane', NULL, NULL, 772402244, NULL, NULL, 'CF800097101RCWD', NULL, NULL, '27.08.1980', 0, 11, 'Kulambiro Kampala', NULL, 'NEXTOFKIN', NULL, 84, 45, NULL, 50, 54, NULL, 20, 20, NULL, 1632373828, 24, NULL, NULL),
(177, 709000000000176, '0046C.S', 'Kamya', 'Micheal', NULL, NULL, 772412546, NULL, NULL, 'CM68023154RFST', NULL, NULL, '09.07.1989', 0, 10, 'Kamsamga Wheeling Zone', NULL, 'NEXTOFKIN', NULL, 85, 45, NULL, 50, 54, NULL, 20, 20, NULL, 1632373828, 24, NULL, NULL),
(178, 709000000000177, '0047C.S', 'Ekiyasimire', 'Naume', NULL, NULL, 772745299, NULL, NULL, 'CM81061105FL1L', NULL, NULL, '11.11.1981', 0, 10, 'Canan Estate Takajunge Mukono', NULL, 'NEXTOFKIN', NULL, 86, 45, NULL, 50, 54, NULL, 20, 20, NULL, 1632373828, 24, NULL, NULL),
(179, 709000000000178, '0048C.S', 'Mudurli', 'Judith', NULL, NULL, 784494355, NULL, NULL, 'CM84002103APQC', NULL, NULL, '08.11.1984', 0, 10, 'Kisaasi Kampala', NULL, 'NEXTOFKIN', NULL, 87, 45, NULL, 50, 54, NULL, 20, 20, NULL, 1632373828, 24, NULL, NULL),
(180, 709000000000179, '0049C.S', 'Awori', 'Erina', NULL, NULL, 775624389, NULL, NULL, 'CM94005101W60F', NULL, NULL, '13.09.1994', 0, 10, 'Katakwi District', NULL, 'NEXTOFKIN', NULL, 88, 45, NULL, 50, 54, NULL, 20, 20, NULL, 1632373828, 24, NULL, NULL),
(181, 709000000000180, '0049C.S', 'Musoba', 'Kevin', 'Grace', NULL, 775855507, NULL, NULL, 'CM80067103CVLC', NULL, NULL, '27.05.1980', 0, 10, 'Kayunga Mukono', NULL, 'NEXTOFKIN', NULL, 89, 45, NULL, 50, 54, NULL, 20, 20, NULL, 1632373828, 24, NULL, NULL),
(182, 709000000000181, '0050C.S', 'Mutonyi', 'Peace', NULL, NULL, 701115178, NULL, NULL, 'CM73067104KZHK', NULL, NULL, '01.04.1973', 0, 10, 'Parliamentary Avenue', NULL, 'NEXTOFKIN', NULL, 90, 45, NULL, 50, 54, NULL, 20, 20, NULL, 1632373828, 24, NULL, NULL),
(183, 709000000000182, '0052C.S', 'Kyomuhendo', 'Pauline', NULL, NULL, 756554432, NULL, NULL, 'CM0009959983RD', NULL, NULL, '12.04.1991', 0, 10, 'Najjanankumbi', NULL, 'NEXTOFKIN', NULL, 91, 45, NULL, 50, 54, NULL, 20, 20, NULL, 1632373828, 24, NULL, NULL),
(184, 709000000000183, '0080G', 'Twiine', 'Amos', NULL, NULL, 752598115, NULL, NULL, 'CM84027100JFXE', NULL, NULL, '13.05.1984', 0, 11, 'Kito Kira', NULL, 'NEXTOFKIN', NULL, 92, 45, NULL, 50, 54, NULL, 20, 20, NULL, 1632373828, 24, NULL, NULL),
(185, 709000000000184, NULL, 'Robin', 'Muganzi', '', NULL, 789588332, NULL, NULL, 'CM45R6TYUIOK34', NULL, NULL, '27-04-2022', NULL, NULL, 'TESTING', NULL, 'NEXTOFKIN', 17, 1, NULL, NULL, NULL, NULL, NULL, 19, NULL, NULL, 1651047816, 15, NULL, NULL);

-- --------------------------------------------------------

--
-- Table structure for table `client_documents`
--

CREATE TABLE `client_documents` (
  `id` int(11) NOT NULL,
  `client_id` int(11) NOT NULL,
  `document_type` int(11) DEFAULT NULL,
  `name` varchar(255) NOT NULL,
  `description` varchar(255) NOT NULL,
  `file_name` varchar(255) DEFAULT NULL,
  `created_at` int(11) NOT NULL,
  `created_by` int(11) NOT NULL,
  `updated_at` int(11) DEFAULT NULL,
  `updated_by` int(11) DEFAULT NULL
) ENGINE=InnoDB DEFAULT CHARSET=utf8;

--
-- Dumping data for table `client_documents`
--

INSERT INTO `client_documents` (`id`, `client_id`, `document_type`, `name`, `description`, `file_name`, `created_at`, `created_by`, `updated_at`, `updated_by`) VALUES
(1, 1, NULL, 'Test', 'Test', '611262dae48c6.png', 1628594904, 8, NULL, NULL),
(3, 2, NULL, 'TESTING ', 'TESTING ', '6124e1e4073e8.jpeg', 1629807028, 8, NULL, NULL),
(4, 2, NULL, 'TESTING 456', 'TESTING 456', '6124e26428914.jpeg', 1629807184, 8, NULL, NULL),
(5, 105, NULL, 'TEST', 'TEST', '622ed8bb75488.jpeg', 1647237289, 13, NULL, NULL),
(10, 106, NULL, 'TEST', 'TEST', '622f1ddd6f2f7.jpeg', 1647254993, 13, NULL, NULL);

-- --------------------------------------------------------

--
-- Table structure for table `document_generated`
--

CREATE TABLE `document_generated` (
  `id` int(11) NOT NULL,
  `filename` varchar(225) NOT NULL,
  `loan_id` int(11) NOT NULL,
  `user_password` varchar(45) DEFAULT NULL,
  `owner_password` varchar(45) DEFAULT NULL,
  `created_at` int(11) NOT NULL,
  `created_by` int(11) NOT NULL
) ENGINE=InnoDB DEFAULT CHARSET=utf8;

--
-- Dumping data for table `document_generated`
--

INSERT INTO `document_generated` (`id`, `filename`, `loan_id`, `user_password`, `owner_password`, `created_at`, `created_by`) VALUES
(1, 'ad935764e0a204ef858e733f6f2c5884e3e39ea8.pdf', 30, NULL, NULL, 1627941653, 30);

-- --------------------------------------------------------

--
-- Stand-in structure for view `due_this_date`
-- (See below for the actual view)
--
CREATE TABLE `due_this_date` (
`id` int(11)
,`description` varchar(255)
,`entry_reference` bigint(20)
,`amount` decimal(23,2)
,`debit_account` int(11)
,`credit_account` int(11)
,`due_date` date
,`entry_type` varchar(20)
,`entry_reference_id` bigint(20)
,`created_at` int(11)
,`created_by` int(11)
,`member_account` varchar(45)
,`entry_period` int(11)
,`updated_at` int(11)
,`updated_by` int(11)
,`ledger_status` int(11)
,`payment_ref` bigint(20)
,`stage` varchar(45)
);

-- --------------------------------------------------------

--
-- Stand-in structure for view `due_this_month`
-- (See below for the actual view)
--
CREATE TABLE `due_this_month` (
`id` int(11)
,`description` varchar(255)
,`entry_reference` bigint(20)
,`amount` decimal(23,2)
,`debit_account` int(11)
,`credit_account` int(11)
,`due_date` date
,`entry_type` varchar(20)
,`entry_reference_id` bigint(20)
,`stage` varchar(45)
,`created_at` int(11)
,`created_by` int(11)
,`member_account` varchar(45)
,`entry_period` int(11)
,`updated_at` int(11)
,`updated_by` int(11)
,`ledger_status` int(11)
,`payment_ref` bigint(20)
);

-- --------------------------------------------------------

--
-- Stand-in structure for view `due_this_week`
-- (See below for the actual view)
--
CREATE TABLE `due_this_week` (
`id` int(11)
,`description` varchar(255)
,`entry_reference` bigint(20)
,`amount` decimal(23,2)
,`debit_account` int(11)
,`credit_account` int(11)
,`due_date` date
,`entry_type` varchar(20)
,`entry_reference_id` bigint(20)
,`stage` varchar(45)
,`created_at` int(11)
,`created_by` int(11)
,`member_account` varchar(45)
,`entry_period` int(11)
,`updated_at` int(11)
,`updated_by` int(11)
,`ledger_status` int(11)
,`payment_ref` bigint(20)
);

-- --------------------------------------------------------

--
-- Stand-in structure for view `general_ledger`
-- (See below for the actual view)
--
CREATE TABLE `general_ledger` (
`entry_reference` bigint(20)
,`entry_reference_id` bigint(20)
,`due_date` date
,`description` varchar(255)
,`account` int(11)
,`amount` decimal(24,2)
,`member_Account` varchar(45)
,`entry_type` varchar(20)
,`entry_period` int(11)
,`created_at` int(11)
,`updated_at` int(11)
,`ledger_status` int(11)
);

-- --------------------------------------------------------

--
-- Table structure for table `guadge`
--

CREATE TABLE `guadge` (
  `id` int(11) NOT NULL,
  `name` varchar(100) NOT NULL,
  `marks` decimal(3,2) NOT NULL,
  `created_at` int(11) NOT NULL
) ENGINE=InnoDB DEFAULT CHARSET=utf8;

--
-- Dumping data for table `guadge`
--

INSERT INTO `guadge` (`id`, `name`, `marks`, `created_at`) VALUES
(3, 'Poor', '0.25', 1234567),
(4, 'Fair', '0.50', 1234567),
(5, 'Good', '0.75', 1234567),
(6, 'Very Good', '1.00', 1234567);

-- --------------------------------------------------------

--
-- Table structure for table `investment`
--

CREATE TABLE `investment` (
  `id` int(11) NOT NULL,
  `reference_number` varchar(255) NOT NULL,
  `investor_id` int(11) NOT NULL,
  `amount_to_invest` decimal(23,2) NOT NULL,
  `investment_duration` decimal(3,1) NOT NULL,
  `payment_frequency` varchar(20) NOT NULL,
  `interest_rate` decimal(10,2) NOT NULL,
  `proof_of_investment` varchar(255) DEFAULT NULL,
  `loan_type` int(11) NOT NULL DEFAULT '56',
  `created_at` int(11) NOT NULL,
  `status` int(11) NOT NULL DEFAULT '19',
  `created_by` int(11) NOT NULL,
  `updated_at` int(11) DEFAULT NULL,
  `updated_by` int(11) DEFAULT NULL
) ENGINE=InnoDB DEFAULT CHARSET=utf8;

--
-- Dumping data for table `investment`
--

INSERT INTO `investment` (`id`, `reference_number`, `investor_id`, `amount_to_invest`, `investment_duration`, `payment_frequency`, `interest_rate`, `proof_of_investment`, `loan_type`, `created_at`, `status`, `created_by`, `updated_at`, `updated_by`) VALUES
(1, '70200000000001', 1, '4000000.00', '3.0', 'MONTHLY', '2.00', NULL, 56, 1644374997, 19, 13, NULL, NULL),
(2, '70200000000002', 1, '3000000.00', '3.0', 'MONTHLY', '3.00', NULL, 56, 1644375037, 20, 13, NULL, NULL),
(3, '70200000000003', 1, '5000000.00', '4.0', 'MONTHLY', '3.00', NULL, 56, 1644375753, 20, 13, NULL, NULL),
(4, '70200000000004', 1, '4500000.00', '4.0', 'MONTHLY', '3.00', NULL, 56, 1644375877, 20, 13, NULL, NULL),
(5, '70200000000005', 1, '6000.00', '5.0', 'MONTHLY', '2.00', NULL, 56, 1644378622, 20, 13, NULL, NULL),
(6, '70200000000006', 1, '6000.00', '5.0', 'MONTHLY', '2.00', NULL, 56, 1644378714, 20, 13, NULL, NULL),
(7, '70200000000007', 1, '690000.00', '4.0', 'MONTHLY', '2.00', '', 56, 1644378876, 19, 13, NULL, NULL),
(8, '70200000000008', 1, '5000.00', '6.0', 'WEEKLY', '3.00', '62033b8391dd7.jpeg', 56, 1644378994, 19, 13, NULL, NULL),
(9, '70200000000009', 1, '700000000.00', '4.0', 'MONTHLY', '2.00', NULL, 56, 1644379090, 19, 13, NULL, NULL),
(10, '70200000000010', 1, '40000000.00', '3.0', 'WEEKLY', '4.00', NULL, 56, 1644462864, 19, 13, NULL, NULL);

-- --------------------------------------------------------

--
-- Table structure for table `investor`
--

CREATE TABLE `investor` (
  `id` int(11) NOT NULL,
  `reference_number` varchar(255) NOT NULL,
  `firstname` varchar(100) NOT NULL,
  `lastname` varchar(100) NOT NULL,
  `othername` varchar(100) DEFAULT NULL,
  `nin` varchar(14) NOT NULL,
  `identification_type` int(11) NOT NULL,
  `identfication_number` varchar(14) NOT NULL,
  `investor_type` int(11) NOT NULL,
  `telephone` varchar(14) NOT NULL,
  `physical_address` varchar(255) NOT NULL,
  `alt_telephone` varchar(14) DEFAULT NULL,
  `email` varchar(100) DEFAULT NULL,
  `date_of_birth` date NOT NULL,
  `gender` int(11) NOT NULL,
  `status` int(11) NOT NULL DEFAULT '1',
  `profile_pic` varchar(255) DEFAULT NULL,
  `created_at` int(11) NOT NULL,
  `created_by` int(11) NOT NULL,
  `updated_at` int(11) DEFAULT NULL,
  `updated_by` int(11) DEFAULT NULL
) ENGINE=InnoDB DEFAULT CHARSET=utf8;

--
-- Dumping data for table `investor`
--

INSERT INTO `investor` (`id`, `reference_number`, `firstname`, `lastname`, `othername`, `nin`, `identification_type`, `identfication_number`, `investor_type`, `telephone`, `physical_address`, `alt_telephone`, `email`, `date_of_birth`, `gender`, `status`, `profile_pic`, `created_at`, `created_by`, `updated_at`, `updated_by`) VALUES
(1, '70100000000001', 'Robin', 'Muganzi', '', 'CM9234567', 3, 'CM9234567', 69, '0789588332', 'Testing', '', 'muganzirobin5@gmail.com', '2022-02-08', 8, 1, NULL, 1644321789, 13, NULL, NULL),
(2, '70100000000002', 'Robin', 'Muganzi', '', 'CM943XFCGVHBJN', 3, 'CM943XFCGVHBJN', 69, '0789588335', 'Robin', '', 'muganzirobin5@gmail.com', '2022-02-09', 8, 1, NULL, 1644580564, 13, NULL, NULL),
(3, '70100000000003', 'Robin', 'Muganzi', '', 'CM9534W4RT3EFD', 3, 'CM9534W4RT3EFD', 69, '0789058832', 'TEST', '', 'muganzirobin5@gmail.com', '2022-03-20', 8, 1, NULL, 1647795703, 21, NULL, NULL);

-- --------------------------------------------------------

--
-- Table structure for table `investor_config`
--

CREATE TABLE `investor_config` (
  `id` int(11) NOT NULL,
  `investor_id` int(11) NOT NULL,
  `interest_rate` decimal(4,2) NOT NULL,
  `interest_period` varchar(45) NOT NULL,
  `start_date` date NOT NULL,
  `end_date` date DEFAULT NULL,
  `payment_date` date DEFAULT NULL,
  `amount_invested` decimal(23,2) NOT NULL,
  `created_at` int(11) NOT NULL,
  `created_by` int(11) NOT NULL,
  `updated_at` int(11) DEFAULT NULL,
  `updated_by` int(11) DEFAULT NULL,
  `account_number` varchar(20) NOT NULL
) ENGINE=InnoDB DEFAULT CHARSET=utf8 COMMENT='Investor configurations and settings';

-- --------------------------------------------------------

--
-- Table structure for table `ledger`
--

CREATE TABLE `ledger` (
  `id` int(11) NOT NULL,
  `description` varchar(255) NOT NULL,
  `entry_reference` bigint(20) NOT NULL COMMENT 'Ref Number for this transaction. This Ref number is used to know the specific transactions which were handled together, e.g. payment of a loan (principle and interest) these should have the same ref number',
  `amount` decimal(23,2) NOT NULL,
  `debit_account` int(11) NOT NULL,
  `credit_account` int(11) DEFAULT NULL,
  `due_date` date DEFAULT NULL COMMENT 'Date when this payment is due',
  `next_date` timestamp NULL DEFAULT NULL,
  `entry_type` varchar(20) NOT NULL COMMENT 'Is this a loan, payment, Investor deposit, etc?',
  `entry_reference_id` bigint(20) NOT NULL,
  `schedule_id` int(11) DEFAULT NULL,
  `created_at` int(11) NOT NULL,
  `created_by` int(11) DEFAULT NULL,
  `member_account` varchar(45) DEFAULT NULL,
  `entry_period` int(11) DEFAULT NULL COMMENT 'The accounting period for which this entry was made, could be a financial year e.g. 2021, calendar year like 2021 or Year-Month like 2101',
  `updated_at` int(11) DEFAULT NULL,
  `updated_by` int(11) DEFAULT NULL,
  `ledger_status` int(11) DEFAULT NULL,
  `payment_ref` bigint(20) DEFAULT NULL COMMENT 'Payment reference for this ledger item',
  `stage` varchar(45) DEFAULT NULL,
  `sub_legder` int(11) NOT NULL DEFAULT '1'
) ENGINE=InnoDB DEFAULT CHARSET=utf8;

--
-- Dumping data for table `ledger`
--

INSERT INTO `ledger` (`id`, `description`, `entry_reference`, `amount`, `debit_account`, `credit_account`, `due_date`, `next_date`, `entry_type`, `entry_reference_id`, `schedule_id`, `created_at`, `created_by`, `member_account`, `entry_period`, `updated_at`, `updated_by`, `ledger_status`, `payment_ref`, `stage`, `sub_legder`) VALUES
(1, 'Principal', 10000000000002, '5042259.62', 11110, 11300, '2022-05-17', '2022-06-12 21:00:00', 'LOAN', 3, 1, 1652620577, 15, '709000000000003', 2022, NULL, NULL, 42, NULL, NULL, 1),
(2, 'Interest', 10000000000002, '839032.00', 12210, 41110, '2022-05-17', NULL, 'LOAN', 3, 1, 1652620577, 15, '709000000000003', 2022, NULL, NULL, 43, NULL, NULL, 1),
(3, 'Principal', 10000000000004, '1260564.90', 11110, 11300, '2022-05-16', '2022-06-19 21:00:00', 'LOAN', 3, 2, 1652620577, 15, '709000000000003', 2022, NULL, NULL, 42, NULL, NULL, 1),
(4, 'Interest', 10000000000004, '209758.00', 12210, 41110, '2022-06-19', '2022-06-19 21:00:00', 'LOAN', 3, 2, 1652620577, 15, '709000000000003', 2022, NULL, NULL, 42, NULL, NULL, 1),
(5, 'Principal', 10000000000006, '1260564.90', 11110, 11300, '2022-06-26', '2022-06-26 21:00:00', 'LOAN', 3, 3, 1652620577, 15, '709000000000003', 2022, NULL, NULL, 42, NULL, NULL, 1),
(6, 'Interest', 10000000000006, '209758.00', 12210, 41110, '2022-06-26', NULL, 'LOAN', 3, 3, 1652620577, 15, '709000000000003', 2022, NULL, NULL, 43, NULL, NULL, 1),
(7, 'Principal', 10000000000008, '1260564.90', 11110, 11300, '2022-07-03', '2022-07-03 21:00:00', 'LOAN', 3, 4, 1652620577, 15, '709000000000003', 2022, NULL, NULL, 42, NULL, NULL, 1),
(8, 'Interest', 10000000000008, '209758.00', 12210, 41110, '2022-07-03', '2022-07-03 21:00:00', 'LOAN', 3, 4, 1652620577, 15, '709000000000003', 2022, NULL, NULL, 42, NULL, NULL, 1),
(9, 'Principal', 10000000000010, '1361410.10', 11110, 11300, '2022-07-10', '2022-07-10 21:00:00', 'LOAN', 3, 5, 1652620577, 15, '709000000000003', 2022, NULL, NULL, 42, NULL, NULL, 1),
(10, 'Interest', 10000000000010, '108912.81', 12210, 41110, '2022-07-10', '2022-07-10 21:00:00', 'LOAN', 3, 5, 1652620577, 15, '709000000000003', 2022, NULL, NULL, 42, NULL, NULL, 1),
(11, 'Principal', 10000000000012, '1220564.42', 11110, 11300, '2022-06-12', '2022-06-12 21:00:00', 'LOAN', 4, 6, 1652622803, 15, '709000000000004', 2022, NULL, NULL, 42, NULL, NULL, 1),
(12, 'Interest', 10000000000012, '440000.00', 12210, 41110, '2022-06-12', '2022-06-12 21:00:00', 'LOAN', 4, 6, 1652622803, 15, '709000000000004', 2022, NULL, NULL, 42, NULL, NULL, 1),
(13, 'Principal', 10000000000014, '305141.11', 11110, 11300, '2022-06-19', '2022-06-19 21:00:00', 'LOAN', 4, 7, 1652622803, 15, '709000000000004', 2022, NULL, NULL, 42, NULL, NULL, 1),
(14, 'Interest', 10000000000014, '110000.00', 12210, 41110, '2022-06-19', '2022-06-19 21:00:00', 'LOAN', 4, 7, 1652622803, 15, '709000000000004', 2022, NULL, NULL, 42, NULL, NULL, 1),
(15, 'Principal', 10000000000016, '305141.11', 11110, 11300, '2022-06-26', '2022-06-26 21:00:00', 'LOAN', 4, 8, 1652622803, 15, '709000000000004', 2022, NULL, NULL, 42, NULL, NULL, 1),
(16, 'Interest', 10000000000016, '110000.00', 12210, 41110, '2022-06-26', '2022-06-26 21:00:00', 'LOAN', 4, 8, 1652622803, 15, '709000000000004', 2022, NULL, NULL, 42, NULL, NULL, 1),
(17, 'Principal', 10000000000018, '305141.11', 11110, 11300, '2022-07-03', '2022-07-03 21:00:00', 'LOAN', 4, 9, 1652622803, 15, '709000000000004', 2022, NULL, NULL, 79, NULL, NULL, 1),
(18, 'Interest', 10000000000018, '110000.00', 12210, 41110, '2022-07-03', '2022-07-03 21:00:00', 'LOAN', 4, 9, 1652622803, 15, '709000000000004', 2022, NULL, NULL, 79, NULL, NULL, 1),
(19, 'Principal', 10000000000020, '329552.39', 11110, 11300, '2022-07-10', NULL, 'LOAN', 4, 10, 1652622803, 15, '709000000000004', 2022, NULL, NULL, 43, NULL, NULL, 1),
(20, 'Interest', 10000000000020, '85588.71', 12210, 41110, '2022-07-10', '2022-07-10 21:00:00', 'LOAN', 4, 10, 1652622803, 15, '709000000000004', 2022, NULL, NULL, 42, NULL, NULL, 1),
(21, 'Principal', 10000000000022, '329552.39', 11110, 11300, '2022-07-17', '2022-07-17 21:00:00', 'LOAN', 4, 11, 1652622803, 15, '709000000000004', 2022, NULL, NULL, 42, NULL, NULL, 1),
(22, 'Interest', 10000000000022, '85588.71', 12210, 41110, '2022-07-17', '2022-07-17 21:00:00', 'LOAN', 4, 11, 1652622803, 15, '709000000000004', 2022, NULL, NULL, 42, NULL, NULL, 1),
(23, 'Principal', 10000000000024, '329552.39', 11110, 11300, '2022-07-24', '2022-07-24 21:00:00', 'LOAN', 4, 12, 1652622803, 15, '709000000000004', 2022, NULL, NULL, 42, NULL, NULL, 1),
(24, 'Interest', 10000000000024, '85588.71', 12210, 41110, '2022-07-24', '2022-07-24 21:00:00', 'LOAN', 4, 12, 1652622803, 15, '709000000000004', 2022, NULL, NULL, 42, NULL, NULL, 1),
(25, 'Principal', 10000000000026, '329552.39', 11110, 11300, '2022-07-31', '2022-07-31 21:00:00', 'LOAN', 4, 13, 1652622803, 15, '709000000000004', 2022, NULL, NULL, 42, NULL, NULL, 1),
(26, 'Interest', 10000000000026, '85588.71', 12210, 41110, '2022-07-31', '2022-07-31 21:00:00', 'LOAN', 4, 13, 1652622803, 15, '709000000000004', 2022, NULL, NULL, 42, NULL, NULL, 1),
(27, 'Principal', 10000000000028, '329552.39', 11110, 11300, '2022-08-07', '2022-08-07 21:00:00', 'LOAN', 4, 14, 1652622803, 15, '709000000000004', 2022, NULL, NULL, 42, NULL, NULL, 1),
(28, 'Interest', 10000000000028, '85588.71', 12210, 41110, '2022-08-07', '2022-08-07 21:00:00', 'LOAN', 4, 14, 1652622803, 15, '709000000000004', 2022, NULL, NULL, 42, NULL, NULL, 1),
(29, 'Principal', 10000000000030, '329552.39', 11110, 11300, '2022-08-14', '2022-08-14 21:00:00', 'LOAN', 4, 15, 1652622803, 15, '709000000000004', 2022, NULL, NULL, 42, NULL, NULL, 1),
(30, 'Interest', 10000000000030, '85588.71', 12210, 41110, '2022-08-14', '2022-08-14 21:00:00', 'LOAN', 4, 15, 1652622803, 15, '709000000000004', 2022, NULL, NULL, 42, NULL, NULL, 1),
(31, 'Principal', 10000000000032, '329552.39', 11110, 11300, '2022-08-21', '2022-08-21 21:00:00', 'LOAN', 4, 16, 1652622803, 15, '709000000000004', 2022, NULL, NULL, 42, NULL, NULL, 1),
(32, 'Interest', 10000000000032, '85588.71', 12210, 41110, '2022-08-21', '2022-08-21 21:00:00', 'LOAN', 4, 16, 1652622803, 15, '709000000000004', 2022, NULL, NULL, 42, NULL, NULL, 1),
(33, 'Principal', 10000000000034, '329552.39', 11110, 11300, '2022-08-28', '2022-08-28 21:00:00', 'LOAN', 4, 17, 1652622803, 15, '709000000000004', 2022, NULL, NULL, 42, NULL, NULL, 1),
(34, 'Interest', 10000000000034, '85588.71', 12210, 41110, '2022-08-28', '2022-08-28 21:00:00', 'LOAN', 4, 17, 1652622803, 15, '709000000000004', 2022, NULL, NULL, 42, NULL, NULL, 1),
(35, 'Principal', 10000000000036, '329552.39', 11110, 11300, '2022-09-04', '2022-09-04 21:00:00', 'LOAN', 4, 18, 1652622803, 15, '709000000000004', 2022, NULL, NULL, 42, NULL, NULL, 1),
(36, 'Interest', 10000000000036, '85588.71', 12210, 41110, '2022-09-04', '2022-09-04 21:00:00', 'LOAN', 4, 18, 1652622803, 15, '709000000000004', 2022, NULL, NULL, 42, NULL, NULL, 1),
(37, 'Principal', 10000000000038, '308033.51', 41223, 11300, '2022-06-12', '2022-06-12 21:00:00', 'LOAN', 93, 19, 1652627847, 15, '709000000000007', 2022, NULL, NULL, 43, NULL, NULL, 1),
(38, 'Interest', 10000000000038, '80000.00', 41223, 41110, '2022-06-12', '2022-06-12 21:00:00', 'LOAN', 93, 19, 1652627847, 15, '709000000000007', 2022, NULL, NULL, 42, NULL, NULL, 1),
(39, 'Principal', 10000000000040, '77008.38', 41223, 11300, '2022-06-19', '2022-06-19 21:00:00', 'LOAN', 93, 20, 1652627847, 15, '709000000000007', 2022, NULL, NULL, 42, NULL, NULL, 1),
(40, 'Interest', 10000000000040, '20000.00', 41223, 41110, '2022-06-19', '2022-06-19 21:00:00', 'LOAN', 93, 20, 1652627847, 15, '709000000000007', 2022, NULL, NULL, 42, NULL, NULL, 1),
(41, 'Principal', 10000000000042, '77008.38', 11110, 11300, '2022-06-26', '2022-06-26 21:00:00', 'LOAN', 93, 21, 1652627847, 15, '709000000000007', 2022, NULL, NULL, 42, NULL, NULL, 1),
(42, 'Interest', 10000000000042, '20000.00', 12210, 41110, '2022-06-26', '2022-06-26 21:00:00', 'LOAN', 93, 21, 1652627847, 15, '709000000000007', 2022, NULL, NULL, 42, NULL, NULL, 1),
(43, 'Principal', 10000000000044, '77008.38', 11110, 11300, '2022-07-03', '2022-07-03 21:00:00', 'LOAN', 93, 22, 1652627847, 15, '709000000000007', 2022, NULL, NULL, 42, NULL, NULL, 1),
(44, 'Interest', 10000000000044, '20000.00', 12210, 41110, '2022-07-03', '2022-07-03 21:00:00', 'LOAN', 93, 22, 1652627847, 15, '709000000000007', 2022, NULL, NULL, 42, NULL, NULL, 1),
(45, 'Principal', 10000000000046, '83169.05', 11110, 11300, '2022-07-10', '2022-07-10 21:00:00', 'LOAN', 93, 23, 1652627847, 15, '709000000000007', 2022, NULL, NULL, 42, NULL, NULL, 1),
(46, 'Interest', 10000000000046, '13839.33', 12210, 41110, '2022-07-10', '2022-07-10 21:00:00', 'LOAN', 93, 23, 1652627847, 15, '709000000000007', 2022, NULL, NULL, 42, NULL, NULL, 1),
(47, 'Principal', 10000000000048, '83169.05', 11110, 11300, '2022-07-17', '2022-07-17 21:00:00', 'LOAN', 93, 24, 1652627847, 15, '709000000000007', 2022, NULL, NULL, 42, NULL, NULL, 1),
(48, 'Interest', 10000000000048, '13839.33', 12210, 41110, '2022-07-17', '2022-07-17 21:00:00', 'LOAN', 93, 24, 1652627847, 15, '709000000000007', 2022, NULL, NULL, 42, NULL, NULL, 1),
(49, 'Principal', 10000000000050, '83169.05', 11110, 11300, '2022-07-24', '2022-07-24 21:00:00', 'LOAN', 93, 25, 1652627847, 15, '709000000000007', 2022, NULL, NULL, 42, NULL, NULL, 1),
(50, 'Interest', 10000000000050, '13839.33', 12210, 41110, '2022-07-24', '2022-07-24 21:00:00', 'LOAN', 93, 25, 1652627847, 15, '709000000000007', 2022, NULL, NULL, 42, NULL, NULL, 1),
(51, 'Principal', 10000000000052, '83169.05', 11110, 11300, '2022-07-31', '2022-07-31 21:00:00', 'LOAN', 93, 26, 1652627847, 15, '709000000000007', 2022, NULL, NULL, 42, NULL, NULL, 1),
(52, 'Interest', 10000000000052, '13839.33', 12210, 41110, '2022-07-31', '2022-07-31 21:00:00', 'LOAN', 93, 26, 1652627847, 15, '709000000000007', 2022, NULL, NULL, 42, NULL, NULL, 1),
(53, 'Principal', 10000000000054, '83169.05', 11110, 11300, '2022-08-07', '2022-08-07 21:00:00', 'LOAN', 93, 27, 1652627847, 15, '709000000000007', 2022, NULL, NULL, 42, NULL, NULL, 1),
(54, 'Interest', 10000000000054, '13839.33', 12210, 41110, '2022-08-07', '2022-08-07 21:00:00', 'LOAN', 93, 27, 1652627847, 15, '709000000000007', 2022, NULL, NULL, 42, NULL, NULL, 1),
(55, 'Principal', 10000000000056, '2464268.11', 11110, 11300, '2022-06-12', '2022-06-12 21:00:00', 'LOAN', 6, 28, 1652629765, 15, '709000000000006', 2022, NULL, NULL, 42, NULL, NULL, 1),
(56, 'Interest', 10000000000056, '640000.00', 12210, 41110, '2022-06-12', '2022-06-12 21:00:00', 'LOAN', 6, 28, 1652629765, 15, '709000000000006', 2022, NULL, NULL, 42, NULL, NULL, 1),
(57, 'Principal', 10000000000058, '616067.03', 11110, 11300, '2022-06-19', '2022-06-19 21:00:00', 'LOAN', 6, 29, 1652629765, 15, '709000000000006', 2022, NULL, NULL, 42, NULL, NULL, 1),
(58, 'Interest', 10000000000058, '160000.00', 12210, 41110, '2022-06-19', '2022-06-19 21:00:00', 'LOAN', 6, 29, 1652629765, 15, '709000000000006', 2022, NULL, NULL, 42, NULL, NULL, 1),
(59, 'Principal', 10000000000060, '616067.03', 11110, 11300, '2022-06-26', '2022-06-26 21:00:00', 'LOAN', 6, 30, 1652629765, 15, '709000000000006', 2022, NULL, NULL, 42, NULL, NULL, 1),
(60, 'Interest', 10000000000060, '160000.00', 12210, 41110, '2022-06-26', '2022-06-26 21:00:00', 'LOAN', 6, 30, 1652629765, 15, '709000000000006', 2022, NULL, NULL, 42, NULL, NULL, 1),
(61, 'Principal', 10000000000062, '616067.03', 11110, 11300, '2022-07-03', '2022-07-03 21:00:00', 'LOAN', 6, 31, 1652629765, 15, '709000000000006', 2022, NULL, NULL, 42, NULL, NULL, 1),
(62, 'Interest', 10000000000062, '160000.00', 12210, 41110, '2022-07-03', '2022-07-03 21:00:00', 'LOAN', 6, 31, 1652629765, 15, '709000000000006', 2022, NULL, NULL, 42, NULL, NULL, 1),
(63, 'Principal', 10000000000064, '665352.39', 11110, 11300, '2022-07-10', '2022-07-10 21:00:00', 'LOAN', 6, 32, 1652629765, 15, '709000000000006', 2022, NULL, NULL, 42, NULL, NULL, 1),
(64, 'Interest', 10000000000064, '110714.64', 12210, 41110, '2022-07-10', '2022-07-10 21:00:00', 'LOAN', 6, 32, 1652629765, 15, '709000000000006', 2022, NULL, NULL, 42, NULL, NULL, 1),
(65, 'Principal', 10000000000066, '665352.39', 11110, 11300, '2022-07-17', '2022-07-17 21:00:00', 'LOAN', 6, 33, 1652629765, 15, '709000000000006', 2022, NULL, NULL, 42, NULL, NULL, 1),
(66, 'Interest', 10000000000066, '110714.64', 12210, 41110, '2022-07-17', '2022-07-17 21:00:00', 'LOAN', 6, 33, 1652629765, 15, '709000000000006', 2022, NULL, NULL, 42, NULL, NULL, 1),
(67, 'Principal', 10000000000068, '665352.39', 11110, 11300, '2022-07-24', '2022-07-24 21:00:00', 'LOAN', 6, 34, 1652629765, 15, '709000000000006', 2022, NULL, NULL, 42, NULL, NULL, 1),
(68, 'Interest', 10000000000068, '110714.64', 12210, 41110, '2022-07-24', '2022-07-24 21:00:00', 'LOAN', 6, 34, 1652629765, 15, '709000000000006', 2022, NULL, NULL, 42, NULL, NULL, 1),
(69, 'Principal', 10000000000070, '665352.39', 11110, 11300, '2022-07-31', '2022-07-31 21:00:00', 'LOAN', 6, 35, 1652629765, 15, '709000000000006', 2022, NULL, NULL, 42, NULL, NULL, 1),
(70, 'Interest', 10000000000070, '110714.64', 12210, 41110, '2022-07-31', '2022-07-31 21:00:00', 'LOAN', 6, 35, 1652629765, 15, '709000000000006', 2022, NULL, NULL, 42, NULL, NULL, 1),
(71, 'Principal', 10000000000072, '665352.39', 11110, 11300, '2022-08-07', '2022-08-07 21:00:00', 'LOAN', 6, 36, 1652629765, 15, '709000000000006', 2022, NULL, NULL, 42, NULL, NULL, 1),
(72, 'Interest', 10000000000072, '110714.64', 12210, 41110, '2022-08-07', '2022-08-07 21:00:00', 'LOAN', 6, 36, 1652629765, 15, '709000000000006', 2022, NULL, NULL, 42, NULL, NULL, 1),
(73, 'Principal', 10000000000074, '2163461.54', 11110, 11300, '2022-06-12', '2022-06-12 21:00:00', 'LOAN', 15, 37, 1652632774, 15, '709000000000015', 2022, NULL, NULL, 42, NULL, NULL, 1),
(74, 'Interest', 10000000000074, '360000.00', 12210, 41110, '2022-06-12', '2022-06-12 21:00:00', 'LOAN', 15, 37, 1652632774, 15, '709000000000015', 2022, NULL, NULL, 42, NULL, NULL, 1),
(75, 'Principal', 10000000000076, '540865.38', 11110, 11300, '2022-06-19', '2022-06-19 21:00:00', 'LOAN', 15, 38, 1652632774, 15, '709000000000015', 2022, NULL, NULL, 42, NULL, NULL, 1),
(76, 'Interest', 10000000000076, '90000.00', 12210, 41110, '2022-06-19', '2022-06-19 21:00:00', 'LOAN', 15, 38, 1652632774, 15, '709000000000015', 2022, NULL, NULL, 42, NULL, NULL, 1),
(77, 'Principal', 10000000000078, '540865.38', 11110, 11300, '2022-06-26', '2022-06-26 21:00:00', 'LOAN', 15, 39, 1652632774, 15, '709000000000015', 2022, NULL, NULL, 42, NULL, NULL, 1),
(78, 'Interest', 10000000000078, '90000.00', 12210, 41110, '2022-06-26', '2022-06-26 21:00:00', 'LOAN', 15, 39, 1652632774, 15, '709000000000015', 2022, NULL, NULL, 42, NULL, NULL, 1),
(79, 'Principal', 10000000000080, '540865.38', 11110, 11300, '2022-07-03', '2022-07-03 21:00:00', 'LOAN', 15, 40, 1652632774, 15, '709000000000015', 2022, NULL, NULL, 42, NULL, NULL, 1),
(80, 'Interest', 10000000000080, '90000.00', 12210, 41110, '2022-07-03', '2022-07-03 21:00:00', 'LOAN', 15, 40, 1652632774, 15, '709000000000015', 2022, NULL, NULL, 42, NULL, NULL, 1),
(81, 'Principal', 10000000000082, '584134.62', 11110, 11300, '2022-07-10', '2022-07-10 21:00:00', 'LOAN', 15, 41, 1652632774, 15, '709000000000015', 2022, NULL, NULL, 42, NULL, NULL, 1),
(82, 'Interest', 10000000000082, '46730.77', 12210, 41110, '2022-07-10', '2022-07-10 21:00:00', 'LOAN', 15, 41, 1652632774, 15, '709000000000015', 2022, NULL, NULL, 42, NULL, NULL, 1),
(83, 'Principal', 10000000000084, '1780027.00', 11110, 11300, '2022-06-12', '2022-06-12 21:00:00', 'LOAN', 5, 42, 1652638968, 15, '709000000000005', 2022, NULL, NULL, 42, NULL, NULL, 1),
(84, 'Interest', 10000000000084, '641680.00', 12210, 41110, '2022-06-12', '2022-06-12 21:00:00', 'LOAN', 5, 42, 1652638968, 15, '709000000000005', 2022, NULL, NULL, 42, NULL, NULL, 1),
(85, 'Principal', 10000000000086, '445007.00', 11110, 11300, '2022-06-19', '2022-06-19 21:00:00', 'LOAN', 5, 43, 1652638968, 15, '709000000000005', 2022, NULL, NULL, 42, NULL, NULL, 1),
(86, 'Interest', 10000000000086, '160420.00', 12210, 41110, '2022-06-19', '2022-06-19 21:00:00', 'LOAN', 5, 43, 1652638968, 15, '709000000000005', 2022, NULL, NULL, 42, NULL, NULL, 1),
(87, 'Principal', 10000000000088, '445007.00', 11110, 11300, '2022-06-26', '2022-06-26 21:00:00', 'LOAN', 5, 44, 1652638968, 15, '709000000000005', 2022, NULL, NULL, 42, NULL, NULL, 1),
(88, 'Interest', 10000000000088, '160420.00', 12210, 41110, '2022-06-26', '2022-06-26 21:00:00', 'LOAN', 5, 44, 1652638968, 15, '709000000000005', 2022, NULL, NULL, 42, NULL, NULL, 1),
(89, 'Principal', 10000000000090, '445007.00', 11110, 11300, '2022-07-03', '2022-07-03 21:00:00', 'LOAN', 5, 45, 1652638968, 15, '709000000000005', 2022, NULL, NULL, 42, NULL, NULL, 1),
(90, 'Interest', 10000000000090, '160420.00', 12210, 41110, '2022-07-03', '2022-07-03 21:00:00', 'LOAN', 5, 45, 1652638968, 15, '709000000000005', 2022, NULL, NULL, 42, NULL, NULL, 1),
(91, 'Principal', 10000000000092, '480607.00', 11110, 11300, '2022-07-10', '2022-07-10 21:00:00', 'LOAN', 5, 46, 1652638968, 15, '709000000000005', 2022, NULL, NULL, 42, NULL, NULL, 1),
(92, 'Interest', 10000000000092, '124819.00', 12210, 41110, '2022-07-10', '2022-07-10 21:00:00', 'LOAN', 5, 46, 1652638968, 15, '709000000000005', 2022, NULL, NULL, 42, NULL, NULL, 1),
(93, 'Principal', 10000000000094, '480607.00', 11110, 11300, '2022-07-17', '2022-07-17 21:00:00', 'LOAN', 5, 47, 1652638968, 15, '709000000000005', 2022, NULL, NULL, 42, NULL, NULL, 1),
(94, 'Interest', 10000000000094, '124819.00', 12210, 41110, '2022-07-17', '2022-07-17 21:00:00', 'LOAN', 5, 47, 1652638968, 15, '709000000000005', 2022, NULL, NULL, 42, NULL, NULL, 1),
(95, 'Principal', 10000000000096, '480607.00', 11110, 11300, '2022-07-24', '2022-07-24 21:00:00', 'LOAN', 5, 48, 1652638968, 15, '709000000000005', 2022, NULL, NULL, 42, NULL, NULL, 1),
(96, 'Interest', 10000000000096, '124819.00', 12210, 41110, '2022-07-24', '2022-07-24 21:00:00', 'LOAN', 5, 48, 1652638968, 15, '709000000000005', 2022, NULL, NULL, 42, NULL, NULL, 1),
(97, 'Principal', 10000000000098, '480607.00', 11110, 11300, '2022-07-31', '2022-07-31 21:00:00', 'LOAN', 5, 49, 1652638968, 15, '709000000000005', 2022, NULL, NULL, 42, NULL, NULL, 1),
(98, 'Interest', 10000000000098, '124819.00', 12210, 41110, '2022-07-31', '2022-07-31 21:00:00', 'LOAN', 5, 49, 1652638968, 15, '709000000000005', 2022, NULL, NULL, 42, NULL, NULL, 1),
(99, 'Principal', 10000000000100, '480607.00', 11110, 11300, '2022-08-07', '2022-08-07 21:00:00', 'LOAN', 5, 50, 1652638968, 15, '709000000000005', 2022, NULL, NULL, 42, NULL, NULL, 1),
(100, 'Interest', 10000000000100, '124819.00', 12210, 41110, '2022-08-07', '2022-08-07 21:00:00', 'LOAN', 5, 50, 1652638968, 15, '709000000000005', 2022, NULL, NULL, 42, NULL, NULL, 1),
(101, 'Principal', 10000000000102, '480607.00', 11110, 11300, '2022-08-14', '2022-08-14 21:00:00', 'LOAN', 5, 51, 1652638968, 15, '709000000000005', 2022, NULL, NULL, 42, NULL, NULL, 1),
(102, 'Interest', 10000000000102, '124819.00', 12210, 41110, '2022-08-14', '2022-08-14 21:00:00', 'LOAN', 5, 51, 1652638968, 15, '709000000000005', 2022, NULL, NULL, 42, NULL, NULL, 1),
(103, 'Principal', 10000000000104, '480607.00', 11110, 11300, '2022-08-21', '2022-08-21 21:00:00', 'LOAN', 5, 52, 1652638968, 15, '709000000000005', 2022, NULL, NULL, 42, NULL, NULL, 1),
(104, 'Interest', 10000000000104, '124819.00', 12210, 41110, '2022-08-21', '2022-08-21 21:00:00', 'LOAN', 5, 52, 1652638968, 15, '709000000000005', 2022, NULL, NULL, 42, NULL, NULL, 1),
(105, 'Principal', 10000000000106, '480607.00', 11110, 11300, '2022-08-28', '2022-08-28 21:00:00', 'LOAN', 5, 53, 1652638968, 15, '709000000000005', 2022, NULL, NULL, 42, NULL, NULL, 1),
(106, 'Interest', 10000000000106, '124819.00', 12210, 41110, '2022-08-28', '2022-08-28 21:00:00', 'LOAN', 5, 53, 1652638968, 15, '709000000000005', 2022, NULL, NULL, 42, NULL, NULL, 1),
(107, 'Principal', 10000000000108, '480607.00', 11110, 11300, '2022-09-04', '2022-09-04 21:00:00', 'LOAN', 5, 54, 1652638968, 15, '709000000000005', 2022, NULL, NULL, 42, NULL, NULL, 1),
(108, 'Interest', 10000000000108, '124819.00', 12210, 41110, '2022-09-04', '2022-09-04 21:00:00', 'LOAN', 5, 54, 1652638968, 15, '709000000000005', 2022, NULL, NULL, 42, NULL, NULL, 1);

-- --------------------------------------------------------

--
-- Table structure for table `ledger_payment`
--

CREATE TABLE `ledger_payment` (
  `id` bigint(20) NOT NULL,
  `reference_no` bigint(20) NOT NULL COMMENT 'Unique reference number for this transaction',
  `loan_id` int(11) DEFAULT NULL,
  `schedule_id` int(11) DEFAULT NULL,
  `investment_id` int(11) DEFAULT NULL,
  `transaction_type` varchar(20) NOT NULL,
  `debit_account` int(11) NOT NULL,
  `paid_by` varchar(255) NOT NULL COMMENT 'Name of person who made this payment',
  `payment_method` int(11) NOT NULL,
  `amount_paid` decimal(23,2) NOT NULL,
  `payment_date` varchar(20) NOT NULL,
  `description` mediumtext,
  `proof_attachment` varchar(255) DEFAULT NULL,
  `created_at` int(11) NOT NULL,
  `created_by` int(11) NOT NULL,
  `updated_by` int(11) DEFAULT NULL,
  `updated_at` int(11) DEFAULT NULL
) ENGINE=InnoDB DEFAULT CHARSET=utf8;

--
-- Dumping data for table `ledger_payment`
--

INSERT INTO `ledger_payment` (`id`, `reference_no`, `loan_id`, `schedule_id`, `investment_id`, `transaction_type`, `debit_account`, `paid_by`, `payment_method`, `amount_paid`, `payment_date`, `description`, `proof_attachment`, `created_at`, `created_by`, `updated_by`, `updated_at`) VALUES
(1, 20000000000001, 93, NULL, NULL, 'Application fees', 41210, 'ROBIN', 59, '20000.00', '30-04-2022', '', NULL, 1651316695, 15, NULL, NULL),
(2, 20000000000002, 14, 45, NULL, 'LOAN', 41110, 'ROBIN', 58, '20000.00', '2022-05-05', 'TEST', '627380ee796db.png', 1651736814, 15, 15, 1651736814),
(3, 20000000000003, 9, 10, NULL, 'LOAN', 41110, 'ROBIN', 58, '1200000.00', '2022-05-11', 'TEST', '627b93b8f3488.jpg', 1652265912, 15, 15, 1652265913),
(4, 20000000000004, 9, 11, NULL, 'LOAN', 41110, 'ROBIN', 58, '400000.00', '2022-05-11', 'TEST', NULL, 1652266015, 15, 15, 1652266015),
(5, 20000000000005, 9, 12, NULL, 'LOAN', 41110, 'ROBIN', 58, '203776.00', '2022-05-11', 'TESTING ', NULL, 1652266104, 15, 15, 1652266104),
(6, 20000000000006, 9, 12, NULL, 'LOAN', 41110, 'ROBIN', 58, '1833400.00', '2022-05-11', 'TESTING 123', NULL, 1652266161, 15, 15, 1652266161),
(7, 20000000000007, 9, 13, NULL, 'LOAN', 41110, 'ROBIN', 58, '1746151.00', '2022-05-11', 'TESTING ', NULL, 1652266245, 15, 15, 1652266245),
(8, 20000000000008, 6, 6, NULL, 'LOAN', 41110, 'ROBIN', 58, '600000.00', '2022-05-11', 'TEST', NULL, 1652353620, 15, 15, 1652353620),
(9, 20000000000009, 6, 6, NULL, 'LOAN', 41110, 'ROBIN', 58, '6000000.00', '2022-05-12', 'TESY', NULL, 1652353711, 15, 15, 1652353711),
(10, 20000000000010, 4, 4, NULL, 'LOAN', 41110, 'ROBIN', 58, '3000000.00', '2022-05-12', 'TEST', NULL, 1652354650, 15, 15, 1652354650),
(11, 20000000000011, 4, 40, NULL, 'LOAN', 41110, 'RESR', 58, '299999.00', '2022-05-04', 'TEST', NULL, 1652354674, 15, 15, 1652354674),
(12, 20000000000012, 4, 4, NULL, 'LOAN', 41110, 'MUGANZI', 58, '4500000.00', '2022-05-12', 'TEST', NULL, 1652354854, 15, 15, 1652354854),
(13, 20000000000013, 94, NULL, NULL, 'Application fees', 41210, 'TEST', 58, '23900.00', '13-05-2022', 'TEST', NULL, 1652450113, 15, NULL, NULL),
(14, 20000000000014, 10, 10, NULL, 'LOAN', 41110, 'ROBIN', 58, '500000.00', '2022-05-14', 'TESTING 1235', '', 1652536154, 15, NULL, NULL),
(15, 20000000000015, 10, 10, NULL, 'LOAN', 41110, 'ROBIN', 58, '500000.00', '2022-05-14', 'TESTING 1235', '627fb37f443fb.jpg', 1652536191, 15, 15, 1652536191),
(16, 20000000000016, 10, 10, NULL, 'LOAN', 41110, 'ROBIN', 58, '500000.00', '2022-05-14', 'TEST', '627fb3ea801f8.jpg', 1652536298, 15, 15, 1652536298),
(17, 20000000000017, 10, 10, NULL, 'LOAN', 41110, 'TEST', 58, '500000.00', '2022-05-14', 'TEST', '627fb4c6a0de9.pdf', 1652536518, 15, 15, 1652536518),
(18, 20000000000018, 10, 10, NULL, 'LOAN', 41110, 'test', 58, '600000.00', '2022-05-14', 'test', '627fb5890db99.pdf', 1652536713, 15, 15, 1652536713),
(19, 20000000000019, 10, 10, NULL, 'LOAN', 41110, 'test', 58, '600000.00', '2022-05-14', 'test', '627fb63924cd9.pdf', 1652536889, 15, 15, 1652536889),
(20, 20000000000020, 10, 10, NULL, 'LOAN', 41110, 'test', 58, '200000.00', '2022-05-14', 'test', '627fb65e1a8b2.pdf', 1652536926, 15, 15, 1652536926),
(21, 20000000000021, 10, 10, NULL, 'LOAN', 41110, 'test', 58, '2000000.00', '2022-05-14', 'test', '627fb697b3b58.pdf', 1652536983, 15, 15, 1652536983),
(22, 20000000000022, 10, 10, NULL, 'LOAN', 41110, 'test', 58, '2000000.00', '2022-05-14', 'test', '627fb6d5502fb.pdf', 1652537045, 15, 15, 1652537045),
(23, 20000000000023, 10, 10, NULL, 'LOAN', 41110, 'test', 58, '30000000.00', '2022-05-14', 'test', '627fb7b00441b.pdf', 1652537264, 15, 15, 1652537264),
(24, 20000000000024, 10, 10, NULL, 'LOAN', 41110, 'test', 58, '2000000.00', '2022-05-14', 'test', NULL, 1652537555, 15, 15, 1652537555),
(25, 20000000000025, 10, 10, NULL, 'LOAN', 41110, 'test', 58, '600000.00', '2022-05-14', 'test', NULL, 1652537647, 15, 15, 1652537647),
(26, 20000000000026, 10, 10, NULL, 'LOAN', 41110, 'test', 58, '600000.00', '2022-05-14', 'test', NULL, 1652537826, 15, 15, 1652537826),
(27, 20000000000027, 10, 10, NULL, 'LOAN', 41110, 'test', 58, '2000000.00', '2022-05-14', 'test', NULL, 1652537864, 15, 15, 1652537864),
(28, 20000000000028, 10, 10, NULL, 'LOAN', 41110, 'test', 58, '60000.00', '2022-05-14', 'test', NULL, 1652537905, 15, 15, 1652537905),
(29, 20000000000029, 10, 10, NULL, 'LOAN', 41110, 'test', 58, '60000.00', '2022-05-14', 'tedst', NULL, 1652538064, 15, 15, 1652538064),
(30, 20000000000030, 10, 10, NULL, 'LOAN', 41110, 'test', 58, '1000000.00', '2022-05-14', 'test', NULL, 1652538104, 15, 15, 1652538104),
(31, 20000000000031, 10, 10, NULL, 'LOAN', 41110, 'test', 58, '226154.00', '2022-05-14', 'test', NULL, 1652538170, 15, 15, 1652538170),
(32, 20000000000032, 10, 10, NULL, 'LOAN', 41110, 'ROBIN', 58, '600000.00', '2022-05-14', 'TEST', NULL, 1652538248, 15, 15, 1652538248),
(33, 20000000000033, 10, 10, NULL, 'LOAN', 41110, 'TES', 58, '1000000.00', '2022-05-14', '', NULL, 1652538276, 15, 15, 1652538276),
(34, 20000000000034, 10, 10, NULL, 'LOAN', 41110, 'ROBIN', 58, '85000.00', '2022-05-14', 'TEST', NULL, 1652538329, 15, 15, 1652538329),
(35, 20000000000035, 10, 10, NULL, 'LOAN', 41110, 'TEST', 58, '82308.00', '2022-05-14', '', NULL, 1652538359, 15, 15, 1652538359),
(36, 20000000000036, 10, 10, NULL, 'LOAN', 41110, 'TEST', 58, '1000000.00', '2022-05-14', '', NULL, 1652538385, 15, 15, 1652538385),
(37, 20000000000037, 3, 3, NULL, 'LOAN', 41110, 'test', 58, '600000.00', '2022-05-14', '', NULL, 1652538604, 15, 15, 1652538604),
(38, 20000000000038, 3, 3, NULL, 'LOAN', 41110, 'ROBIN', 58, '7000000.00', '2022-05-14', '', NULL, 1652543102, 15, 15, 1652543102),
(39, 20000000000039, 3, 3, NULL, 'LOAN', 41110, 'ROBIN', 58, '2000000.00', '2022-05-14', '', NULL, 1652543168, 15, 15, 1652543168),
(40, 20000000000040, 3, 3, NULL, 'LOAN', 41110, 'ROBIN', 58, '2000000.00', '2022-05-14', '', NULL, 1652543229, 15, 15, 1652543229),
(41, 20000000000041, 3, 3, NULL, 'LOAN', 41110, 'ROBIN', 58, '2000000.00', '2022-05-14', 'TEST', NULL, 1652543273, 15, 15, 1652543273),
(42, 20000000000042, 3, 3, NULL, 'LOAN', 41110, 'rtee', 58, '2000000.00', '2022-05-14', '', NULL, 1652543669, 15, 15, 1652543669),
(43, 20000000000043, 5, 5, NULL, 'LOAN', 41110, 'ROBIN', 58, '10000000.00', '2022-05-15', 'TEST', NULL, 1652619017, 15, 15, 1652619017),
(44, 20000000000044, 5, 5, NULL, 'LOAN', 41110, 'ROBIN', 58, '10000000.00', '2022-05-11', 'TEST', NULL, 1652619060, 15, 15, 1652619060),
(45, 20000000000045, 5, 5, NULL, 'LOAN', 41110, 'ROBIN', 58, '10000000.00', '2022-05-12', '', NULL, 1652619098, 15, 15, 1652619098),
(46, 20000000000046, 5, 5, NULL, 'LOAN', 41110, 'ROBIN', 58, '2000000.00', '2022-05-15', 'TEST', NULL, 1652619135, 15, 15, 1652619135),
(47, 20000000000047, 20, 20, NULL, 'LOAN', 41110, 'ROBIN', 58, '2000000.00', '2022-05-15', 'TEST', NULL, 1652619247, 15, 15, 1652619247),
(48, 20000000000048, 20, 20, NULL, 'LOAN', 41110, 'ROBIN', 58, '2000000.00', '2022-05-15', 'TEST', NULL, 1652619284, 15, 15, 1652619284),
(49, 20000000000049, 20, 20, NULL, 'LOAN', 41110, 'ROBIN', 58, '200000.00', '2022-05-15', '', NULL, 1652619311, 15, 15, 1652619311),
(50, 20000000000050, 20, 20, NULL, 'LOAN', 41110, 'RPOBIN', 58, '62246.00', '2022-05-15', 'TESTING', NULL, 1652619364, 15, 15, 1652619364),
(51, 20000000000051, 20, 20, NULL, 'LOAN', 41110, 'ROBIN', 58, '35355.00', '2022-05-15', '', NULL, 1652619416, 15, 15, 1652619416),
(52, 20000000000052, 20, 20, NULL, 'LOAN', 41110, 'ROBIN', 58, '62246.00', '2022-05-15', 'TESTING', NULL, 1652619466, 15, 15, 1652619466),
(53, 20000000000053, 20, 20, NULL, 'LOAN', 41110, 'ROBIN', 58, '62246.00', '2022-05-15', '', NULL, 1652619509, 15, 15, 1652619509),
(54, 20000000000054, 20, 20, NULL, 'LOAN', 41110, 'ROBIN', 58, '106719.00', '2022-05-15', '', NULL, 1652619554, 15, 15, 1652619554),
(55, 20000000000055, 20, 20, NULL, 'LOAN', 41110, 'ROBIN', 58, '62246.00', '2022-05-15', 'TEST', NULL, 1652619632, 15, 15, 1652619632),
(56, 20000000000056, 20, 20, NULL, 'LOAN', 41110, 'ROBIN', 58, '239675.00', '2022-05-15', 'TESTING 12345', NULL, 1652619732, 15, 15, 1652619732),
(57, 20000000000057, 9, 9, NULL, 'LOAN', 41110, 'ROBIN', 58, '60000.00', '2022-05-15', 'TESTING ', NULL, 1652619802, 15, 15, 1652619802),
(58, 20000000000058, 9, 9, NULL, 'LOAN', 41110, 'ROBI ', 58, '864101.00', '2022-05-15', '', NULL, 1652619835, 15, 15, 1652619835),
(59, 20000000000059, 3, 3, NULL, 'LOAN', 41110, 'ROBIN', 58, '4000000.00', '2022-05-15', 'test', NULL, 1652620990, 15, 15, 1652620990),
(60, 20000000000060, 3, 3, NULL, 'LOAN', 41110, 'robin', 58, '1881292.00', '2022-05-15', 'TESTING1234', NULL, 1652621024, 15, 15, 1652621024),
(61, 20000000000061, 3, 3, NULL, 'LOAN', 41110, 'ROBIN', 58, '1470323.00', '2022-05-15', 'TESTING', NULL, 1652621130, 15, 15, 1652621130),
(62, 20000000000062, 3, 3, NULL, 'LOAN', 41110, 'ROBIN', 58, '4000000.00', '2022-05-15', 'TEST', NULL, 1652621694, 15, 15, 1652621694),
(63, 20000000000063, 3, 3, NULL, 'LOAN', 41110, 'ROBIN', 58, '1881292.00', '2022-05-15', 'TEST', NULL, 1652621839, 15, 15, 1652621839),
(64, 20000000000064, 3, 3, NULL, 'LOAN', 41110, 'ROBIN', 58, '2000000.00', '2022-05-15', '', NULL, 1652622497, 15, 15, 1652622497),
(65, 20000000000065, 4, 4, NULL, 'LOAN', 41110, 'TEST', 58, '1220564.00', '2022-05-15', '', NULL, 1652624967, 15, 15, 1652624967),
(66, 20000000000066, 4, 4, NULL, 'LOAN', 41110, 'TESTING 12345', 58, '415141.00', '2022-05-15', '', NULL, 1652625083, 15, 15, 1652625083),
(67, 20000000000067, 4, 4, NULL, 'LOAN', 41110, 'ROBIN', 58, '415141.00', '2022-05-15', 'TEST', NULL, 1652625210, 15, 15, 1652625210),
(68, 20000000000068, 4, 4, NULL, 'LOAN', 41110, 'ROB', 58, '415142.00', '2022-05-15', '', NULL, 1652625251, 15, 15, 1652625251),
(69, 20000000000069, 4, 4, NULL, 'LOAN', 41110, 'TEST', 58, '20000.00', '2022-05-15', '', NULL, 1652625302, 15, 15, 1652625302),
(70, 20000000000070, 4, 4, NULL, 'LOAN', 41110, 'ROBIN', 58, '395141.00', '2022-05-15', 'TEST', NULL, 1652625646, 15, 15, 1652625646),
(71, 20000000000071, 4, 4, NULL, 'LOAN', 41110, 'ROBIN', 58, '349552.00', '2022-05-15', 'TEST', NULL, 1652625682, 15, 15, 1652625682),
(72, 20000000000072, 4, 4, NULL, 'LOAN', 41110, 'ROBIN', 58, '415141.00', '2022-05-15', 'TEST', NULL, 1652625822, 15, 15, 1652625822),
(73, 20000000000073, 4, 4, NULL, 'LOAN', 41110, 'ROBIN', 58, '415142.00', '2022-05-15', 'TEST', NULL, 1652626435, 15, 15, 1652626435),
(74, 20000000000074, 4, 4, NULL, 'LOAN', 41110, 'ROBIN', 58, '1660564.00', '2022-05-15', '', NULL, 1652626730, 15, 15, 1652626730),
(75, 20000000000075, 4, 4, NULL, 'LOAN', 41110, 'ROBIN', 58, '100000.00', '2022-05-15', '', NULL, 1652626780, 15, 15, 1652626780),
(76, 20000000000076, 4, 4, NULL, 'LOAN', 41110, 'ROBIN', 58, '10000.00', '2022-05-15', '', NULL, 1652626823, 15, 15, 1652626823),
(77, 20000000000077, 4, 4, NULL, 'LOAN', 41110, 'ROBIN', 58, '305142.00', '2022-05-15', 'TESTING', NULL, 1652626929, 15, 15, 1652626929),
(78, 20000000000078, 4, 4, NULL, 'LOAN', 41110, 'ROBIN', 58, '150000.00', '2022-05-15', '', NULL, 1652626966, 15, 15, 1652626966),
(79, 20000000000079, 4, 4, NULL, 'LOAN', 41110, 'ROBIN', 58, '265141.00', '2022-05-15', '', NULL, 1652627304, 15, 15, 1652627304),
(80, 20000000000080, 4, 4, NULL, 'LOAN', 41110, 'ROBIN', 58, '415141.00', '2022-05-15', '', NULL, 1652627352, 15, 15, 1652627352),
(81, 20000000000081, 4, 4, NULL, 'LOAN', 41110, 'ROBIN', 58, '415141.00', '2022-05-15', 'TEST', NULL, 1652627450, 15, 15, 1652627450),
(82, 20000000000082, 4, 4, NULL, 'LOAN', 41110, 'ROBIN', 58, '415141.00', '2022-05-15', '', NULL, 1652627610, 15, 15, 1652627610),
(83, 20000000000083, 4, 4, NULL, 'LOAN', 41110, 'RIO', 58, '329552.00', '2022-05-15', '', NULL, 1652627675, 15, 15, 1652627676),
(84, 20000000000084, 93, 93, NULL, 'LOAN', 41110, 'ROBIN', 58, '388034.00', '2022-05-15', '', NULL, 1652628222, 15, 15, 1652628222),
(85, 20000000000085, 93, 93, NULL, 'LOAN', 41110, 'ROBIN', 58, '97008.00', '2022-05-15', '', NULL, 1652628920, 15, 15, 1652628920),
(86, 20000000000086, 93, 93, NULL, 'LOAN', 41110, 'ROBIN', 58, '97008.00', '2022-05-15', 'TEST', NULL, 1652629000, 15, 15, 1652629000),
(87, 20000000000087, 93, 93, NULL, 'LOAN', 41110, 'ROBIN', 58, '96008.00', '2022-05-10', '', NULL, 1652629055, 15, 15, 1652629055),
(88, 20000000000088, 93, 93, NULL, 'LOAN', 41110, 'ROBIN', 58, '1001.00', '2022-05-15', '', NULL, 1652629098, 15, 15, 1652629098),
(89, 20000000000089, 93, 93, NULL, 'LOAN', 41110, 'ROBIN', 58, '97009.00', '2022-05-15', 'TESTING', NULL, 1652629428, 15, 15, 1652629428),
(90, 20000000000090, 93, 93, NULL, 'LOAN', 41110, 'TEST', 58, '97009.00', '2022-05-15', 'TEST', NULL, 1652629650, 15, 15, 1652629650),
(91, 20000000000091, 6, 6, NULL, 'LOAN', 41110, 'ROBIN', 58, '600000.00', '2022-05-15', 'TESTING', NULL, 1652629810, 15, 15, 1652629810),
(92, 20000000000092, 6, 6, NULL, 'LOAN', 41110, 'TEST', 58, '40000.00', '2022-05-15', 'TEST', NULL, 1652629867, 15, 15, 1652629867),
(93, 20000000000093, 6, 6, NULL, 'LOAN', 41110, 'ROBIN', 58, '600000.00', '2022-05-15', '', NULL, 1652630030, 15, 15, 1652630030),
(94, 20000000000094, 6, 6, NULL, 'LOAN', 41110, 'ROBIN', 58, '40000.00', '2022-05-08', '', NULL, 1652630057, 15, 15, 1652630057),
(95, 20000000000095, 6, 6, NULL, 'LOAN', 41110, 'TEST', 58, '600000.00', '2022-05-15', '', NULL, 1652630179, 15, 15, 1652630179),
(96, 20000000000096, 6, 6, NULL, 'LOAN', 41110, 'ROBIN', 58, '40000.00', '2022-05-15', '', NULL, 1652630268, 15, 15, 1652630268),
(97, 20000000000097, 6, 6, NULL, 'LOAN', 41110, 'ROBIN', 58, '2000000.00', '2022-05-15', 'TESTING ', NULL, 1652630362, 15, 15, 1652630362),
(98, 20000000000098, 6, 6, NULL, 'LOAN', 41110, 'TEST', 58, '464268.00', '2022-05-15', 'TESTING 34', NULL, 1652630595, 15, 15, 1652630595),
(99, 20000000000099, 6, 6, NULL, 'LOAN', 41110, 'ROBIN', 58, '776067.00', '2022-05-15', 'TESTING 123456', NULL, 1652630652, 15, 15, 1652630652),
(100, 20000000000100, 6, 6, NULL, 'LOAN', 41110, 'TEST', 58, '776067.00', '2022-05-15', '', NULL, 1652630711, 15, 15, 1652630711),
(101, 20000000000101, 6, 6, NULL, 'LOAN', 41110, 'ROBIN', 58, '776067.00', '2022-05-15', 'TEST', NULL, 1652630955, 15, 15, 1652630956),
(102, 20000000000102, 6, 6, NULL, 'LOAN', 41110, 'TEST', 58, '110715.00', '2022-05-15', 'TEST', NULL, 1652631174, 15, 15, 1652631174),
(103, 20000000000103, 6, 6, NULL, 'LOAN', 41110, 'ROBIN', 58, '665352.00', '2022-05-15', 'TESTING', NULL, 1652631503, 15, 15, 1652631503),
(104, 20000000000104, 6, 6, NULL, 'LOAN', 41110, 'ROBIN', 58, '110715.00', '2022-05-15', '', NULL, 1652631740, 15, 15, 1652631740),
(105, 20000000000105, 6, 6, NULL, 'LOAN', 41110, 'ROBIN', 58, '110715.00', '2022-05-15', '', NULL, 1652631740, 15, 15, 1652631740),
(106, 20000000000106, 6, 6, NULL, 'LOAN', 41110, 'TEST', 58, '554637.00', '2022-05-15', 'TESTING', NULL, 1652631877, 15, 15, 1652631877),
(107, 20000000000107, 6, 6, NULL, 'LOAN', 41110, 'TEST', 58, '110715.00', '2022-05-15', '', NULL, 1652632055, 15, 15, 1652632055),
(108, 20000000000108, 6, 6, NULL, 'LOAN', 41110, 'RBB', 58, '665352.00', '2022-05-15', 'TESTING', NULL, 1652632145, 15, 15, 1652632145),
(109, 20000000000109, 6, 6, NULL, 'LOAN', 41110, '110,715', 58, '110715.00', '2022-05-15', 'TEST', NULL, 1652632240, 15, 15, 1652632240),
(110, 20000000000110, 6, 6, NULL, 'LOAN', 41110, 'TE', 58, '665352.00', '2022-05-15', 'TEST', NULL, 1652632479, 15, 15, 1652632479),
(111, 20000000000111, 6, 6, NULL, 'LOAN', 41110, 'ROBIN', 58, '110715.00', '2022-05-15', 'TESTING 34532', NULL, 1652632615, 15, 15, 1652632616),
(112, 20000000000112, 6, 6, NULL, 'LOAN', 41110, 'ROBIN', 58, '665352.00', '2022-05-15', 'TESTING', NULL, 1652632663, 15, 15, 1652632663),
(113, 20000000000113, 15, 15, NULL, 'LOAN', 41110, 'ROBIN', 58, '360000.00', '2022-05-15', 'TESTING', NULL, 1652632803, 15, 15, 1652632803),
(114, 20000000000114, 15, 15, NULL, 'LOAN', 41110, 'TESTING', 58, '2163462.00', '2022-05-15', 'TESTING', NULL, 1652632875, 15, 15, 1652632875),
(115, 20000000000115, 15, 15, NULL, 'LOAN', 41110, 'TEST', 58, '360000.00', '2022-05-15', 'TESTING', NULL, 1652633020, 15, 15, 1652633020),
(116, 20000000000116, 15, 15, NULL, 'LOAN', 41110, 'ROBIN', 58, '2163462.00', '2022-05-15', 'TESTING 12345', NULL, 1652633696, 15, 15, 1652633696),
(117, 20000000000117, 15, 15, NULL, 'LOAN', 41110, 'ROBIN', 58, '360000.00', '2022-05-15', 'TESTING ', NULL, 1652633888, 15, 15, 1652633888),
(118, 20000000000118, 15, 15, NULL, 'LOAN', 41110, 'ROBIN', 58, '2163462.00', '2022-05-15', 'TEST', NULL, 1652633935, 15, 15, 1652633935),
(119, 20000000000119, 15, 15, NULL, 'LOAN', 41110, '360000', 58, '360000.00', '2022-05-15', '360000', NULL, 1652634151, 15, 15, 1652634151),
(120, 20000000000120, 15, 15, NULL, 'LOAN', 41110, 'ROBIN', 58, '360000.00', '2022-05-15', 'TEST', NULL, 1652634648, 15, 15, 1652634648),
(121, 20000000000121, 15, 15, NULL, 'LOAN', 41110, 'TEST', 58, '2163462.00', '2022-05-15', 'TESTING', NULL, 1652634723, 15, 15, 1652634723),
(122, 20000000000122, 15, 15, NULL, 'LOAN', 41110, 'ROBIN', 58, '360000.00', '2022-05-15', 'TEST', NULL, 1652634993, 15, 15, 1652634993),
(123, 20000000000123, 15, 15, NULL, 'LOAN', 41110, 'ROBIN', 58, '2163462.00', '2022-05-15', 'TESTING', NULL, 1652635081, 15, 15, 1652635081),
(124, 20000000000124, 15, 15, NULL, 'LOAN', 41110, 'ROBIN', 58, '360000.00', '2022-05-15', 'TESTING', NULL, 1652635275, 15, 15, 1652635275),
(125, 20000000000125, 15, 15, NULL, 'LOAN', 41110, '2,163,462', 58, '2163462.00', '2022-05-15', 'TEST', NULL, 1652635397, 15, 15, 1652635397),
(126, 20000000000126, 15, 15, NULL, 'LOAN', 41110, 'ROBIN', 58, '360000.00', '2022-05-15', 'TESTING', NULL, 1652635692, 15, 15, 1652635692),
(127, 20000000000127, 15, 15, NULL, 'LOAN', 41110, 'ROBIN', 58, '360000.00', '2022-05-15', 'TESTING', NULL, 1652635790, 15, 15, 1652635790),
(128, 20000000000128, 15, 15, NULL, 'LOAN', 41110, 'ROBIN', 58, '360000.00', '2022-05-15', 'TEST', NULL, 1652635849, 15, 15, 1652635849),
(129, 20000000000129, 15, 15, NULL, 'LOAN', 41110, 'ROBIN', 58, '360000.00', '2022-05-15', 'TEST', NULL, 1652635972, 15, 15, 1652635972),
(130, 20000000000130, 15, 15, NULL, 'LOAN', 41110, 'TEST', 58, '360000.00', '2022-05-15', 'TEST', NULL, 1652636082, 15, 15, 1652636082),
(131, 20000000000131, 15, 15, NULL, 'LOAN', 41110, 'ROBIJ', 58, '300000.00', '2022-05-15', 'TEST', NULL, 1652636166, 15, 15, 1652636166),
(132, 20000000000132, 15, 15, NULL, 'LOAN', 41110, 'ROBIN', 58, '60000.00', '2022-05-15', '', NULL, 1652636213, 15, 15, 1652636213),
(133, 20000000000133, 15, 15, NULL, 'LOAN', 41110, 'ROBIN', 58, '60000.00', '2022-05-08', 'TEST', NULL, 1652636251, 15, 15, 1652636251),
(134, 20000000000134, 15, 15, NULL, 'LOAN', 41110, 'robin', 58, '2103462.00', '2022-05-15', 'TESTING 12234', NULL, 1652636674, 15, 15, 1652636674),
(135, 20000000000135, 15, 15, NULL, 'LOAN', 41110, 'TEST', 58, '2163462.00', '2022-05-10', 'TEST', NULL, 1652636864, 15, 15, 1652636864),
(136, 20000000000136, 15, 15, NULL, 'LOAN', 41110, 'ROBIN', 58, '2163462.00', '2022-05-15', 'TESTING', NULL, 1652636981, 15, 15, 1652636981),
(137, 20000000000137, 15, 15, NULL, 'LOAN', 41110, 'ROBIN', 58, '90000.00', '2022-05-08', 'TEST', NULL, 1652637091, 15, 15, 1652637091),
(138, 20000000000138, 15, 15, NULL, 'LOAN', 41110, 'ROBIN', 58, '500000.00', '2022-05-15', 'TEST', NULL, 1652637128, 15, 15, 1652637128),
(139, 20000000000139, 15, 15, NULL, 'LOAN', 41110, 'ROBIN', 58, '500000.00', '2022-05-15', 'TESTING', NULL, 1652637257, 15, 15, 1652637257),
(140, 20000000000140, 15, 15, NULL, 'LOAN', 41110, 'ROBIN', 58, '20000.00', '2022-05-15', 'TEST', NULL, 1652637296, 15, 15, 1652637296),
(141, 20000000000141, 15, 15, NULL, 'LOAN', 41110, 'ROBI', 58, '20865.00', '2022-05-15', 'TEST', NULL, 1652637334, 15, 15, 1652637334),
(142, 20000000000142, 15, 15, NULL, 'LOAN', 41110, 'ROBIN', 58, '90000.00', '2022-05-15', 'TEST', NULL, 1652637476, 15, 15, 1652637476),
(143, 20000000000143, 15, 15, NULL, 'LOAN', 41110, 'ROBIN', 58, '500000.00', '2022-05-09', '', NULL, 1652637531, 15, 15, 1652637531),
(144, 20000000000144, 15, 15, NULL, 'LOAN', 41110, 'TEST', 59, '20000.00', '2022-05-09', 'TEST', NULL, 1652637561, 15, 15, 1652637561),
(145, 20000000000145, 15, 15, NULL, 'LOAN', 41110, 'ROBIN', 58, '20000.00', '2022-05-15', 'TEST', NULL, 1652637596, 15, 15, 1652637596),
(146, 20000000000146, 15, 15, NULL, 'LOAN', 41110, 'TESTING', 58, '865.00', '2022-05-15', 'TESTING', NULL, 1652637630, 15, 15, 1652637630),
(147, 20000000000147, 15, 15, NULL, 'LOAN', 41110, 'ROBIN', 58, '90000.00', '2022-05-15', 'TESTING', NULL, 1652637776, 15, 15, 1652637776),
(148, 20000000000148, 15, 15, NULL, 'LOAN', 41110, 'ROBIN', 58, '500000.00', '2022-05-15', 'TESTING', NULL, 1652637813, 15, 15, 1652637813),
(149, 20000000000149, 15, 15, NULL, 'LOAN', 41110, 'RET', 58, '40000.00', '2022-05-08', '', NULL, 1652637854, 15, 15, 1652637854),
(150, 20000000000150, 15, 15, NULL, 'LOAN', 41110, 'ROBIN', 58, '865.00', '2022-05-15', 'TESTING', NULL, 1652637907, 15, 15, 1652637907),
(151, 20000000000151, 15, 15, NULL, 'LOAN', 41110, 'ROBIN', 58, '865.00', '2022-05-15', 'TESTING', NULL, 1652638039, 15, 15, 1652638039),
(152, 20000000000152, 15, 15, NULL, 'LOAN', 41110, 'ROBIN', 58, '865.00', '2022-05-15', 'TEST', NULL, 1652638149, 15, 15, 1652638149),
(153, 20000000000153, 15, 15, NULL, 'LOAN', 41110, 'TEST', 58, '865.00', '2022-05-15', '', NULL, 1652638249, 15, 15, 1652638249),
(154, 20000000000154, 15, 15, NULL, 'LOAN', 41110, 'TEST', 58, '865.00', '2022-05-15', 'TEST', NULL, 1652638406, 15, 15, 1652638406),
(155, 20000000000155, 15, 15, NULL, 'LOAN', 41110, 'ROBIN', 58, '865.00', '2022-05-15', 'TEST', NULL, 1652638539, 15, 15, 1652638539),
(156, 20000000000156, 15, 15, NULL, 'LOAN', 41110, 'TEST', 58, '630866.00', '2022-05-15', 'TEST', NULL, 1652638629, 15, 15, 1652638629),
(157, 20000000000157, 15, 15, NULL, 'LOAN', 41110, 'rovub', 58, '630866.00', '2022-05-15', 'test', NULL, 1652638828, 15, 15, 1652638828),
(158, 20000000000158, 5, 5, NULL, 'LOAN', 41110, 'ROBIN', 58, '2421707.00', '2022-05-09', '', NULL, 1652638999, 15, 15, 1652638999),
(159, 20000000000159, 5, 5, NULL, 'LOAN', 41110, 'TEST', 58, '605427.00', '2022-05-15', '', NULL, 1652639032, 15, 15, 1652639032),
(160, 20000000000160, 5, 5, NULL, 'LOAN', 41110, 'ROBIN', 58, '100000.00', '2022-05-15', '', NULL, 1652639087, 15, 15, 1652639087),
(161, 20000000000161, 5, 5, NULL, 'LOAN', 41110, 'RO', 58, '60420.00', '2022-05-15', 'TEST', NULL, 1652639150, 15, 15, 1652639150),
(162, 20000000000162, 5, 5, NULL, 'LOAN', 41110, 'ROBIN', 58, '400000.00', '2022-05-15', 'TEST', NULL, 1652639242, 15, 15, 1652639242),
(163, 20000000000163, 5, 5, NULL, 'LOAN', 41110, 'robin', 58, '445007.00', '2022-05-16', 'TEST', NULL, 1652667384, 15, 15, 1652667384),
(164, 20000000000164, 5, 5, NULL, 'LOAN', 41110, 'ROBIN', 58, '205427.00', '2022-05-16', 'TEST', NULL, 1652667443, 15, 15, 1652667443),
(165, 20000000000165, 5, 5, NULL, 'LOAN', 41110, 'ROBIN', 58, '124819.00', '2022-05-16', 'TEST', NULL, 1652667521, 15, 15, 1652667521),
(166, 20000000000166, 5, 5, NULL, 'LOAN', 41110, 'ROBIN', 58, '400000.00', '2022-05-16', 'TEST', NULL, 1652667554, 15, 15, 1652667554),
(167, 20000000000167, 5, 5, NULL, 'LOAN', 41110, 'ROBIN', 58, '20000.00', '2022-05-16', 'TEST', NULL, 1652667581, 15, 15, 1652667581),
(168, 20000000000168, 93, NULL, NULL, 'LOAN', 41110, 'ROBIN', 58, '308033.51', '2022-05-17', '', '', 1652776724, 15, NULL, NULL),
(169, 20000000000169, 93, NULL, NULL, 'LOAN', 41110, 'ROBIN', 58, '308033.51', '2022-05-17', '', '', 1652776792, 15, NULL, NULL),
(170, 20000000000170, 93, NULL, NULL, 'LOAN', 41110, 'ROBIN', 58, '308033.51', '2022-05-17', '', NULL, 1652776827, 15, 15, 1652776827);

-- --------------------------------------------------------

--
-- Stand-in structure for view `ledger_report`
-- (See below for the actual view)
--
CREATE TABLE `ledger_report` (
`id` bigint(11)
,`due_date` date
,`ledger_status` int(11)
,`member_account` varchar(45)
,`description` varchar(255)
,`amount` decimal(45,2)
);

-- --------------------------------------------------------

--
-- Table structure for table `ledger_transaction_config`
--

CREATE TABLE `ledger_transaction_config` (
  `id` int(11) NOT NULL,
  `transaction_name` varchar(255) NOT NULL,
  `debit_account` int(11) NOT NULL,
  `credit_account` int(11) NOT NULL,
  `amount` decimal(24,4) DEFAULT NULL,
  `amount_rule` enum('FLEXIBLE','FIXED','PERCENTAGE') NOT NULL,
  `is_primary` int(11) NOT NULL DEFAULT '0',
  `parent_id` int(11) NOT NULL,
  `created_at` int(11) NOT NULL,
  `created_by` int(11) NOT NULL,
  `updated_by` int(11) DEFAULT NULL,
  `updated_at` int(11) DEFAULT NULL,
  `description` mediumtext COMMENT 'Description of transaction configuration',
  `product_type` enum('LOAN','INVESTMENT','ADMIN') NOT NULL COMMENT 'Is this transaction related to loans, investment, or administration?',
  `product_id` int(11) DEFAULT NULL COMMENT 'Specific Product to which this transaction is linked',
  `tags` varchar(100) DEFAULT NULL COMMENT 'The stage at which this transaction is applicable',
  `label_id` int(11) DEFAULT NULL,
  `attracts_penalty` int(11) NOT NULL DEFAULT '0'
) ENGINE=InnoDB DEFAULT CHARSET=utf8;

--
-- Dumping data for table `ledger_transaction_config`
--

INSERT INTO `ledger_transaction_config` (`id`, `transaction_name`, `debit_account`, `credit_account`, `amount`, `amount_rule`, `is_primary`, `parent_id`, `created_at`, `created_by`, `updated_by`, `updated_at`, `description`, `product_type`, `product_id`, `tags`, `label_id`, `attracts_penalty`) VALUES
(1, 'Loan processing fees - Short term loan', 13120, 41210, '50000.0000', 'FIXED', 1, 0, 1631275439, 8, NULL, NULL, NULL, 'LOAN', 56, 'application', 62, 0),
(2, 'Loan Insurance Fees - Short term loans', 13110, 41220, '1.5000', 'PERCENTAGE', 1, 0, 1631334606, 8, NULL, NULL, NULL, 'LOAN', 56, 'insurance', 65, 0),
(3, 'Interest payment - Short term loans', 12210, 41110, NULL, 'FLEXIBLE', 1, 0, 1631546820, 8, NULL, NULL, NULL, 'LOAN', 56, 'interest', 63, 0),
(4, 'Principal Payment - Short Term Loans', 11110, 11300, NULL, 'FLEXIBLE', 1, 0, 1631612812, 8, NULL, NULL, NULL, 'LOAN', 56, 'principal', 64, 0),
(5, 'Loan Processing Fees', 11110, 11000, '500000.0000', 'FLEXIBLE', 1, 0, 1633435439, 2, NULL, NULL, NULL, 'LOAN', 2, NULL, NULL, 0),
(6, 'Loans Disbursement- Short term payments', 11300, 11110, NULL, 'FLEXIBLE', 1, 1, 1634291502, 2, NULL, NULL, NULL, 'LOAN', 1, 'disbursement', 66, 0),
(7, 'Principal Payment - Short Term Loans', 11110, 11300, NULL, 'FIXED', 1, 1, 1634291771, 2, NULL, NULL, NULL, 'LOAN', 1, 'principal', 64, 0),
(8, 'Interest payment - Short term loans', 12210, 41110, '8.0000', 'PERCENTAGE', 1, 1, 1634292054, 2, NULL, NULL, NULL, 'LOAN', 1, 'interest', 63, 0),
(9, 'Loan Insurance Fees - Short term loans', 13110, 41220, '1.5000', 'PERCENTAGE', 1, 1, 1634292169, 2, NULL, NULL, NULL, 'LOAN', 1, 'insurance', 65, 0),
(10, 'Loan processing fees - Short term loan', 13120, 41210, '50000.0000', 'FIXED', 1, 1, 1634292275, 2, NULL, NULL, NULL, 'LOAN', 1, 'application', 62, 0),
(11, 'Interest payment - Investment', 21100, 51010, NULL, 'FLEXIBLE', 1, 0, 1631546820, 8, NULL, NULL, NULL, 'INVESTMENT', 56, 'interest', 71, 0),
(12, 'Principal Payment - Investment', 33020, 13130, NULL, 'FLEXIBLE', 1, 0, 1631612812, 8, NULL, NULL, NULL, 'INVESTMENT', 56, 'investment', 72, 0);

-- --------------------------------------------------------

--
-- Table structure for table `ledger_transaction_type`
--

CREATE TABLE `ledger_transaction_type` (
  `id` int(11) NOT NULL,
  `name` varchar(255) NOT NULL,
  `description` varchar(500) DEFAULT NULL,
  `is_split` int(11) NOT NULL,
  `module_id` int(11) NOT NULL,
  `created_by` int(11) NOT NULL,
  `created_at` int(11) NOT NULL,
  `updated_by` int(11) DEFAULT NULL,
  `updated_at` int(11) DEFAULT NULL
) ENGINE=InnoDB DEFAULT CHARSET=utf8 COMMENT='Categories of transactions which can be performed in the system';

--
-- Dumping data for table `ledger_transaction_type`
--

INSERT INTO `ledger_transaction_type` (`id`, `name`, `description`, `is_split`, `module_id`, `created_by`, `created_at`, `updated_by`, `updated_at`) VALUES
(1, 'Investor Deposits', 'Deposits by Investors', 0, 0, 1, 1630929045, NULL, NULL),
(2, 'Loan Processing Fess', 'Fees charged to facilitate loan payments', 0, 0, 1, 1630929045, NULL, NULL),
(3, 'Loan Disbursement', 'Loan disbursement amounts', 0, 0, 1, 1630929045, NULL, NULL),
(4, 'Interest on Loans', 'Interests earned on loans', 0, 0, 1, 1630929045, NULL, NULL),
(5, 'Loan Principle Payment', 'Payments of principle loan amount', 0, 0, 1, 1630929045, NULL, NULL),
(6, 'Loan Insurance Fees', 'Insurance fees charged on loans', 0, 0, 1, 1630929045, NULL, NULL),
(7, 'Penalty on late payments', 'Penatlies for late payments on loans', 0, 0, 1, 1630929045, NULL, NULL),
(8, 'Early settlement fees', 'Early settlement fees for given loans', 0, 0, 1, 1630929045, NULL, NULL);

-- --------------------------------------------------------

--
-- Table structure for table `loan`
--

CREATE TABLE `loan` (
  `id` int(11) NOT NULL,
  `reference_number` bigint(20) DEFAULT NULL,
  `client_id` int(11) DEFAULT NULL,
  `loan_product` int(11) DEFAULT NULL,
  `amount_applied_for` decimal(23,2) DEFAULT NULL,
  `amount_approved` decimal(23,2) DEFAULT NULL,
  `top_up_amount` decimal(23,2) DEFAULT NULL,
  `balance` decimal(23,2) DEFAULT NULL,
  `currency` int(11) DEFAULT NULL,
  `interest_rate` int(11) DEFAULT NULL,
  `disbursment_date` varchar(10) DEFAULT NULL,
  `application_date` varchar(10) DEFAULT NULL,
  `interest_frequency` varchar(6) DEFAULT NULL,
  `installment_frequency` varchar(7) DEFAULT NULL,
  `loan_period` int(11) DEFAULT NULL,
  `amortization_method` int(11) DEFAULT NULL,
  `loan_type` int(11) DEFAULT NULL,
  `status` int(11) DEFAULT NULL,
  `application_payment_status` int(11) DEFAULT NULL,
  `created_at` int(11) DEFAULT NULL,
  `created_by` int(11) DEFAULT NULL,
  `updated_at` int(11) DEFAULT NULL,
  `updated_by` int(11) DEFAULT NULL,
  `submitted_at` int(11) DEFAULT NULL,
  `submitted_by` int(11) DEFAULT NULL,
  `approved_at` int(11) DEFAULT NULL,
  `approved_by` int(11) DEFAULT NULL,
  `manager_submitted_at` int(11) DEFAULT NULL,
  `manager_submitted_by` int(11) DEFAULT NULL
) ENGINE=InnoDB DEFAULT CHARSET=utf8;

--
-- Dumping data for table `loan`
--

INSERT INTO `loan` (`id`, `reference_number`, `client_id`, `loan_product`, `amount_applied_for`, `amount_approved`, `top_up_amount`, `balance`, `currency`, `interest_rate`, `disbursment_date`, `application_date`, `interest_frequency`, `installment_frequency`, `loan_period`, `amortization_method`, `loan_type`, `status`, `application_payment_status`, `created_at`, `created_by`, `updated_at`, `updated_by`, `submitted_at`, `submitted_by`, `approved_at`, `approved_by`, `manager_submitted_at`, `manager_submitted_by`) VALUES
(1, 80900000000001, 1, 56, '3000000.00', '3000000.00', NULL, NULL, 35, 8, '2022-04-27', '22.03.2021', 'WEEKLY', 'MONTHLY', 2, 40, 1, 87, 42, 1646382079, 24, NULL, NULL, 1652694192, 15, 1651048105, 15, NULL, NULL),
(2, 80900000000002, 2, 56, '3000000.00', '3000000.00', NULL, NULL, 35, 8, '2022-05-02', '02.02.2022', 'WEEKLY', 'MONTHLY', 3, 40, 1, 87, 42, 1646382079, 24, NULL, NULL, 1652691869, 15, 1651523956, 15, NULL, NULL),
(3, 80900000000003, 3, 56, '10487900.00', '10487900.00', NULL, NULL, 35, 8, '2022-05-15', '03.10.2021', 'WEEKLY', 'MONTHLY', 2, 40, 1, 41, 42, 1646382079, 24, NULL, NULL, NULL, NULL, 1652620570, 15, NULL, NULL),
(4, 80900000000004, 4, 56, '5500000.00', '5500000.00', NULL, NULL, 35, 8, '2022-05-15', '24.08.2021', 'WEEKLY', 'MONTHLY', 4, 40, 1, 41, 42, 1646382079, 24, NULL, NULL, NULL, NULL, 1652622727, 15, NULL, NULL),
(5, 80900000000005, 5, 56, '8021000.00', '8021000.00', NULL, NULL, 35, 8, '2022-05-15', '24.02.2022', 'WEEKLY', 'MONTHLY', 4, 40, 1, 41, 42, 1646382079, 24, NULL, NULL, NULL, NULL, 1652638959, 15, NULL, NULL),
(6, 80900000000006, 6, 56, '8000000.00', '8000000.00', NULL, NULL, 35, 8, '2022-05-15', '23.12.2021', 'WEEKLY', 'MONTHLY', 3, 40, 1, 41, 42, 1646382079, 24, NULL, NULL, NULL, NULL, 1652629756, 15, NULL, NULL),
(7, 80900000000007, 7, 56, '3300000.00', '3300000.00', NULL, NULL, 35, 8, '2022-04-27', '03.12.2020', 'WEEKLY', 'MONTHLY', 4, 40, 1, 87, 42, 1646382079, 24, NULL, NULL, 1652689247, 15, 1651058762, 15, NULL, NULL),
(8, 80900000000008, 8, 56, '7500000.00', '7500000.00', NULL, NULL, 35, 8, '2022-04-27', '4.05.2021', 'WEEKLY', 'MONTHLY', 4, 40, 1, 87, 42, 1646382079, 24, NULL, NULL, 1652689433, 15, 1651058680, 15, NULL, NULL),
(9, 80900000000009, 9, 56, '3000000.00', '3000000.00', NULL, NULL, 35, 8, '2022-05-14', '5.11.2021', 'WEEKLY', 'MONTHLY', 3, 40, 1, 87, 42, 1646382079, 24, NULL, NULL, 1652692288, 15, 1652523569, 15, NULL, NULL),
(10, 80900000000010, 10, 56, '4000000.00', '4000000.00', NULL, NULL, 35, 8, '2022-05-14', '18.05.2021', 'WEEKLY', 'MONTHLY', 2, 40, 1, 41, 42, 1646382079, 24, NULL, NULL, NULL, NULL, 1652526771, 15, NULL, NULL),
(11, 80900000000011, 11, 56, '8516000.00', '8516000.00', NULL, NULL, 35, 8, '2022-04-27', '19.02.2022', 'WEEKLY', 'MONTHLY', 4, 40, 1, 41, 42, 1646382079, 24, NULL, NULL, NULL, NULL, 1651058815, 15, NULL, NULL),
(12, 80900000000012, 12, 56, '10000000.00', '10000000.00', NULL, NULL, 35, 8, '22.10.2021', '22.10.2021', 'WEEKLY', 'MONTHLY', 6, 40, 1, 41, 42, 1646382079, 24, NULL, NULL, NULL, NULL, NULL, NULL, NULL, NULL),
(13, 80900000000013, 13, 56, '1000000.00', '1000000.00', NULL, NULL, 35, 8, '27.01.2021', '27.01.2021', 'WEEKLY', 'MONTHLY', 2, 40, 1, 87, 42, 1646382079, 24, NULL, NULL, 1652693467, 15, NULL, NULL, NULL, NULL),
(14, 80900000000014, 14, 56, '5000000.00', '5000000.00', NULL, NULL, 35, 8, '2022-05-03', '08.02.2022', 'WEEKLY', 'MONTHLY', 4, 40, 1, 41, 42, 1646382079, 24, NULL, NULL, NULL, NULL, 1651551114, 15, NULL, NULL),
(15, 80900000000015, 15, 56, '4500000.00', '4500000.00', NULL, NULL, 35, 8, '2022-05-15', '07.10.2021', 'WEEKLY', 'MONTHLY', 2, 40, 1, 41, 42, 1646382079, 24, NULL, NULL, NULL, NULL, 1652632766, 15, NULL, NULL),
(16, 80900000000016, 16, 56, '4000000.00', '4000000.00', NULL, NULL, 35, 8, '2022-05-03', '31.01.2022', 'WEEKLY', 'MONTHLY', 4, 40, 1, 41, 42, 1646382079, 24, NULL, NULL, NULL, NULL, 1651550642, 15, NULL, NULL),
(17, 80900000000017, 17, 56, '2000000.00', '2000000.00', NULL, NULL, 35, 8, '5.03.2021', '5.03.2021', 'WEEKLY', 'MONTHLY', 2, 40, 1, 20, 42, 1646382079, 24, NULL, NULL, NULL, NULL, NULL, NULL, NULL, NULL),
(18, 80900000000018, 18, 56, '1500000.00', '1500000.00', NULL, NULL, 35, 8, '15.12.2020', '15.12.2020', 'WEEKLY', 'MONTHLY', 1, 40, 1, 20, 42, 1646382079, 24, NULL, NULL, NULL, NULL, NULL, NULL, NULL, NULL),
(19, 80900000000019, 19, 56, '4500000.00', '4500000.00', NULL, NULL, 35, 8, '12.12.2020', '12.12.2020', 'WEEKLY', 'MONTHLY', 2, 40, 1, 20, 42, 1646382079, 24, NULL, NULL, NULL, NULL, NULL, NULL, NULL, NULL),
(20, 80900000000020, 20, 56, '4000000.00', '4000000.00', NULL, NULL, 35, 8, '2022-05-15', '15.02.2021', 'WEEKLY', 'MONTHLY', 4, 40, 1, 41, 42, 1646382079, 24, NULL, NULL, NULL, NULL, 1652619164, 15, NULL, NULL),
(21, 80900000000021, 21, 56, '2000000.00', '2000000.00', NULL, NULL, 35, 8, '22.12.2020', '22.12.2020', 'WEEKLY', 'MONTHLY', 2, 40, 1, 20, 42, 1646382079, 24, NULL, NULL, NULL, NULL, NULL, NULL, NULL, NULL),
(22, 80900000000022, 22, 56, '1600000.00', '1600000.00', NULL, NULL, 35, 8, '07.02.2022', '07.02.2022', 'WEEKLY', 'MONTHLY', 3, 40, 1, 20, 42, 1646382079, 24, NULL, NULL, NULL, NULL, NULL, NULL, NULL, NULL),
(23, 80900000000023, 23, 56, '4000000.00', '4000000.00', NULL, NULL, 35, 8, '23.12.2020', '23.12.2020', 'WEEKLY', 'MONTHLY', 1, 40, 1, 20, 42, 1646382079, 24, NULL, NULL, NULL, NULL, NULL, NULL, NULL, NULL),
(24, 80900000000024, 24, 56, '3500000.00', '3500000.00', NULL, NULL, 35, 8, '25.01.2022', '25.01.2022', 'WEEKLY', 'MONTHLY', 3, 40, 1, 20, 42, 1646382079, 24, NULL, NULL, NULL, NULL, NULL, NULL, NULL, NULL),
(25, 80900000000025, 25, 56, '2500000.00', '2500000.00', NULL, NULL, 35, 8, '27.04.2021', '27.04.2021', 'WEEKLY', 'MONTHLY', 1, 40, 1, 20, 42, 1646382079, 24, NULL, NULL, NULL, NULL, NULL, NULL, NULL, NULL),
(26, 80900000000026, 26, 56, '1500000.00', '1500000.00', NULL, NULL, 35, 8, '11.02.2021', '11.02.2021', 'WEEKLY', 'MONTHLY', 2, 40, 1, 20, 42, 1646382079, 24, NULL, NULL, NULL, NULL, NULL, NULL, NULL, NULL),
(27, 80900000000027, 27, 56, '3500000.00', '3500000.00', NULL, NULL, 35, 8, '13.03.2021', '13.03.2021', 'WEEKLY', 'MONTHLY', 3, 40, 1, 20, 42, 1646382079, 24, NULL, NULL, NULL, NULL, NULL, NULL, NULL, NULL),
(28, 80900000000028, 28, 56, '3700000.00', '3700000.00', NULL, NULL, 35, 8, '26.05.2021', '26.05.2021', 'WEEKLY', 'MONTHLY', 3, 40, 1, 20, 42, 1646382079, 24, NULL, NULL, NULL, NULL, NULL, NULL, NULL, NULL),
(29, 80900000000029, 29, 56, '3000000.00', '3000000.00', NULL, NULL, 35, 8, '2022-04-27', '03.08.2021', 'WEEKLY', 'MONTHLY', 3, 40, 1, 20, 42, 1646382079, 24, NULL, NULL, NULL, NULL, 1651060252, 15, NULL, NULL),
(30, 80900000000030, 30, 56, '5500000.00', '5500000.00', NULL, NULL, 35, 8, '5.03.2021', '5.03.2021', 'WEEKLY', 'MONTHLY', 4, 40, 1, 20, 42, 1646382079, 24, NULL, NULL, NULL, NULL, NULL, NULL, NULL, NULL),
(31, 80900000000031, 31, 56, '5000000.00', '5000000.00', NULL, NULL, 35, 8, '24.11.2021', '24.11.2021', 'WEEKLY', 'MONTHLY', 2, 40, 1, 20, 42, 1646382079, 24, NULL, NULL, NULL, NULL, NULL, NULL, NULL, NULL),
(32, 80900000000032, 32, 56, '4000000.00', '4000000.00', NULL, NULL, 35, 8, '2022-04-27', '11.04.2022', 'WEEKLY', 'MONTHLY', 3, 40, 1, 41, 42, 1646382079, 24, NULL, NULL, NULL, NULL, 1651068426, 15, NULL, NULL),
(33, 80900000000033, 33, 56, '500000.00', '500000.00', NULL, NULL, 35, 8, '10.03.2022', '10.03.2022', 'WEEKLY', 'MONTHLY', 1, 40, 1, 20, 42, 1646382079, 24, NULL, NULL, NULL, NULL, NULL, NULL, NULL, NULL),
(34, 80900000000034, 34, 56, '2000000.00', '2000000.00', NULL, NULL, 35, 8, '14.01.2022', '14.01.2022', 'WEEKLY', 'MONTHLY', 2, 40, 1, 20, 42, 1646382079, 24, NULL, NULL, NULL, NULL, NULL, NULL, NULL, NULL),
(35, 80900000000035, 35, 56, '5000000.00', '5000000.00', NULL, NULL, 35, 8, '2022-04-27', '08.12.2021', 'WEEKLY', 'MONTHLY', 3, 40, 1, 41, 42, 1646382079, 24, NULL, NULL, NULL, NULL, 1651068857, 15, NULL, NULL),
(36, 80900000000036, 36, 56, '5000000.00', '5000000.00', NULL, NULL, 35, 8, '2022-04-27', '2.02.2021', 'WEEKLY', 'MONTHLY', 3, 40, 1, 41, 42, 1646382079, 24, NULL, NULL, NULL, NULL, 1651069972, 15, NULL, NULL),
(37, 80900000000037, 37, 56, '5000000.00', '5000000.00', NULL, NULL, 35, 8, '28.03.2022', '28.03.2022', 'WEEKLY', 'MONTHLY', 2, 40, 1, 20, 42, 1646382079, 24, NULL, NULL, NULL, NULL, NULL, NULL, NULL, NULL),
(38, 80900000000038, 38, 56, '5000000.00', '5000000.00', NULL, NULL, 35, 8, '28.10.2021', '28.10.2021', 'WEEKLY', 'MONTHLY', 4, 40, 1, 20, 42, 1646382079, 24, NULL, NULL, NULL, NULL, NULL, NULL, NULL, NULL),
(39, 80900000000039, 39, 56, '3000000.00', '3000000.00', NULL, NULL, 35, 8, '10.03.2021', '10.03.2021', 'WEEKLY', 'MONTHLY', 1, 40, 1, 20, 42, 1646382079, 24, NULL, NULL, NULL, NULL, NULL, NULL, NULL, NULL),
(40, 80900000000040, 40, 56, '5000000.00', '5000000.00', NULL, NULL, 35, 8, '25.03.2021', '25.03.2021', 'WEEKLY', 'MONTHLY', 1, 40, 1, 41, 42, 1646382079, 24, NULL, NULL, NULL, NULL, NULL, NULL, NULL, NULL),
(41, 80900000000041, 41, 56, '3000000.00', '3000000.00', NULL, NULL, 35, 8, '2022-04-27', '14.05.2021', 'WEEKLY', 'MONTHLY', 2, 40, 1, 41, 42, 1646382079, 24, NULL, NULL, NULL, NULL, 1651060133, 15, NULL, NULL),
(42, 80900000000042, 42, 56, '3000000.00', '3000000.00', NULL, NULL, 35, 8, '2022-04-27', '31.01.2022', 'WEEKLY', 'MONTHLY', 4, 40, 1, 41, 42, 1646382079, 24, NULL, NULL, NULL, NULL, 1651071234, 15, NULL, NULL),
(43, 80900000000043, 43, 56, '2500000.00', '2500000.00', NULL, NULL, 35, 8, '06.10.2021', '06.10.2021', 'WEEKLY', 'MONTHLY', 2, 40, 1, 20, 42, 1646382079, 24, NULL, NULL, NULL, NULL, NULL, NULL, NULL, NULL),
(44, 80900000000044, 44, 56, '2700000.00', '2700000.00', NULL, NULL, 35, 8, '2.02.2021', '2.02.2021', 'WEEKLY', 'MONTHLY', 1, 40, 1, 20, 42, 1646382079, 24, NULL, NULL, NULL, NULL, NULL, NULL, NULL, NULL),
(45, 80900000000045, 45, 56, '3000000.00', '3000000.00', NULL, NULL, 35, 8, '5.03.2021', '5.03.2021', 'WEEKLY', 'MONTHLY', 2, 40, 1, 41, 42, 1646382079, 24, NULL, NULL, NULL, NULL, NULL, NULL, NULL, NULL),
(46, 80900000000046, 46, 56, '3000000.00', '3000000.00', NULL, NULL, 35, 8, '2022-05-02', '23.07.2021', 'WEEKLY', 'MONTHLY', 6, 40, 1, 41, 42, 1646382079, 24, NULL, NULL, NULL, NULL, 1651512968, 15, NULL, NULL),
(47, 80900000000047, 47, 56, '5000000.00', '5000000.00', NULL, NULL, 35, 8, '2022-04-27', '02.02.2021', 'WEEKLY', 'MONTHLY', 5, 40, 1, 41, 42, 1646382079, 24, NULL, NULL, NULL, NULL, 1651069189, 15, NULL, NULL),
(48, 80900000000048, 48, 56, '6000000.00', '6000000.00', NULL, NULL, 35, 8, '2022-04-27', '18.05.2021', 'WEEKLY', 'MONTHLY', 4, 40, 1, 41, 42, 1646382079, 24, NULL, NULL, NULL, NULL, 1651070654, 15, NULL, NULL),
(49, 80900000000049, 49, 56, '3500000.00', '3500000.00', NULL, NULL, 35, 8, '14.09.2021', '14.09.2021', 'WEEKLY', 'MONTHLY', 2, 40, 1, 20, 42, 1646382079, 24, NULL, NULL, NULL, NULL, NULL, NULL, NULL, NULL),
(50, 80900000000050, 50, 56, '2500000.00', '2500000.00', NULL, NULL, 35, 8, '26.04.2021', '26.04.2021', 'WEEKLY', 'MONTHLY', 3, 40, 1, 20, 42, 1646382079, 24, NULL, NULL, NULL, NULL, NULL, NULL, NULL, NULL),
(51, 80900000000051, 51, 56, '10127000.00', '10127000.00', NULL, NULL, 35, 8, '09.03.2022', '09.03.2022', 'WEEKLY', 'MONTHLY', 4, 40, 1, 20, 42, 1646382079, 24, NULL, NULL, NULL, NULL, NULL, NULL, NULL, NULL),
(52, 80900000000052, 52, 56, '1000000.00', '1000000.00', NULL, NULL, 35, 8, '13.04.2022', '13.04.2022', 'WEEKLY', 'MONTHLY', 3, 40, 1, 20, 42, 1646382079, 24, NULL, NULL, NULL, NULL, NULL, NULL, NULL, NULL),
(53, 80900000000053, 53, 56, '3000000.00', '3000000.00', NULL, NULL, 35, 8, '2022-04-27', '05.03.2022', 'WEEKLY', 'MONTHLY', 4, 40, 1, 41, 42, 1646382079, 24, NULL, NULL, NULL, NULL, 1651069555, 15, NULL, NULL),
(54, 80900000000054, 54, 56, '3000000.00', '3000000.00', NULL, NULL, 35, 8, '03.05.2021', '03.05.2021', 'WEEKLY', 'MONTHLY', 3, 40, 1, 20, 42, 1646382079, 24, NULL, NULL, NULL, NULL, NULL, NULL, NULL, NULL),
(55, 80900000000055, 55, 56, '2500000.00', '2500000.00', NULL, NULL, 35, 8, '01.03.2022', '01.03.2022', 'WEEKLY', 'MONTHLY', 1, 40, 1, 20, 42, 1646382079, 24, NULL, NULL, NULL, NULL, NULL, NULL, NULL, NULL),
(56, 80900000000056, 56, 56, '5500000.00', '5500000.00', NULL, NULL, 35, 8, '02.08.2021', '02.08.2021', 'WEEKLY', 'MONTHLY', 3, 40, 1, 20, 42, 1646382079, 24, NULL, NULL, NULL, NULL, NULL, NULL, NULL, NULL),
(57, 80900000000057, 57, 56, '5000000.00', '5000000.00', NULL, NULL, 35, 8, '12.08.2021', '12.08.2021', 'WEEKLY', 'MONTHLY', 2, 40, 1, 20, 42, 1646382079, 24, NULL, NULL, NULL, NULL, NULL, NULL, NULL, NULL),
(58, 80900000000058, 58, 56, '5000000.00', '5000000.00', NULL, NULL, 35, 8, '17.08.2021', '17.08.2021', 'WEEKLY', 'MONTHLY', 2, 40, 1, 20, 42, 1646382079, 24, NULL, NULL, NULL, NULL, NULL, NULL, NULL, NULL),
(59, 80900000000059, 59, 56, '3000000.00', '3000000.00', NULL, NULL, 35, 8, '2022-04-27', '04.01.2021', 'WEEKLY', 'MONTHLY', 3, 40, 1, 41, 42, 1646382079, 24, NULL, NULL, NULL, NULL, 1651071419, 15, NULL, NULL),
(60, 80900000000060, 60, 56, '3000000.00', '3000000.00', NULL, NULL, 35, 8, '2022-04-27', '21.10.2021', 'WEEKLY', 'MONTHLY', 3, 40, 1, 41, 42, 1646382079, 24, NULL, NULL, NULL, NULL, 1651070345, 15, NULL, NULL),
(61, 80900000000061, 61, 56, '600000.00', '600000.00', NULL, NULL, 35, 8, '11.03.2022', '11.03.2022', 'WEEKLY', 'MONTHLY', 2, 40, 1, 20, 42, 1646382079, 24, NULL, NULL, NULL, NULL, NULL, NULL, NULL, NULL),
(62, 80900000000062, 62, 56, '10000000.00', '10000000.00', NULL, NULL, 35, 8, '05.01.2022', '05.01.2022', 'WEEKLY', 'MONTHLY', 2, 40, 1, 20, 42, 1646382079, 24, NULL, NULL, NULL, NULL, NULL, NULL, NULL, NULL),
(63, 80900000000063, 63, 56, '7000000.00', '7000000.00', NULL, NULL, 35, 8, '15.11.2021', '15.11.2021', 'WEEKLY', 'MONTHLY', 2, 40, 1, 20, 42, 1646382079, 24, NULL, NULL, NULL, NULL, NULL, NULL, NULL, NULL),
(64, 80900000000064, 64, 56, '4000000.00', '4000000.00', NULL, NULL, 35, 8, '2022-04-27', '31.03.2022', 'WEEKLY', 'MONTHLY', 3, 40, 1, 41, 42, 1646382079, 24, NULL, NULL, NULL, NULL, 1651072190, 15, NULL, NULL),
(65, 80900000000065, 65, 56, '2000000.00', '2000000.00', NULL, NULL, 35, 8, '30.12.2021', '30.12.2021', 'WEEKLY', 'MONTHLY', 2, 40, 1, 20, 42, 1646382079, 24, NULL, NULL, NULL, NULL, NULL, NULL, NULL, NULL),
(66, 80900000000066, 66, 56, '11300000.00', '11300000.00', NULL, NULL, 35, 8, '26.10.2021', '26.10.2021', 'WEEKLY', 'MONTHLY', 2, 40, 1, 20, 42, 1646382079, 24, NULL, NULL, NULL, NULL, NULL, NULL, NULL, NULL),
(67, 80900000000067, 67, 56, '1000000.00', '1000000.00', NULL, NULL, 35, 8, '17.01.2022', '17.01.2022', 'WEEKLY', 'MONTHLY', 2, 40, 1, 20, 42, 1646382079, 24, NULL, NULL, NULL, NULL, NULL, NULL, NULL, NULL),
(68, 80900000000068, 68, 56, '2000000.00', '2000000.00', NULL, NULL, 35, 8, '29.10.2021', '29.10.2021', 'WEEKLY', 'MONTHLY', 2, 40, 1, 20, 42, 1646382079, 24, NULL, NULL, NULL, NULL, NULL, NULL, NULL, NULL),
(69, 80900000000069, 69, 56, '3000000.00', '3000000.00', NULL, NULL, 35, 8, '02.10.2021', '02.10.2021', 'WEEKLY', 'MONTHLY', 2, 40, 1, 20, 42, 1646382079, 24, NULL, NULL, NULL, NULL, NULL, NULL, NULL, NULL),
(70, 80900000000070, 70, 56, '2500000.00', '2500000.00', NULL, NULL, 35, 8, '9.11.2021', '9.11.2021', 'WEEKLY', 'MONTHLY', 2, 40, 1, 20, 42, 1646382079, 24, NULL, NULL, NULL, NULL, NULL, NULL, NULL, NULL),
(71, 80900000000071, 71, 56, '4000000.00', '4000000.00', NULL, NULL, 35, 8, '11.11.2021', '11.11.2021', 'WEEKLY', 'MONTHLY', 3, 40, 1, 20, 42, 1646382079, 24, NULL, NULL, NULL, NULL, NULL, NULL, NULL, NULL),
(72, 80900000000072, 72, 56, '1000000.00', '1000000.00', NULL, NULL, 35, 8, '05.01.2022', '05.01.2022', 'WEEKLY', 'MONTHLY', 2, 40, 1, 20, 42, 1646382079, 24, NULL, NULL, NULL, NULL, NULL, NULL, NULL, NULL),
(73, 80900000000073, 73, 56, '4500000.00', '4500000.00', NULL, NULL, 35, 8, '23.11.2021', '23.11.2021', 'WEEKLY', 'MONTHLY', 2, 40, 1, 20, 42, 1646382079, 24, NULL, NULL, NULL, NULL, NULL, NULL, NULL, NULL),
(74, 80900000000074, 74, 56, '3000000.00', '3000000.00', NULL, NULL, 35, 8, '25.11.2021', '25.11.2021', 'WEEKLY', 'MONTHLY', 1, 40, 1, 20, 42, 1646382079, 24, NULL, NULL, NULL, NULL, NULL, NULL, NULL, NULL),
(75, 80900000000075, 75, 56, '3000000.00', '3000000.00', NULL, NULL, 35, 8, '29.11.2021', '29.11.2021', 'WEEKLY', 'MONTHLY', 4, 40, 1, 20, 42, 1646382079, 24, NULL, NULL, NULL, NULL, NULL, NULL, NULL, NULL),
(76, 80900000000076, 76, 56, '3000000.00', '3000000.00', NULL, NULL, 35, 8, '03.12.2021', '03.12.2021', 'WEEKLY', 'MONTHLY', 4, 40, 1, 20, 42, 1646382079, 24, NULL, NULL, NULL, NULL, NULL, NULL, NULL, NULL),
(77, 80900000000077, 77, 56, '5000000.00', '5000000.00', NULL, NULL, 35, 8, '10.12.2021', '10.12.2021', 'WEEKLY', 'MONTHLY', 4, 40, 1, 20, 42, 1646382079, 24, NULL, NULL, NULL, NULL, NULL, NULL, NULL, NULL),
(78, 80900000000078, 78, 56, '3000000.00', '3000000.00', NULL, NULL, 35, 8, '21.12.2021', '21.12.2021', 'WEEKLY', 'MONTHLY', 2, 40, 1, 20, 42, 1646382079, 24, NULL, NULL, NULL, NULL, NULL, NULL, NULL, NULL),
(79, 80900000000079, 79, 56, '700000.00', '700000.00', NULL, NULL, 35, 8, '14.03.2022', '14.03.2022', 'WEEKLY', 'MONTHLY', 3, 40, 1, 20, 42, 1646382079, 24, NULL, NULL, NULL, NULL, NULL, NULL, NULL, NULL),
(80, 80900000000080, 80, 56, '800000.00', '800000.00', NULL, NULL, 35, 8, '05.01.2022', '05.01.2022', 'WEEKLY', 'MONTHLY', 2, 40, 1, 20, 42, 1646382079, 24, NULL, NULL, NULL, NULL, NULL, NULL, NULL, NULL),
(81, 80900000000081, 81, 56, '4000000.00', '4000000.00', NULL, NULL, 35, 8, '11.01.2022', '11.01.2022', 'WEEKLY', 'MONTHLY', 4, 40, 1, 20, 42, 1646382079, 24, NULL, NULL, NULL, NULL, NULL, NULL, NULL, NULL),
(82, 80900000000082, 82, 56, '1500000.00', '1500000.00', NULL, NULL, 35, 8, '23.03.2022', '23.03.2022', 'WEEKLY', 'MONTHLY', 2, 40, 1, 20, 42, 1646382079, 24, NULL, NULL, NULL, NULL, NULL, NULL, NULL, NULL),
(83, 80900000000083, 83, 56, '2000000.00', '2000000.00', NULL, NULL, 35, 8, '17.01.2022', '17.01.2022', 'WEEKLY', 'MONTHLY', 2, 40, 1, 20, 42, 1646382079, 24, NULL, NULL, NULL, NULL, NULL, NULL, NULL, NULL),
(84, 80900000000084, 84, 56, '2000000.00', '2000000.00', NULL, NULL, 35, 8, '14.01.2022', '14.01.2022', 'WEEKLY', 'MONTHLY', 2, 40, 1, 20, 42, 1646382079, 24, NULL, NULL, NULL, NULL, NULL, NULL, NULL, NULL),
(85, 80900000000085, 85, 56, '1000000.00', '1000000.00', NULL, NULL, 35, 8, '25.02.2022', '25.02.2022', 'WEEKLY', 'MONTHLY', 2, 40, 1, 20, 42, 1646382079, 24, NULL, NULL, NULL, NULL, NULL, NULL, NULL, NULL),
(86, 80900000000086, 86, 56, '4000000.00', '4000000.00', NULL, NULL, 35, 8, '28.02.2022', '28.02.2022', 'WEEKLY', 'MONTHLY', 4, 40, 1, 20, 42, 1646382079, 24, NULL, NULL, NULL, NULL, NULL, NULL, NULL, NULL),
(87, 80900000000087, 87, 56, '2000000.00', '2000000.00', NULL, NULL, 35, 8, '10.03.2022', '10.03.2022', 'WEEKLY', 'MONTHLY', 4, 40, 1, 20, 42, 1646382079, 24, NULL, NULL, NULL, NULL, NULL, NULL, NULL, NULL),
(88, 80900000000088, 88, 56, '2500000.00', '2500000.00', NULL, NULL, 35, 8, '2022-04-30', '14.03.2022', 'WEEKLY', 'MONTHLY', 3, 40, 1, 41, 42, 1646382079, 24, NULL, NULL, NULL, NULL, 1651314975, 15, NULL, NULL),
(89, 80900000000089, 89, 56, '2000000.00', '2000000.00', NULL, NULL, 35, 8, '21.03.2022', '21.03.2022', 'WEEKLY', 'MONTHLY', 2, 40, 1, 20, 42, 1646382079, 24, NULL, NULL, NULL, NULL, NULL, NULL, NULL, NULL),
(90, 80900000000090, 90, 56, '700000.00', '700000.00', NULL, NULL, 35, 8, '22.03.2022', '22.03.2022', 'WEEKLY', 'MONTHLY', 2, 40, 1, 20, 42, 1646382079, 24, NULL, NULL, NULL, NULL, NULL, NULL, NULL, NULL),
(91, 80900000000091, 91, 56, '3500000.00', '3500000.00', NULL, NULL, 35, 8, '07.04.2022', '07.04.2022', 'WEEKLY', 'MONTHLY', 6, 40, 1, 20, 42, 1646382079, 24, NULL, NULL, NULL, NULL, NULL, NULL, NULL, NULL),
(92, 80900000000092, 92, 56, '1000000.00', '1000000.00', NULL, NULL, 35, 8, '14.04.2022', '14.04.2022', 'WEEKLY', 'MONTHLY', 1, 40, 1, 20, 42, 1646382079, 24, NULL, NULL, NULL, NULL, NULL, NULL, NULL, NULL),
(93, 80900000000093, 7, 56, '1000000.00', '1000000.00', NULL, NULL, 35, 8, '2022-05-15', '19-04-2022', 'WEEKLY', 'MONTHLY', 3, 40, 1, 41, 42, 1651316580, 15, NULL, NULL, 1651316704, 15, 1652627838, 15, 1651316716, 15),
(94, 80900000000094, 2, 56, '200000000.00', NULL, NULL, NULL, 35, 8, NULL, '13-05-2022', 'WEEKLY', 'MONTHLY', 2, 40, 1, 89, 42, 1652450029, 15, NULL, NULL, 1652450120, 15, NULL, NULL, 1652695768, 15);

-- --------------------------------------------------------

--
-- Table structure for table `loan_collateral`
--

CREATE TABLE `loan_collateral` (
  `id` int(11) NOT NULL,
  `loan_id` int(11) NOT NULL,
  `description` mediumtext NOT NULL,
  `location` mediumtext,
  `type_of_collateral` int(11) NOT NULL,
  `price_type` int(11) NOT NULL,
  `estimated_price` decimal(23,2) NOT NULL,
  `type_of_ownership` int(11) NOT NULL,
  `proof_of_ownership` varchar(255) DEFAULT NULL,
  `created_at` int(11) NOT NULL,
  `created_by` int(11) NOT NULL,
  `updated_at` int(11) DEFAULT NULL,
  `updated_by` int(11) DEFAULT NULL
) ENGINE=InnoDB DEFAULT CHARSET=utf8;

--
-- Dumping data for table `loan_collateral`
--

INSERT INTO `loan_collateral` (`id`, `loan_id`, `description`, `location`, `type_of_collateral`, `price_type`, `estimated_price`, `type_of_ownership`, `proof_of_ownership`, `created_at`, `created_by`, `updated_at`, `updated_by`) VALUES
(1, 2, 'Land Title', NULL, 37, 0, '3000000.00', 0, '61162e4aad760.pdf', 1628843452, 8, NULL, NULL),
(2, 1, 'Land ', 'Kampala', 37, 0, '300000.00', 0, '611813edf1f6f.jpg', 1628967873, 8, NULL, NULL),
(5, 1, 'The shop is in good condtitions', 'Kyebando', 38, 0, '800000000.00', 0, '611a0afdb3179.jpeg', 1629096616, 8, NULL, NULL),
(6, 17, 'This is his land title', 'Katooke Kampala', 37, 0, '8000000.00', 0, '611a1b6b8ff3b.jpg', 1629100736, 8, NULL, NULL),
(7, 4, 'tt', 'rr', 37, 0, '44.00', 42, '6123907ce10d9.jpg', 1629720568, 8, NULL, NULL);

-- --------------------------------------------------------

--
-- Table structure for table `loan_guarantor`
--

CREATE TABLE `loan_guarantor` (
  `id` int(11) NOT NULL,
  `loan_id` int(11) NOT NULL,
  `firstname` varchar(17) NOT NULL,
  `lastname` varchar(11) NOT NULL,
  `othername` varchar(7) DEFAULT NULL,
  `gender` int(11) DEFAULT NULL,
  `identification_type` int(11) DEFAULT NULL,
  `identification_number` varchar(14) NOT NULL,
  `telephone_primary` bigint(20) DEFAULT NULL,
  `telephone_alternative` int(11) DEFAULT NULL,
  `employer_name` int(11) DEFAULT NULL,
  `source_of_income` int(11) DEFAULT NULL,
  `physical_address` varchar(34) DEFAULT NULL,
  `created_at` int(11) DEFAULT NULL,
  `created_by` int(11) DEFAULT NULL,
  `updated_at` int(11) DEFAULT NULL,
  `updated_by` int(11) DEFAULT NULL
) ENGINE=InnoDB DEFAULT CHARSET=utf8;

--
-- Dumping data for table `loan_guarantor`
--

INSERT INTO `loan_guarantor` (`id`, `loan_id`, `firstname`, `lastname`, `othername`, `gender`, `identification_type`, `identification_number`, `telephone_primary`, `telephone_alternative`, `employer_name`, `source_of_income`, `physical_address`, `created_at`, `created_by`, `updated_at`, `updated_by`) VALUES
(1, 1, 'Nuwajuna ', 'Obadia', NULL, 8, 3, 'CM901011027HCK', 81470984, NULL, NULL, NULL, 'Kyanja Jomayi', 1628838829, 24, NULL, NULL),
(2, 2, 'Karamagi', 'Edison', NULL, 8, 3, 'CM76541352HJKA', 772322310, NULL, NULL, NULL, 'Mutungo Hill Natasha Road', 1628838829, 24, NULL, NULL),
(3, 3, 'Kimono', 'Margret', NULL, 8, 3, 'CF65078103YPXG', 773265876, NULL, NULL, NULL, 'Seeta Mukono', 1628838829, 24, NULL, NULL),
(4, 4, 'Najjuma', 'Faridah', NULL, 8, 3, 'CF800345128FSX', 772399913, NULL, NULL, NULL, NULL, 1628838829, 24, NULL, NULL),
(5, 5, 'Sekuuta', 'Paul', NULL, 8, 3, 'CM89034101CDFH', 783472607, NULL, NULL, NULL, 'Najeera Busibante Road', 1628838829, 24, NULL, NULL),
(6, 6, 'Mutekanga', 'Melisa', 'Karungi', 8, 3, 'CF1014886919ZA', 770600025, NULL, NULL, NULL, 'Kyambogo', 1628838829, 24, NULL, NULL),
(7, 7, 'Ainebyonna', 'Nelson', NULL, 8, 3, 'CM870987645FTG', 772080738, NULL, NULL, NULL, 'Kisasi Kampala', 1628838829, 24, NULL, NULL),
(8, 8, 'Lukanga', 'Fred', NULL, 8, 3, 'CM89036102NR4J', 707222401, NULL, NULL, NULL, 'Mengo Kampala', 1628838829, 24, NULL, NULL),
(9, 9, 'Kibalama', 'Esther', NULL, 8, 3, 'CF64095100QXUC', 785172351, NULL, NULL, NULL, 'Makindye kirombe Zone', 1628838829, 24, NULL, NULL),
(10, 10, 'Atim', 'Christopher', NULL, 8, 3, 'CM9310310002JC', 704584250, NULL, NULL, NULL, 'Nasser Road', 1628838829, 24, NULL, NULL),
(11, 11, 'Tinyefuza', 'Ivan', NULL, 8, 3, 'CM89069101LEPD', 708508424, NULL, NULL, NULL, 'Bukoto Kampala', 1628838829, 24, NULL, NULL),
(12, 12, 'Jakony', 'Brian', NULL, 8, 3, 'CM920871059EZF', 704981112, NULL, NULL, NULL, 'Parliament', 1628838829, 24, NULL, NULL),
(13, 13, 'Ainamani', 'Andrew', NULL, 8, 3, 'CM89034101CDFH', 7022839432, NULL, NULL, NULL, 'Wandegeya Bombo Road', 1628838829, 24, NULL, NULL),
(14, 14, 'Nabuuma', 'Prossy', NULL, 8, 3, 'CF940121014CXH', 775919739, NULL, NULL, NULL, 'Lubya kinonya Rubaga', 1628838829, 24, NULL, NULL),
(15, 15, 'Swaga', 'Susan', NULL, 8, 3, 'CF83007108Y0MD', 787144078, NULL, NULL, NULL, 'Bukoto Kampala', 1628838829, 24, NULL, NULL),
(16, 16, 'Musinguzi', 'Richard', 'Bob', 8, 3, 'CM85025101AMGF', 772430681, NULL, NULL, NULL, 'Najeera Kampala', 1628838829, 24, NULL, NULL),
(17, 17, 'Owiny Bosco Buise', 'Owiny', 'Bosco', 8, 3, 'CM77070100MKZJ', 773205775, NULL, NULL, NULL, 'Bweyogerere Kampala', 1628838829, 24, NULL, NULL),
(18, 18, 'Kireetwa', 'Herbert', NULL, 8, 3, 'CM890551011MGL', 782288544, NULL, NULL, NULL, 'Mengo Kampala', 1628838829, 24, NULL, NULL),
(19, 19, 'Tendo', 'Marvin', NULL, 8, 3, 'CM00017106GU1A', 776900209, NULL, NULL, NULL, 'Mutungo Canana Village', 1628838829, 24, NULL, NULL),
(20, 20, 'Nameere', 'Janepher', NULL, 8, 3, 'CF77024103E28L', 788292058, NULL, NULL, NULL, 'Matugga Wakiso', 1628838829, 24, NULL, NULL),
(21, 21, 'Katumba', 'Jimmy', NULL, 8, 3, 'CM800931034MQK', 782227756, NULL, NULL, NULL, 'Maganjo Wakiso', 1628838829, 24, NULL, NULL),
(22, 22, 'Lukumo', 'Moses', NULL, 8, 3, 'CM82025104FF1J', 782381802, NULL, NULL, NULL, 'Kiwatule Kampala', 1628838829, 24, NULL, NULL),
(23, 23, 'Muganga', 'Ibrahim', NULL, 8, 3, 'CM921051005YPK', 789698034, NULL, NULL, NULL, 'Salaama Zikusoka Zone', 1628838829, 24, NULL, NULL),
(24, 24, 'Angudubo', 'Emmanuel', NULL, 8, 3, 'CM64002104CPGD', 772364441, NULL, NULL, NULL, 'Kawempe Tuula', 1628838829, 24, NULL, NULL),
(25, 25, 'Mugisha', 'Benjamin', 'Bugingo', 8, 3, 'CM77052102V5AF', 782176024, NULL, NULL, NULL, 'Bweyogerere Butto', 1628838829, 24, NULL, NULL),
(26, 26, 'Asiimwe', 'Brenda', NULL, 8, 3, 'CF83025104TW0G', 706910959, NULL, NULL, NULL, 'Makindye  kizungu zone Kampala', 1628838829, 24, NULL, NULL),
(27, 27, 'Mugabe', 'Deus', NULL, 8, 3, 'CM950125790HJS', 789726268, NULL, NULL, NULL, 'Kisasi Kampala', 1628838829, 24, NULL, NULL),
(28, 28, 'Okaka', 'Joshua', NULL, 8, 3, 'CM870347129KLU', 775331252, NULL, NULL, NULL, NULL, 1628838829, 24, NULL, NULL),
(29, 29, 'Niwagaba', 'Gilbert', NULL, 8, 3, 'CM800910JY63D', 704256528, NULL, NULL, NULL, 'Kyaliwajala Namugongo', 1628838829, 24, NULL, NULL),
(30, 30, 'Lunkuse', 'Racheal', NULL, 8, 3, 'CF94023102ZWCJ', 788336875, NULL, NULL, NULL, 'Mbuya Nadiope Road', 1628838829, 24, NULL, NULL),
(31, 31, 'Nanyonga', 'Annet', NULL, 8, 3, 'CF74024103PEKJ', 78218926, NULL, NULL, NULL, 'Kito Kira Kampala', 1628838829, 24, NULL, NULL),
(32, 32, 'Karamagi', 'Edison', NULL, 8, 3, 'CM76541352HJKA', 772322310, NULL, NULL, NULL, NULL, 1628838829, 24, NULL, NULL),
(33, 33, 'Matsanga', 'Geofrey', NULL, 8, 3, 'CM88067102DZMF', 778304838, NULL, NULL, NULL, 'Nabusanyi Manafa Mbale', 1628838829, 24, NULL, NULL),
(34, 34, 'Ssemuwemba', 'Cissy', NULL, 8, 3, 'CF71003101EMPE', 706030021, NULL, NULL, NULL, 'Namungona Kampala', 1628838829, 24, NULL, NULL),
(35, 35, 'Ogwang', 'George', NULL, 8, 3, 'CM97076105LU0K', 783433684, NULL, NULL, NULL, 'Makerere Kavule', 1628838829, 24, NULL, NULL),
(36, 36, 'Twagirayezu', 'Paul', NULL, 8, 3, 'CM770181019UUA', 782387005, NULL, NULL, NULL, 'Kireka Zone C', 1628838829, 24, NULL, NULL),
(37, 37, 'Nanyonjo', 'Slyvia', NULL, 8, 3, 'CF75032102X25C', 701610489, NULL, NULL, NULL, 'Kvumba Wakiso', 1628838829, 24, NULL, NULL),
(38, 38, 'Owino', 'Anthony', NULL, 8, 3, 'CM770391034Z8F', 703181398, NULL, NULL, NULL, 'Kabanyoro North west Gayaza', 1628838829, 24, NULL, NULL),
(39, 39, 'Karamagi', 'Edison', NULL, 8, 3, 'CM76541352HJKA', 772322310, NULL, NULL, NULL, 'Mutungo Hill Natasha Road', 1628838829, 24, NULL, NULL),
(40, 40, 'Nyakato', 'Juliet', NULL, 8, 3, 'CF88065104PQ9L', 773386569, NULL, NULL, NULL, 'Ntinda Najjera', 1628838829, 24, NULL, NULL),
(41, 41, 'Akankunda', 'Rosemary', NULL, 8, 3, 'CF345108TSG025', 773096762, NULL, NULL, NULL, 'Mengo Kampala', 1628838829, 24, NULL, NULL),
(42, 42, 'Alele', 'Juliet', NULL, 8, 3, 'CF70022105JWNA', 770563263, NULL, NULL, NULL, 'Namugongo Kampala', 1628838829, 24, NULL, NULL),
(43, 43, 'Igwel', 'Sharon', 'Elimu', 8, 3, 'CF95097100PYRD', 701786256, NULL, NULL, NULL, 'Mutungo Kampala', 1628838829, 24, NULL, NULL),
(44, 44, 'Kiwuluka', 'Hassad', NULL, 8, 3, 'CM45327123H5ET', 756247520, NULL, NULL, NULL, 'Mutundwe Kampala', 1628838829, 24, NULL, NULL),
(45, 45, 'Mutabazi', 'Allen', NULL, 8, 3, 'CF78082102NYAF', 704807955, NULL, NULL, NULL, 'Buziga Kampala', 1628838829, 24, NULL, NULL),
(46, 46, 'Kasinga ', 'Edith', NULL, 8, 3, 'CF66075101JGFJ', 772517658, NULL, NULL, NULL, 'Kyanja Kampala', 1628838829, 24, NULL, NULL),
(47, 47, 'Deborah', 'Sembatya', NULL, 8, 3, 'CF8000765412SD', 704501295, NULL, NULL, NULL, 'Lungujja Nateete', 1628838829, 24, NULL, NULL),
(48, 48, 'Mugwanya', 'Fred', NULL, 8, 3, 'CM96012109HZVG', 702043909, NULL, NULL, NULL, 'Kanyanya Kampala', 1628838829, 24, NULL, NULL),
(49, 49, 'Mugema', 'Geofrey', NULL, 8, 3, 'CM790011476DGA', 788738127, NULL, NULL, NULL, 'Kito Kira Kampala', 1628838829, 24, NULL, NULL),
(50, 50, 'Ainebyoona', 'Johnson', NULL, 8, 3, 'CM84055101TMQJ', 772621527, NULL, NULL, NULL, 'Kyanja Kampala', 1628838829, 24, NULL, NULL),
(51, 51, 'Twinamastiko', 'Ducky', NULL, 8, 3, 'CM830091003C4F', 704684469, NULL, NULL, NULL, 'Ntinda Kampala', 1628838829, 24, NULL, NULL),
(52, 52, 'Angee', 'Juliet', NULL, 8, 3, 'CF91005101WFDD', 776150247, NULL, NULL, NULL, 'Kisasi Kampala', 1628838829, 24, NULL, NULL),
(53, 53, 'Habimaana', 'Gilbert', NULL, 8, 3, 'CM870091042CFF', 77339978, NULL, NULL, NULL, 'Kyanja Church lane', 1628838829, 24, NULL, NULL),
(54, 54, 'Alele', 'George', NULL, 8, 3, 'CM45022105M2WG', 774698388, NULL, NULL, NULL, 'Namugongo Kampala', 1628838829, 24, NULL, NULL),
(55, 55, 'Aijuuja', 'Nicholas', NULL, 8, 3, 'CM9500410060CJ', 778600932, NULL, NULL, NULL, 'Novia House Sir Apollo Kaggwa Road', 1628838829, 24, NULL, NULL),
(56, 56, 'Asiimwe', 'Judith', 'Mwebesa', 8, 3, 'CF800341012P3A', 776544064, NULL, NULL, NULL, 'Bujuko Sentema Road', 1628838829, 24, NULL, NULL),
(57, 57, 'Nabagereka', 'Brenda', NULL, 8, 3, 'CF91023100EYCC', 784771364, NULL, NULL, NULL, 'Kyaliwajala Namugongo', 1628838829, 24, NULL, NULL),
(58, 58, 'Musinguzi', 'Richard', 'Bob', 8, 3, 'CM85025101AMGF', 772430681, NULL, NULL, NULL, 'Najeera Kampala', 1628838829, 24, NULL, NULL),
(59, 59, 'Timugibwa', 'Sarah', NULL, 8, 3, 'CF820051253GFT', 706121355, NULL, NULL, NULL, 'Namungoona Rubaga', 1628838829, 24, NULL, NULL),
(60, 60, 'Naigaga', 'Charlot', NULL, 8, 3, 'CF8205210HV0XH', 771894530, NULL, NULL, NULL, 'CharmTowers Kampala', 1628838829, 24, NULL, NULL),
(61, 61, 'Ogulei', 'Patrick', NULL, 8, 3, 'CM73067104KZHK', 774868212, NULL, NULL, NULL, 'Upper Kauga Mukono', 1628838829, 24, NULL, NULL),
(62, 62, 'Aine', 'Brian', NULL, 8, 3, 'CM91034104L5DJ', 750770564, NULL, NULL, NULL, 'Kisasi Kampala', 1628838829, 24, NULL, NULL),
(63, 63, 'Okol', 'George', NULL, 8, 3, 'CM63097104JXXJ', 782839118, NULL, NULL, NULL, 'Najeera Kampala', 1628838829, 24, NULL, NULL),
(64, 64, 'Kubiita', 'Lynn', NULL, 8, 3, 'CF91091105294D', 704232945, NULL, NULL, NULL, 'Buziga Kampala', 1628838829, 24, NULL, NULL),
(65, 65, 'Nagawa', 'Florence', NULL, 8, 3, 'CF7305210DAU5G', 772454422, NULL, NULL, NULL, 'Namugongo Kira', 1628838829, 24, NULL, NULL),
(66, 66, 'Mucunguzi', 'Oswald', NULL, 8, 3, 'CM92106100G1YK', 778236369, NULL, NULL, NULL, 'Bukoto Kampala', 1628838829, 24, NULL, NULL),
(67, 67, 'Tumwebaze', 'Elias', NULL, 8, 3, 'CM890657123THS', 704809189, NULL, NULL, NULL, 'Nkurumah Road', 1628838829, 24, NULL, NULL),
(68, 68, 'Mugure', 'Griffin', NULL, 8, 3, 'CM90065102AP8K', 703626356, NULL, NULL, NULL, 'Kisasi Kampala', 1628838829, 24, NULL, NULL),
(69, 69, 'Taban', 'Scovia', NULL, 8, 3, 'CF84077100HK6J', 702565202, NULL, NULL, NULL, 'Bukoto Kampala', 1628838829, 24, NULL, NULL),
(70, 70, 'Mugure', 'Griffin', NULL, 8, 3, 'CM90065102AP8K', 703626356, NULL, NULL, NULL, 'Kisasi Kampala', 1628838829, 24, NULL, NULL),
(71, 71, 'Namakoye', 'Esther', NULL, 8, 3, 'CF83026107G3JK', 703651947, NULL, NULL, NULL, 'Kasagati Wakiso', 1628838829, 24, NULL, NULL),
(72, 72, 'Sserunjogi', 'Mustafa', NULL, 8, 3, 'CM800121017HFH', 784530564, NULL, NULL, NULL, 'Kyanja Kampala', 1628838829, 24, NULL, NULL),
(73, 73, 'Anyoda', 'Beatrice', NULL, 8, 3, 'CF77110102NNEH', 782794003, NULL, NULL, NULL, 'Kito Valley Rise Madela Stadium', 1628838829, 24, NULL, NULL),
(74, 74, 'Adii', 'Fred', NULL, 8, 3, 'CM780234761DGC', 772352461, NULL, NULL, NULL, 'Mpelerwe Gayaza Road', 1628838829, 24, NULL, NULL),
(75, 75, 'Mukabeera', 'Annet', NULL, 8, 3, 'CF73018102MYVK', 772613822, NULL, NULL, NULL, 'Kyebando MususuRoad', 1628838829, 24, NULL, NULL),
(76, 76, 'Gish', 'Emmanuel', NULL, 8, 3, 'CM6805432176HU', 782233690, NULL, NULL, NULL, 'Bukonte Rubaga', 1628838829, 24, NULL, NULL),
(77, 77, 'Gimono', 'Mary', 'Gutaaka', 8, 3, 'CM980346232RTS', 775383787, NULL, NULL, NULL, 'St micheal ss Wakiso town Council', 1628838829, 24, NULL, NULL),
(78, 78, 'Mamudali', 'Khan', NULL, 8, 3, 'CM97012103771D', 789180629, NULL, NULL, NULL, 'Makindye Kampala', 1628838829, 24, NULL, NULL),
(79, 79, 'Lukwago', 'Martin', NULL, 8, 3, 'CM78012101UGDG', 772661934, NULL, NULL, NULL, 'Namungona Kampala', 1628838829, 24, NULL, NULL),
(80, 80, 'Sebuhinja', 'Richard', 'Paul', 8, 3, 'CM8000078251GH', 772317932, NULL, NULL, NULL, 'Kito Kira Kampala', 1628838829, 24, NULL, NULL),
(81, 81, 'Ssonko', 'Henry', NULL, 8, 3, 'CM73036103FU1L', 777420421, NULL, NULL, NULL, 'Kyamula Buziga Kampala', 1628838829, 24, NULL, NULL),
(82, 82, 'IGA', 'Christine', 'Alamo', 8, 3, 'CF71097104P2AL', 782370207, NULL, NULL, NULL, 'Bweyogerer Gwatiro Road', 1628838829, 24, NULL, NULL),
(83, 83, 'Lukwago', 'Martin', 'Julius', 8, 3, 'CF65421378YH5F', 772661934, NULL, NULL, NULL, 'Namungoona Kampala', 1628838829, 24, NULL, NULL),
(84, 84, 'Ssemuwemba ', 'Cissy', NULL, 8, 3, 'CF71003101EMPE', 772973662, NULL, NULL, NULL, 'Namungoona Kampala', 1628838829, 24, NULL, NULL),
(85, 85, 'Bamwidhukire', 'Joseph', NULL, 8, 3, 'CM7401310235LG', 772688872, NULL, NULL, NULL, 'KkonaWakisoTc', 1628838829, 24, NULL, NULL),
(86, 86, 'Sebuhinja', 'Richard ', 'Paul', 8, 3, 'CM7801810687EF', 772317932, NULL, NULL, NULL, 'Kira Kito Buldnet Flats', 1628838829, 24, NULL, NULL),
(87, 87, 'Arionget', 'Victor', 'Amoding', 8, 3, 'CM81035104GNQJ', 775031904, NULL, NULL, NULL, 'Kyetume Mukono', 1628838829, 24, NULL, NULL),
(88, 88, 'Olanya', 'Ronnie', 'Emuna', 8, 3, 'CM950051013ECH', 780518908, NULL, NULL, NULL, 'Kisasi Kampala', 1628838829, 24, NULL, NULL),
(89, 89, 'Mwidyeki ', 'Tonny ', 'Gordon', 8, 3, 'CM80051102X35F', 776931935, NULL, NULL, NULL, 'Kikeka Mpigi District', 1628838829, 24, NULL, NULL),
(90, 90, 'Lukwago', 'Martin ', 'Julius', 8, 3, 'CF65421378YH5F', 772661934, NULL, NULL, NULL, 'NamungoonaKampala', 1628838829, 24, NULL, NULL),
(91, 91, 'Batereiregha', 'Jacob', NULL, 8, 3, 'CM84007102KTZH', 7824721127, NULL, NULL, NULL, 'Najjanankumbi Kampala', 1628838829, 24, NULL, NULL),
(92, 92, 'Nassali', 'Moreen', NULL, 8, 3, 'CF90024103LF5G', 701948124, NULL, NULL, NULL, 'Lungujja Nateete', 1628838829, 24, NULL, NULL),
(93, 93, 'Robin', 'Muganzi', '', 8, 3, 'CMWERTYGUHIJO4', 789564233, NULL, NULL, NULL, 'test', 1651316580, 15, NULL, NULL),
(94, 94, 'TEST', 'TEST', '', 8, 3, 'ASDFGHJKMLQ2Q3', 789534332, NULL, NULL, NULL, 'TEST', 1652450030, 15, NULL, NULL);

-- --------------------------------------------------------

--
-- Table structure for table `loan_guarantor2`
--

CREATE TABLE `loan_guarantor2` (
  `id` int(11) NOT NULL,
  `loan_id` int(11) NOT NULL,
  `firstname` varchar(100) NOT NULL,
  `lastname` varchar(100) NOT NULL,
  `othername` varchar(100) DEFAULT NULL,
  `gender` int(11) NOT NULL,
  `identification_type` int(11) NOT NULL,
  `identification_number` varchar(14) NOT NULL,
  `telephone_primary` varchar(14) NOT NULL,
  `telephone_alternative` varchar(14) DEFAULT NULL,
  `employer_name` varchar(100) DEFAULT NULL,
  `source_of_income` varchar(100) DEFAULT NULL,
  `physical_address` varchar(255) NOT NULL,
  `created_at` int(11) NOT NULL,
  `created_by` int(11) NOT NULL,
  `updated_at` int(11) DEFAULT NULL,
  `updated_by` int(11) DEFAULT NULL
) ENGINE=InnoDB DEFAULT CHARSET=utf8;

--
-- Dumping data for table `loan_guarantor2`
--

INSERT INTO `loan_guarantor2` (`id`, `loan_id`, `firstname`, `lastname`, `othername`, `gender`, `identification_type`, `identification_number`, `telephone_primary`, `telephone_alternative`, `employer_name`, `source_of_income`, `physical_address`, `created_at`, `created_by`, `updated_at`, `updated_by`) VALUES
(1, 1, 'Robin', 'Muganzi', 'Paul', 8, 3, 'CM920110546T88', '0789588332', '0750588332', NULL, 'Salary', 'Kampala Uganda', 1628838829, 8, NULL, NULL),
(2, 12, 'Phionah', 'Nakaali', 'Naziiwa', 9, 3, 'CF59005465473', '0789065467', '078546730', NULL, 'Salary', 'Katooke Kawempe', 1629095823, 8, NULL, NULL),
(3, 1, 'Penlope', 'Ashaba', '', 8, 3, 'CF90045T6467', '075200435467', '07828883457', NULL, '', 'Kyebando', 1629096397, 8, NULL, NULL),
(4, 17, 'Kenneth', 'Mitega', '', 8, 3, 'CM8904710189EF', '0786978902', '', NULL, '', 'Makyide Kamapala', 1629100344, 8, NULL, NULL),
(5, 1, 'Bosco', 'Kahara', '', 8, 3, 'CM9200567TY567', '0789588443', '', NULL, 'Salary', 'Kampala Uganda', 1629785998, 8, NULL, NULL),
(6, 11, 'Robin', 'Muganzi', '', 8, 3, 'CME44565YT6575', '07895465754', '07895465754', NULL, '', 'KYEBANDO', 1634842771, 2, NULL, NULL),
(7, 102, 'Emmy', 'Agaba', '', 8, 3, 'CM23456ERTYU', '078954653452', '', NULL, '', 'KAMPALA', 1643634196, 13, NULL, NULL),
(8, 28, 'ROBIN', 'MUGANZI', '', 8, 3, 'CM93242QWERTYU', '0789563425', '', NULL, '', 'TEST', 1647518662, 13, NULL, NULL),
(9, 30, 'Robin', 'Muganzi', '', 8, 3, 'CM24356RTYHDFG', '0789058832', '', NULL, '', 'TEST', 1648204484, 13, NULL, NULL);

-- --------------------------------------------------------

--
-- Stand-in structure for view `loan_interest`
-- (See below for the actual view)
--
CREATE TABLE `loan_interest` (
`id` int(11)
,`description` varchar(255)
,`entry_reference` bigint(20)
,`amount` decimal(23,2)
,`debit_account` int(11)
,`credit_account` int(11)
,`due_date` date
,`entry_type` varchar(20)
,`entry_reference_id` bigint(20)
,`created_at` int(11)
,`created_by` int(11)
,`member_account` varchar(45)
,`entry_period` int(11)
,`updated_at` int(11)
,`updated_by` int(11)
,`ledger_status` int(11)
,`payment_ref` bigint(20)
);

-- --------------------------------------------------------

--
-- Table structure for table `loan_manager_remarks`
--

CREATE TABLE `loan_manager_remarks` (
  `id` int(11) NOT NULL,
  `loan_id` int(11) DEFAULT NULL,
  `client_id` int(11) DEFAULT NULL,
  `submitted_to` int(11) DEFAULT NULL,
  `investment_id` int(11) DEFAULT NULL,
  `category` varchar(20) NOT NULL,
  `remarks_status` int(11) NOT NULL,
  `remarks` varchar(500) NOT NULL,
  `created_at` int(11) NOT NULL,
  `created_by` int(11) NOT NULL,
  `updated_at` int(11) DEFAULT NULL,
  `updated_by` int(11) DEFAULT NULL
) ENGINE=InnoDB DEFAULT CHARSET=utf8;

--
-- Dumping data for table `loan_manager_remarks`
--

INSERT INTO `loan_manager_remarks` (`id`, `loan_id`, `client_id`, `submitted_to`, `investment_id`, `category`, `remarks_status`, `remarks`, `created_at`, `created_by`, `updated_at`, `updated_by`) VALUES
(1, 1, NULL, NULL, NULL, 'LOAN', 4, 'TEST', 1645689325, 13, NULL, NULL),
(2, 4, 105, NULL, NULL, 'LOAN', 3, 'TEST', 1645724502, 13, NULL, NULL),
(3, 3, NULL, NULL, NULL, 'LOAN', 4, 'TEST', 1645724654, 13, NULL, NULL),
(4, 6, NULL, NULL, NULL, 'LOAN', 4, 'TEST', 1645725219, 13, NULL, NULL),
(5, 8, NULL, NULL, NULL, 'LOAN', 4, 'TEST', 1645785083, 13, NULL, NULL),
(6, 8, NULL, NULL, NULL, 'LOAN', 4, 'TEST', 1645785083, 13, NULL, NULL),
(7, 8, NULL, NULL, NULL, 'LOAN', 4, 'TEST', 1645785083, 13, NULL, NULL),
(8, 8, NULL, NULL, NULL, 'LOAN', 4, 'TEST', 1645785083, 13, NULL, NULL),
(9, 7, NULL, NULL, NULL, 'LOAN', 4, 'TESTING12345', 1645785691, 21, NULL, NULL),
(10, 2, NULL, NULL, NULL, 'LOAN', 4, 'test', 1645856660, 13, NULL, NULL),
(11, 2, NULL, NULL, NULL, 'LOAN', 4, 'test', 1645856669, 21, NULL, NULL),
(12, 9, NULL, NULL, NULL, 'LOAN', 4, 'TEST', 1645856927, 13, NULL, NULL),
(13, 10, NULL, NULL, NULL, 'LOAN', 4, 'test', 1645909171, 13, NULL, NULL),
(14, 11, NULL, NULL, NULL, 'LOAN', 4, 'TEST', 1645957483, 13, NULL, NULL),
(15, 60, 105, NULL, NULL, 'LOAN', 3, 'Approved', 1645963882, 21, NULL, NULL),
(16, 60, 105, NULL, NULL, 'LOAN', 3, 'test', 1645964351, 13, NULL, NULL),
(17, 61, 105, NULL, NULL, 'LOAN', 3, 'test', 1645964402, 13, NULL, NULL),
(18, 11, 105, NULL, NULL, 'LOAN', 3, 'TEST', 1645966115, 13, NULL, NULL),
(19, 39, NULL, NULL, NULL, 'LOAN', 4, 'TEST', 1646139855, 13, NULL, NULL),
(20, 1, NULL, NULL, NULL, 'LOAN', 4, 'TEST', 1646382132, 13, NULL, NULL),
(21, 2, NULL, NULL, NULL, 'LOAN', 4, 'TEST', 1646462207, 13, NULL, NULL),
(22, 3, NULL, NULL, NULL, 'LOAN', 4, 'TEST', 1646466635, 13, NULL, NULL),
(23, 3, NULL, NULL, NULL, 'LOAN', 4, 'TEST', 1646466762, 13, NULL, NULL),
(24, 3, NULL, NULL, NULL, 'LOAN', 4, 'TEST', 1646466851, 13, NULL, NULL),
(25, 3, NULL, NULL, NULL, 'LOAN', 4, 'TEST', 1646466938, 13, NULL, NULL),
(26, 3, NULL, NULL, NULL, 'LOAN', 4, 'TEST', 1646467407, 13, NULL, NULL),
(27, 3, NULL, NULL, NULL, 'LOAN', 4, 'test', 1646468173, 13, NULL, NULL),
(28, 3, NULL, NULL, NULL, 'LOAN', 4, 'TEST', 1646468441, 13, NULL, NULL),
(29, 3, NULL, NULL, NULL, 'LOAN', 4, 'TEST', 1646469479, 13, NULL, NULL),
(30, 4, NULL, NULL, NULL, 'LOAN', 4, 'TEST', 1646481337, 13, NULL, NULL),
(31, 31, 1, NULL, NULL, 'LOAN', 3, 'test', 1646636102, 13, NULL, NULL),
(32, 7, 1, NULL, NULL, 'LOAN', 3, 'test', 1646636231, 13, NULL, NULL),
(33, 7, NULL, NULL, NULL, 'LOAN', 4, 'test', 1646637166, 13, NULL, NULL),
(34, 6, NULL, NULL, NULL, 'LOAN', 4, 'TEST', 1646658757, 13, NULL, NULL),
(35, 8, NULL, NULL, NULL, 'LOAN', 4, 'TEST', 1646659158, 13, NULL, NULL),
(36, 9, NULL, NULL, NULL, 'LOAN', 4, 'TEST', 1646659674, 13, NULL, NULL),
(37, 10, NULL, NULL, NULL, 'LOAN', 4, 'TEST', 1646660178, 13, NULL, NULL),
(38, 11, NULL, NULL, NULL, 'LOAN', 4, 'TEST', 1646660948, 13, NULL, NULL),
(39, 12, NULL, NULL, NULL, 'LOAN', 4, 'TEST', 1646661191, 13, NULL, NULL),
(40, 13, NULL, NULL, NULL, 'LOAN', 4, 'TEST', 1646662034, 13, NULL, NULL),
(41, 14, NULL, NULL, NULL, 'LOAN', 4, 'TEST', 1646663892, 13, NULL, NULL),
(42, 15, NULL, NULL, NULL, 'LOAN', 4, 'TEST', 1646664041, 13, NULL, NULL),
(43, 16, NULL, NULL, NULL, 'LOAN', 4, 'TEST', 1646664780, 13, NULL, NULL),
(44, 17, NULL, NULL, NULL, 'LOAN', 4, 'TEST', 1646674183, 13, NULL, NULL),
(45, 18, NULL, NULL, NULL, 'LOAN', 4, 'TEST', 1646674716, 13, NULL, NULL),
(46, 19, NULL, NULL, NULL, 'LOAN', 4, 'TEST', 1646675618, 13, NULL, NULL),
(47, 20, NULL, NULL, NULL, 'LOAN', 4, 'TEST', 1646675960, 13, NULL, NULL),
(48, 21, NULL, NULL, NULL, 'LOAN', 4, 'TEST', 1646714707, 13, NULL, NULL),
(49, 22, NULL, NULL, NULL, 'LOAN', 4, 'TEST', 1646717753, 13, NULL, NULL),
(50, 23, NULL, NULL, NULL, 'LOAN', 4, 'TEST', 1646721938, 13, NULL, NULL),
(51, 5, 105, NULL, NULL, 'LOAN', 3, 'SUBMITTED', 1646816580, 13, NULL, NULL),
(52, 24, 3, NULL, NULL, 'LOAN', 3, 'TEST', 1646817364, 13, NULL, NULL),
(53, 24, 3, NULL, NULL, 'LOAN', 3, 'TEST', 1646819052, 13, NULL, NULL),
(54, 5, 105, NULL, NULL, 'LOAN', 3, 'TEST', 1646819408, 13, NULL, NULL),
(55, 5, 105, NULL, NULL, 'LOAN', 3, 'TEST', 1646819440, 13, NULL, NULL),
(56, 5, 105, NULL, NULL, 'LOAN', 3, 'TEST', 1646819482, 13, NULL, NULL),
(57, 25, 4, NULL, NULL, 'LOAN', 3, 'TEST', 1646819772, 13, NULL, NULL),
(58, 26, 2, NULL, NULL, 'LOAN', 3, 'Test', 1646917792, 13, NULL, NULL),
(59, 26, 2, NULL, NULL, 'LOAN', 3, 'test', 1646917805, 13, NULL, NULL),
(60, 26, NULL, NULL, NULL, 'LOAN', 4, 'TEST', 1646917827, 13, NULL, NULL),
(61, 5, NULL, NULL, NULL, 'LOAN', 4, 'TEST', 1647242895, 13, NULL, NULL),
(62, 29, 108, NULL, NULL, 'LOAN', 3, 'test', 1647798557, 21, NULL, NULL),
(63, 29, 108, NULL, NULL, 'LOAN', 3, 'TEST', 1647798721, 21, NULL, NULL),
(64, 25, 4, NULL, NULL, 'LOAN', 3, 'TEST', 1647920490, 13, NULL, NULL),
(65, 25, 4, NULL, NULL, 'LOAN', 3, 'TESTED', 1647920945, 13, NULL, NULL),
(66, 25, 4, NULL, NULL, 'LOAN', 3, 'TEST', 1647921164, 13, NULL, NULL),
(67, 25, 4, NULL, NULL, 'LOAN', 3, 'TEXTING123', 1647921271, 13, NULL, NULL),
(68, 25, 4, NULL, NULL, 'LOAN', 3, 'TEST', 1647921377, 13, NULL, NULL),
(69, 25, 4, NULL, NULL, 'LOAN', 3, 'TEST', 1647921541, 13, NULL, NULL),
(70, 25, 4, NULL, NULL, 'LOAN', 3, 'TEST', 1647921638, 13, NULL, NULL),
(71, 25, 4, NULL, NULL, 'LOAN', 3, 'TEST', 1647921684, 13, NULL, NULL),
(72, 25, 4, NULL, NULL, 'LOAN', 3, 'TEST', 1647921749, 13, NULL, NULL),
(73, 25, 4, NULL, NULL, 'LOAN', 3, 'TEST', 1647921783, 13, NULL, NULL),
(74, 25, 4, NULL, NULL, 'LOAN', 3, 'TEST', 1647921874, 13, NULL, NULL),
(75, 25, 4, NULL, NULL, 'LOAN', 3, 'TESTING ', 1647921917, 13, NULL, NULL),
(76, 25, 4, NULL, NULL, 'LOAN', 3, 'TESTED', 1647922020, 13, NULL, NULL),
(77, 25, 4, NULL, NULL, 'LOAN', 3, 'TESTED', 1647922069, 13, NULL, NULL),
(78, 28, 105, NULL, NULL, 'LOAN', 3, 'TEST', 1647922375, 13, NULL, NULL),
(79, 28, 105, NULL, NULL, 'LOAN', 3, 'TEST', 1647922412, 13, NULL, NULL),
(80, 24, 3, NULL, NULL, 'LOAN', 3, 'TESTING123', 1648022097, 13, NULL, NULL),
(81, 24, NULL, NULL, NULL, 'LOAN', 4, 'TESTING 123', 1648022141, 13, NULL, NULL),
(82, 29, NULL, NULL, NULL, 'LOAN', 4, 'TEST', 1648022289, 13, NULL, NULL),
(83, 28, NULL, NULL, NULL, 'LOAN', 4, 'TEST', 1648022445, 13, NULL, NULL),
(84, 28, NULL, NULL, NULL, 'LOAN', 4, 'TEST', 1648023195, 13, NULL, NULL),
(85, 28, NULL, NULL, NULL, 'LOAN', 4, 'TEST', 1648023795, 13, NULL, NULL),
(86, 28, NULL, NULL, NULL, 'LOAN', 4, 'TEST', 1648024078, 13, NULL, NULL),
(87, 28, NULL, NULL, NULL, 'LOAN', 4, 'TEST', 1648024286, 13, NULL, NULL),
(88, 28, NULL, NULL, NULL, 'LOAN', 4, 'TEST', 1648036791, 13, NULL, NULL),
(89, 20, 3, NULL, NULL, 'LOAN', 3, 'TEST', 1648109061, 13, NULL, NULL),
(90, 29, NULL, NULL, NULL, 'LOAN', 4, 'TEST', 1648133985, 13, NULL, NULL),
(91, 29, NULL, NULL, NULL, 'LOAN', 4, 'TEST', 1648134172, 13, NULL, NULL),
(92, 29, NULL, NULL, NULL, 'LOAN', 4, 'TEST', 1648134190, 13, NULL, NULL),
(93, 29, NULL, NULL, NULL, 'LOAN', 4, 'TEST', 1648134236, 13, NULL, NULL),
(94, 29, NULL, NULL, NULL, 'LOAN', 4, 'TEST', 1648134397, 13, NULL, NULL),
(95, 29, NULL, NULL, NULL, 'LOAN', 4, 'TEST', 1648134424, 13, NULL, NULL),
(96, 29, NULL, NULL, NULL, 'LOAN', 4, 'TEST', 1648134626, 13, NULL, NULL),
(97, 29, NULL, NULL, NULL, 'LOAN', 4, 'TEST', 1648134704, 13, NULL, NULL),
(98, 29, NULL, NULL, NULL, 'LOAN', 4, 'TEST', 1648134775, 13, NULL, NULL),
(99, 29, NULL, NULL, NULL, 'LOAN', 4, 'TEST', 1648134874, 13, NULL, NULL),
(100, 29, NULL, NULL, NULL, 'LOAN', 4, 'TEST', 1648134957, 13, NULL, NULL),
(101, 28, NULL, NULL, NULL, 'LOAN', 4, 'TEST', 1648135051, 13, NULL, NULL),
(102, 27, NULL, NULL, NULL, 'LOAN', 4, 'TEST', 1648135139, 13, NULL, NULL),
(103, 26, NULL, NULL, NULL, 'LOAN', 4, 'TEST', 1648141101, 13, NULL, NULL),
(104, 26, NULL, NULL, NULL, 'LOAN', 4, 'TEST', 1648141195, 13, NULL, NULL),
(105, 26, NULL, NULL, NULL, 'LOAN', 4, 'TEST', 1648141428, 13, NULL, NULL),
(106, 26, NULL, NULL, NULL, 'LOAN', 4, 'TEST', 1648141704, 13, NULL, NULL),
(107, 30, 108, NULL, NULL, 'LOAN', 3, 'TESTING 1234', 1648204584, 13, NULL, NULL),
(108, 30, 108, NULL, NULL, 'LOAN', 3, 'TEST', 1648450325, 15, NULL, NULL),
(109, 93, 7, NULL, NULL, 'LOAN', 87, 'TEST', 1651316695, 15, NULL, NULL),
(110, 93, 7, NULL, NULL, 'LOAN', 89, 'TEST', 1651316710, 15, NULL, NULL),
(111, 94, 2, NULL, NULL, 'LOAN', 87, 'TESAT', 1652450114, 15, NULL, NULL),
(112, 7, 7, NULL, NULL, 'LOAN', 87, 'TESTING 12345', 1652688927, 15, NULL, NULL),
(113, 7, 7, NULL, NULL, 'LOAN', 87, 'TESTING 12345', 1652688989, 15, NULL, NULL),
(114, 7, 7, NULL, NULL, 'LOAN', 87, 'TESTING 12345', 1652689016, 15, NULL, NULL),
(115, 7, 7, NULL, NULL, 'LOAN', 87, 'TESTING 12345', 1652689064, 15, NULL, NULL),
(116, 7, 7, NULL, NULL, 'LOAN', 87, 'TESTING 12345', 1652689144, 15, NULL, NULL),
(117, 7, 7, NULL, NULL, 'LOAN', 87, 'TESTING 12345', 1652689240, 15, NULL, NULL),
(118, 8, 8, NULL, NULL, 'LOAN', 87, 'TESTING 123345', 1652689422, 15, NULL, NULL),
(119, 2, 2, 13, NULL, 'LOAN', 87, 'TEST', 1652691861, 15, NULL, NULL),
(120, 9, 9, 15, NULL, 'LOAN', 87, 'TESTING 12345', 1652692272, 15, NULL, NULL),
(121, 13, 13, 13, NULL, 'LOAN', 87, 'Testing if it works very well', 1652693315, 15, NULL, NULL),
(122, 13, 13, 13, NULL, 'LOAN', 87, 'Testing if it works very well', 1652693454, 15, NULL, NULL),
(123, 1, 1, 13, NULL, 'LOAN', 87, 'Test it', 1652694180, 15, NULL, NULL),
(124, 94, 2, 13, NULL, 'LOAN', 89, 'TEST', 1652695075, 15, NULL, NULL),
(125, 94, 2, 13, NULL, 'LOAN', 89, 'TEST', 1652695752, 15, NULL, NULL);

-- --------------------------------------------------------

--
-- Table structure for table `loan_payment_schedule`
--

CREATE TABLE `loan_payment_schedule` (
  `id` int(11) NOT NULL,
  `loan_id` int(11) NOT NULL,
  `due_date` date NOT NULL,
  `next_date` date DEFAULT NULL,
  `principal_amount` decimal(23,0) NOT NULL,
  `interest_amount` decimal(23,0) NOT NULL,
  `principal_paid` decimal(23,0) NOT NULL,
  `interest_paid` decimal(23,0) NOT NULL,
  `principal_dr_account` int(11) NOT NULL,
  `principal_cr_account` int(11) NOT NULL,
  `interest_dr_account` int(11) NOT NULL,
  `interest_cr_account` int(11) NOT NULL,
  `status` int(11) NOT NULL DEFAULT '42',
  `created_at` int(11) NOT NULL,
  `created_by` int(11) NOT NULL,
  `updated_at` int(11) DEFAULT NULL,
  `updated_by` int(11) DEFAULT NULL
) ENGINE=InnoDB DEFAULT CHARSET=utf8;

--
-- Dumping data for table `loan_payment_schedule`
--

INSERT INTO `loan_payment_schedule` (`id`, `loan_id`, `due_date`, `next_date`, `principal_amount`, `interest_amount`, `principal_paid`, `interest_paid`, `principal_dr_account`, `principal_cr_account`, `interest_dr_account`, `interest_cr_account`, `status`, `created_at`, `created_by`, `updated_at`, `updated_by`) VALUES
(1, 3, '2022-06-12', '2022-07-10', '5042260', '839032', '5042260', '839032', 11110, 11300, 12210, 41110, 42, 1652620576, 15, NULL, NULL),
(2, 3, '2022-06-19', '2022-07-10', '1260565', '209758', '1260565', '209758', 11110, 11300, 12210, 41110, 42, 1652620576, 15, NULL, NULL),
(3, 3, '2022-06-26', '2022-07-10', '1260565', '209758', '319920', '209758', 11110, 11300, 12210, 41110, 42, 1652620576, 15, NULL, NULL),
(4, 3, '2022-07-03', '2022-07-10', '1260565', '209758', '0', '0', 11110, 11300, 12210, 41110, 42, 1652620576, 15, NULL, NULL),
(5, 3, '2022-07-10', '2022-07-10', '1361410', '108913', '0', '0', 11110, 11300, 12210, 41110, 42, 1652620576, 15, NULL, NULL),
(6, 4, '2022-06-12', '2022-08-24', '1220564', '440000', '1220564', '440000', 11110, 11300, 12210, 41110, 42, 1652622802, 15, NULL, NULL),
(7, 4, '2022-06-19', '2022-08-24', '305141', '110000', '305141', '110000', 11110, 11300, 12210, 41110, 42, 1652622802, 15, NULL, NULL),
(8, 4, '2022-06-26', '2022-08-24', '305141', '110000', '305141', '110000', 11110, 11300, 12210, 41110, 42, 1652622802, 15, NULL, NULL),
(9, 4, '2022-07-03', '2022-08-24', '305141', '110000', '305141', '110000', 11110, 11300, 12210, 41110, 42, 1652622802, 15, NULL, NULL),
(10, 4, '2022-07-10', '2022-08-24', '329552', '85589', '329552', '85589', 11110, 11300, 12210, 41110, 42, 1652622802, 15, NULL, NULL),
(11, 4, '2022-07-17', '2022-08-24', '329552', '85589', '329552', '85589', 11110, 11300, 12210, 41110, 42, 1652622802, 15, NULL, NULL),
(12, 4, '2022-07-24', '2022-08-24', '329552', '85589', '329552', '85589', 11110, 11300, 12210, 41110, 42, 1652622802, 15, NULL, NULL),
(13, 4, '2022-07-31', '2022-08-24', '329552', '85589', '0', '0', 11110, 11300, 12210, 41110, 42, 1652622802, 15, NULL, NULL),
(14, 4, '2022-08-07', '2022-08-24', '329552', '85589', '0', '0', 11110, 11300, 12210, 41110, 42, 1652622802, 15, NULL, NULL),
(15, 4, '2022-08-14', '2022-08-24', '329552', '85589', '0', '0', 11110, 11300, 12210, 41110, 42, 1652622802, 15, NULL, NULL),
(16, 4, '2022-08-21', '2022-08-24', '329552', '85589', '0', '0', 11110, 11300, 12210, 41110, 42, 1652622802, 15, NULL, NULL),
(17, 4, '2022-08-28', '2022-08-24', '329552', '85589', '0', '0', 11110, 11300, 12210, 41110, 42, 1652622802, 15, NULL, NULL),
(18, 4, '2022-09-04', '2022-08-24', '329552', '85589', '0', '0', 11110, 11300, 12210, 41110, 42, 1652622802, 15, NULL, NULL),
(19, 93, '2022-06-12', '2022-07-24', '308034', '80000', '308034', '80000', 11110, 11300, 12210, 41110, 42, 1652627847, 15, NULL, NULL),
(20, 93, '2022-06-19', '2022-07-24', '77008', '20000', '77008', '20000', 11110, 11300, 12210, 41110, 42, 1652627847, 15, NULL, NULL),
(21, 93, '2022-06-26', '2022-07-24', '77008', '20000', '77008', '20000', 11110, 11300, 12210, 41110, 42, 1652627847, 15, NULL, NULL),
(22, 93, '2022-07-03', '2022-07-24', '77008', '20000', '77008', '20000', 11110, 11300, 12210, 41110, 42, 1652627847, 15, NULL, NULL),
(23, 93, '2022-07-10', '2022-07-24', '83169', '13839', '83169', '13839', 11110, 11300, 12210, 41110, 42, 1652627847, 15, NULL, NULL),
(24, 93, '2022-07-17', '2022-07-24', '83169', '13839', '83169', '13839', 11110, 11300, 12210, 41110, 42, 1652627847, 15, NULL, NULL),
(25, 93, '2022-07-24', '2022-07-24', '83169', '13839', '83169', '13839', 11110, 11300, 12210, 41110, 42, 1652627847, 15, NULL, NULL),
(26, 93, '2022-07-31', '2022-07-24', '83169', '13839', '83169', '13839', 11110, 11300, 12210, 41110, 42, 1652627847, 15, NULL, NULL),
(27, 93, '2022-08-07', '2022-07-24', '83169', '13839', '83169', '13839', 11110, 11300, 12210, 41110, 42, 1652627847, 15, NULL, NULL),
(28, 6, '2022-06-12', '2022-07-26', '2464268', '640000', '2464268', '640000', 11110, 11300, 12210, 41110, 42, 1652629765, 15, NULL, NULL),
(29, 6, '2022-06-19', '2022-07-26', '616067', '160000', '616067', '160000', 11110, 11300, 12210, 41110, 42, 1652629765, 15, NULL, NULL),
(30, 6, '2022-06-26', '2022-07-26', '616067', '160000', '616067', '160000', 11110, 11300, 12210, 41110, 42, 1652629765, 15, NULL, NULL),
(31, 6, '2022-07-03', '2022-07-26', '616067', '160000', '616067', '160000', 11110, 11300, 12210, 41110, 42, 1652629765, 15, NULL, NULL),
(32, 6, '2022-07-10', '2022-07-26', '665352', '110715', '665352', '110715', 11110, 11300, 12210, 41110, 42, 1652629765, 15, NULL, NULL),
(33, 6, '2022-07-17', '2022-07-26', '665352', '110715', '665352', '110715', 11110, 11300, 12210, 41110, 42, 1652629765, 15, NULL, NULL),
(34, 6, '2022-07-24', '2022-07-26', '665352', '110715', '665352', '110715', 11110, 11300, 12210, 41110, 42, 1652629765, 15, NULL, NULL),
(35, 6, '2022-07-31', '2022-07-26', '665352', '110715', '665352', '110715', 11110, 11300, 12210, 41110, 42, 1652629765, 15, NULL, NULL),
(36, 6, '2022-08-07', '2022-07-26', '665352', '110715', '665352', '110715', 11110, 11300, 12210, 41110, 42, 1652629765, 15, NULL, NULL),
(37, 15, '2022-06-12', '2021-12-03', '2163462', '360000', '2163462', '360000', 11110, 11300, 12210, 41110, 42, 1652632774, 15, NULL, NULL),
(38, 15, '2022-06-19', '2021-12-03', '540865', '90000', '540865', '90000', 11110, 11300, 12210, 41110, 42, 1652632774, 15, NULL, NULL),
(39, 15, '2022-06-26', '2021-12-03', '540865', '90000', '540865', '90000', 11110, 11300, 12210, 41110, 42, 1652632774, 15, NULL, NULL),
(40, 15, '2022-07-03', '2021-12-03', '540865', '90000', '540865', '90000', 11110, 11300, 12210, 41110, 42, 1652632774, 15, NULL, NULL),
(41, 15, '2022-07-10', '2021-12-03', '584135', '46731', '584135', '46731', 11110, 11300, 12210, 41110, 42, 1652632774, 15, NULL, NULL),
(42, 5, '2022-06-12', '2022-09-05', '1780027', '641680', '1780027', '641680', 11110, 11300, 12210, 41110, 42, 1652638967, 15, NULL, NULL),
(43, 5, '2022-06-19', '2022-09-05', '445007', '160420', '445007', '160420', 11110, 11300, 12210, 41110, 42, 1652638967, 15, NULL, NULL),
(44, 5, '2022-06-26', '2022-09-05', '445007', '160420', '445007', '160420', 11110, 11300, 12210, 41110, 42, 1652638967, 15, NULL, NULL),
(45, 5, '2022-07-03', '2022-09-05', '445007', '160420', '445007', '160420', 11110, 11300, 12210, 41110, 42, 1652638967, 15, NULL, NULL),
(46, 5, '2022-07-10', '2022-09-05', '480607', '124819', '420000', '124819', 11110, 11300, 12210, 41110, 42, 1652638967, 15, NULL, NULL),
(47, 5, '2022-07-17', '2022-09-05', '480607', '124819', '0', '0', 11110, 11300, 12210, 41110, 42, 1652638967, 15, NULL, NULL),
(48, 5, '2022-07-24', '2022-09-05', '480607', '124819', '0', '0', 11110, 11300, 12210, 41110, 42, 1652638967, 15, NULL, NULL),
(49, 5, '2022-07-31', '2022-09-05', '480607', '124819', '0', '0', 11110, 11300, 12210, 41110, 42, 1652638967, 15, NULL, NULL),
(50, 5, '2022-08-07', '2022-09-05', '480607', '124819', '0', '0', 11110, 11300, 12210, 41110, 42, 1652638967, 15, NULL, NULL),
(51, 5, '2022-08-14', '2022-09-05', '480607', '124819', '0', '0', 11110, 11300, 12210, 41110, 42, 1652638967, 15, NULL, NULL),
(52, 5, '2022-08-21', '2022-09-05', '480607', '124819', '0', '0', 11110, 11300, 12210, 41110, 42, 1652638967, 15, NULL, NULL),
(53, 5, '2022-08-28', '2022-09-05', '480607', '124819', '0', '0', 11110, 11300, 12210, 41110, 42, 1652638967, 15, NULL, NULL),
(54, 5, '2022-09-04', '2022-09-05', '480607', '124819', '0', '0', 11110, 11300, 12210, 41110, 42, 1652638967, 15, NULL, NULL);

-- --------------------------------------------------------

--
-- Stand-in structure for view `loan_portifolio`
-- (See below for the actual view)
--
CREATE TABLE `loan_portifolio` (
`loan_id` int(11)
,`principal_amount` decimal(45,0)
,`principal_paid` decimal(45,0)
,`interest_amount` decimal(45,0)
,`interest_paid` decimal(45,0)
,`created_at` int(11)
,`created_by` int(11)
);

-- --------------------------------------------------------

--
-- Table structure for table `loan_product`
--

CREATE TABLE `loan_product` (
  `id` int(11) NOT NULL,
  `name` varchar(100) NOT NULL,
  `product_code` varchar(45) NOT NULL,
  `description` varchar(500) NOT NULL,
  `interest_rate` decimal(10,2) NOT NULL,
  `principal_installment_frequency` varchar(100) NOT NULL,
  `interest_frequency` varchar(100) NOT NULL,
  `minimum_amount` decimal(10,2) NOT NULL,
  `maximum_amount` float(10,2) NOT NULL,
  `maximum_repayment_period` int(11) NOT NULL,
  `status` int(11) NOT NULL,
  `penalty` decimal(10,2) NOT NULL,
  `created_at` int(11) NOT NULL,
  `created_by` int(11) NOT NULL,
  `updated_at` int(11) DEFAULT NULL,
  `updated_by` int(11) DEFAULT NULL
) ENGINE=InnoDB DEFAULT CHARSET=utf8;

--
-- Dumping data for table `loan_product`
--

INSERT INTO `loan_product` (`id`, `name`, `product_code`, `description`, `interest_rate`, `principal_installment_frequency`, `interest_frequency`, `minimum_amount`, `maximum_amount`, `maximum_repayment_period`, `status`, `penalty`, `created_at`, `created_by`, `updated_at`, `updated_by`) VALUES
(1, 'Short Term Loan', 'BUL', 'Loans to be paid back within 3 months', '2.00', 'MONTHLY', 'WEEKLY', '100000.00', 1000000.00, 3, 1, '500000.00', 1628759424, 10, 1628898106, 8),
(2, 'Medium Term Loan', 'INDL', 'Loans to be paid between 3months and 2 years', '2.50', 'MONTHLY', 'WEEKLY', '100000.00', 2500000.00, 3, 1, '50000.00', 1628760190, 10, 1628761068, 10),
(3, 'Long Term Loan', 'SALN', 'Loans to be paid back within 5 years', '3.00', 'MONTHLY', 'WEEKLY', '100000.00', 2500000.00, 3, 1, '50000.00', 1628897922, 8, 1628898114, 8),
(4, 'Special Loan', 'AGRI', 'Loans issued at special interest rates', '2.00', 'MONTHLY', 'WEEKLY', '100000.00', 25000000.00, 3, 1, '50000.00', 1629099388, 8, NULL, NULL);

-- --------------------------------------------------------

--
-- Table structure for table `loan_product_required_documents`
--

CREATE TABLE `loan_product_required_documents` (
  `id` int(11) NOT NULL,
  `loan_product_id` int(11) NOT NULL,
  `is_required` int(11) NOT NULL,
  `name` varchar(100) NOT NULL,
  `description` varchar(255) NOT NULL,
  `created_at` int(11) NOT NULL,
  `created_by` int(11) NOT NULL,
  `updated_at` int(11) DEFAULT NULL,
  `updated_by` int(11) DEFAULT NULL
) ENGINE=InnoDB DEFAULT CHARSET=utf8;

--
-- Dumping data for table `loan_product_required_documents`
--

INSERT INTO `loan_product_required_documents` (`id`, `loan_product_id`, `is_required`, `name`, `description`, `created_at`, `created_by`, `updated_at`, `updated_by`) VALUES
(1, 1, 0, 'National ID', 'National ID', 1628762221, 10, NULL, NULL),
(2, 3, 0, 'Monthly Payment Slips', 'Monthly Payment Slips', 1628898022, 8, NULL, NULL),
(3, 4, 0, 'National ID', 'You are required to bring your National ID', 1629099672, 8, NULL, NULL),
(4, 4, 0, 'LC I Letter', 'You are required to bring LC ', 1629099791, 8, NULL, NULL),
(5, 1, 1, 'Driving Permit', 'Driving Permit', 1633428664, 2, NULL, NULL),
(6, 1, 1, 'Passport', 'Passport', 1633429374, 2, NULL, NULL),
(7, 1, 1, 'Passport1', 'Passport 1', 1633429498, 2, NULL, NULL);

-- --------------------------------------------------------

--
-- Table structure for table `master_data`
--

CREATE TABLE `master_data` (
  `id` int(11) NOT NULL,
  `name` varchar(225) NOT NULL,
  `description` tinytext,
  `created_by` varchar(45) NOT NULL,
  `created_at` int(11) DEFAULT NULL,
  `updated_at` int(11) DEFAULT NULL,
  `updated_by` varchar(45) DEFAULT NULL,
  `reference_table` varchar(225) DEFAULT NULL COMMENT 'Table to which this status is applicable',
  `parent_id` int(11) DEFAULT NULL,
  `css_class` varchar(45) DEFAULT NULL,
  `client_type` varchar(20) DEFAULT NULL
) ENGINE=InnoDB DEFAULT CHARSET=utf8;

--
-- Dumping data for table `master_data`
--

INSERT INTO `master_data` (`id`, `name`, `description`, `created_by`, `created_at`, `updated_at`, `updated_by`, `reference_table`, `parent_id`, `css_class`, `client_type`) VALUES
(1, 'Active', 'Active', '1', NULL, NULL, NULL, 'status', NULL, 'success', NULL),
(2, 'Deactivated', 'Deactivated', '1', NULL, NULL, NULL, 'status', NULL, 'danger', NULL),
(3, 'National ID', 'National ID', '', NULL, NULL, NULL, 'identification_type', NULL, NULL, NULL),
(4, 'Voter\'s ID', 'Voter\'s ID', '2', NULL, NULL, NULL, 'identification_type', NULL, NULL, NULL),
(5, 'Passport No', 'Passport No', '1', NULL, NULL, NULL, 'identification_type', NULL, NULL, NULL),
(6, 'Driving Permit', 'Driving Permit', '1', NULL, NULL, NULL, 'identification_type', NULL, NULL, NULL),
(7, 'Work ID', 'Work ID', '2', NULL, NULL, NULL, 'identification_type', NULL, NULL, NULL),
(8, 'Male', 'Male', '2', NULL, NULL, NULL, 'sex', NULL, NULL, NULL),
(9, 'Female', 'Female', '2', NULL, NULL, NULL, 'sex', NULL, NULL, NULL),
(10, 'Married', 'Married', '1', NULL, NULL, NULL, 'marital_status', NULL, NULL, NULL),
(11, 'Single', 'Single', '1', NULL, NULL, NULL, 'marital_status', NULL, NULL, NULL),
(12, 'Widowed', 'widowed', '', NULL, NULL, NULL, 'marital_status', NULL, NULL, NULL),
(13, 'Divorced', 'Divorced', '1', NULL, NULL, NULL, 'marital_status', NULL, NULL, NULL),
(14, 'Separated', 'Separated', '1', NULL, NULL, NULL, 'marital_status', NULL, NULL, NULL),
(15, 'Staff', 'Staff', '1', NULL, NULL, NULL, 'membership_type', NULL, NULL, NULL),
(16, 'Non Staff', 'Non Staff', '1', NULL, NULL, NULL, 'membership_type', NULL, NULL, NULL),
(17, 'Sister', 'Sister', '1', NULL, NULL, NULL, 'relationship', NULL, NULL, NULL),
(18, 'Brother', 'Brother', '1', NULL, NULL, NULL, 'relationship', NULL, NULL, NULL),
(19, 'Pending for Approval', 'Pending for Approval', '2', NULL, NULL, NULL, 'status', NULL, 'warning', NULL),
(20, 'Approved', 'Approved', '2', NULL, NULL, NULL, 'status', NULL, 'success', NULL),
(21, 'Others', 'Others specify', '2', NULL, NULL, NULL, 'identification_type', NULL, NULL, NULL),
(22, 'Child', 'Child', '2', NULL, NULL, NULL, 'relationship', NULL, NULL, NULL),
(23, 'Mother', 'Mother', '2', NULL, NULL, NULL, 'relationship', NULL, NULL, NULL),
(24, 'Father', 'Father', '2', NULL, NULL, NULL, 'relationship', NULL, NULL, NULL),
(25, 'Penalty', 'Penalty', '2', NULL, NULL, NULL, 'status', NULL, 'warning', NULL),
(26, 'Husband', 'Husband', '2', NULL, NULL, NULL, '', NULL, NULL, NULL),
(28, 'Guardian', 'Guardian', '', NULL, NULL, NULL, 'relationship', NULL, NULL, NULL),
(29, 'Others', 'Others', '', NULL, NULL, NULL, 'relationship', NULL, NULL, NULL),
(30, 'Assest', 'Asset', '2', NULL, NULL, NULL, 'account_type', NULL, NULL, NULL),
(31, 'Equity', 'Equity', '2', NULL, NULL, NULL, 'account_type', NULL, NULL, NULL),
(32, 'Expense', 'Expense', '2', NULL, NULL, NULL, 'account_type', NULL, NULL, NULL),
(33, 'Income', 'Income', '2', NULL, NULL, NULL, 'account_type', NULL, NULL, NULL),
(34, 'Liability', 'Liability', '2', NULL, NULL, NULL, 'account_type', NULL, NULL, NULL),
(35, 'UGX', 'UGX', '2', NULL, NULL, NULL, 'currency', NULL, NULL, NULL),
(36, 'Rejected', 'Rejected', '2', NULL, NULL, NULL, 'status', NULL, 'danger', NULL),
(37, 'Land Title', 'Land Title', '2', NULL, NULL, NULL, 'type_of_collateral', NULL, '', 'all'),
(38, 'Business', 'Business', '2', NULL, NULL, NULL, 'type_of_collateral', NULL, NULL, NULL),
(39, 'Straight line', 'Straight line', '2', NULL, NULL, NULL, 'amortization_method', NULL, NULL, NULL),
(40, 'Reducing balance', 'Reducing balance', '2', NULL, NULL, NULL, 'amortization_method', NULL, NULL, NULL),
(41, 'Disbursed', 'Released', '2', NULL, NULL, NULL, 'status', NULL, 'primary', NULL),
(42, 'Not Paid', 'Not Paid', '2', NULL, NULL, NULL, 'status', NULL, 'danger', NULL),
(43, 'Paid', 'Paid', '2', NULL, NULL, NULL, 'status', NULL, 'success', NULL),
(44, 'CANCELLED', 'CANCELLED', '2', NULL, NULL, NULL, 'status', NULL, 'secondary', NULL),
(45, 'GC', 'G', '2', NULL, NULL, NULL, 'client_type', NULL, NULL, NULL),
(46, 'MP', 'MP', '2', NULL, NULL, NULL, 'client_type', NULL, NULL, NULL),
(47, 'Head Office', 'Head Office', '2', NULL, NULL, NULL, 'office_type', NULL, NULL, NULL),
(48, 'Residence', 'Residence', '2', NULL, NULL, NULL, 'address_type', NULL, NULL, NULL),
(49, 'Business', 'Business', '2', NULL, NULL, NULL, 'address_type', NULL, NULL, NULL),
(50, 'Good', 'Good', '2', NULL, NULL, NULL, 'classification_status', NULL, NULL, NULL),
(51, 'Very Good', 'Very Good', '2', NULL, NULL, NULL, 'classification_status', NULL, NULL, NULL),
(52, 'Poor', 'Poor', '2', NULL, NULL, NULL, 'classification_status', NULL, NULL, NULL),
(53, 'Not Specified', 'Not Specified', '2', NULL, NULL, NULL, NULL, NULL, NULL, NULL),
(54, 'Yes', 'Yes', '2', NULL, NULL, NULL, 'staff_member', NULL, NULL, NULL),
(55, 'No', 'No', '2', NULL, NULL, NULL, 'staff_member', NULL, NULL, NULL),
(56, 'Individual Loan', 'Individual Loan', '1', NULL, NULL, NULL, 'loan_type', NULL, NULL, NULL),
(57, 'Group Loan', 'Group Loan', '1', NULL, NULL, NULL, 'loan_type', NULL, NULL, NULL),
(58, 'Cash', 'Cash', '2', NULL, NULL, NULL, 'payment_method', NULL, NULL, NULL),
(59, 'Mobile Money', 'Mobile', '2', NULL, NULL, NULL, 'payment_method', NULL, NULL, NULL),
(60, 'CS', NULL, '2', NULL, NULL, NULL, 'client_type', NULL, NULL, NULL),
(62, 'loan application fees', 'Loan application fees', '3', NULL, NULL, NULL, 'loan_config_label', NULL, NULL, NULL),
(63, 'Loan Interest', 'Loan Interest', '2', NULL, NULL, NULL, 'loan_config_label', NULL, NULL, NULL),
(64, 'Principal Amount', 'Principal Amount', '2', NULL, NULL, NULL, 'loan_config_label', NULL, NULL, NULL),
(65, 'Loan Insurance Fee', 'Loan Insurance Fee', '2', NULL, NULL, NULL, 'loan_config_label', NULL, NULL, NULL),
(66, 'Disbursement Amount', 'Disbursement Amount', '2', NULL, NULL, NULL, 'loan_config_label', NULL, NULL, NULL),
(67, 'Penalty Fee', 'Penalty Fee', '2', NULL, NULL, NULL, 'loan_config_lable', NULL, NULL, NULL),
(68, 'PS', 'PS', '2', NULL, NULL, NULL, 'client_type', NULL, NULL, NULL),
(69, 'Individual', 'Company', '2', NULL, NULL, NULL, 'invest', NULL, NULL, NULL),
(70, 'Company', 'Company', '2', NULL, NULL, NULL, 'invest', NULL, NULL, NULL),
(71, 'Investment Interest', 'Investment Interest', '2', NULL, NULL, NULL, 'loan_config_label', NULL, NULL, NULL),
(72, 'Investment Amount', 'Investment Amount', '2', NULL, NULL, NULL, 'loan_config_label', NULL, NULL, NULL),
(73, 'Offset', 'Offset', '2', NULL, NULL, NULL, 'status', NULL, 'info', NULL),
(74, 'Merged', 'Merged', '2', NULL, NULL, NULL, 'status', NULL, 'secondary', NULL),
(75, 'Logbooks', 'Logbooks', '2', NULL, NULL, NULL, 'type_of_collateral', NULL, NULL, 'all'),
(76, 'Cheques', 'Cheques', '2', NULL, NULL, NULL, 'type_of_collateral', NULL, NULL, 'all'),
(77, 'Others', 'Others', '2', NULL, NULL, NULL, 'type_of_collateral', NULL, NULL, 'all'),
(78, 'Payslips', 'Payslips', '2', NULL, NULL, NULL, 'type_of_collateral', NULL, '', 'cs'),
(80, 'Spouse', 'Spouse', '2', NULL, NULL, NULL, 'relationship', NULL, NULL, NULL),
(83, 'Forced sale Price', 'Forced sale Price', '2', NULL, NULL, NULL, 'price', NULL, '', ''),
(84, 'Open Market Price', 'Open Market Price', '2', NULL, NULL, NULL, 'price', NULL, NULL, NULL),
(85, 'Suspended', 'Suspended', '2', NULL, NULL, NULL, 'status', NULL, 'info', NULL),
(86, 'Fully Paid', 'Fully Paid', '2', NULL, NULL, NULL, 'status', NULL, 'success', NULL),
(87, 'Submitted for Approval', 'Submitted for Approval', '2', NULL, NULL, NULL, 'status', NULL, 'primary', NULL),
(88, 'Returned for works', 'Returned for works', '2', NULL, NULL, NULL, 'status', NULL, 'danger', NULL),
(89, 'Submitted for Approval', 'Submitted for Approval', '2', NULL, NULL, NULL, 'status', NULL, 'primary', NULL),
(90, 'Fined', 'Fined', '2', NULL, NULL, NULL, 'status', NULL, 'danger', NULL),
(91, 'Partially', 'Partially', '2', NULL, NULL, NULL, 'status', NULL, 'warning', NULL);

-- --------------------------------------------------------

--
-- Table structure for table `office_held`
--

CREATE TABLE `office_held` (
  `id` int(11) NOT NULL,
  `name` varchar(1000) NOT NULL,
  `created_at` int(11) NOT NULL,
  `created_by` int(11) NOT NULL
) ENGINE=InnoDB DEFAULT CHARSET=utf8;

--
-- Dumping data for table `office_held`
--

INSERT INTO `office_held` (`id`, `name`, `created_at`, `created_by`) VALUES
(1, 'System Administrator', 12345678, 13),
(2, 'Credit Manager', 1234567678, 13),
(3, 'Director', 123456734, 13),
(4, 'Loan Officer', 21345678, 13);

-- --------------------------------------------------------

--
-- Stand-in structure for view `overdue_payments`
-- (See below for the actual view)
--
CREATE TABLE `overdue_payments` (
`id` int(11)
,`description` varchar(255)
,`entry_reference` bigint(20)
,`amount` decimal(23,2)
,`debit_account` int(11)
,`credit_account` int(11)
,`due_date` date
,`entry_type` varchar(20)
,`entry_reference_id` bigint(20)
,`created_at` int(11)
,`created_by` int(11)
,`member_account` varchar(45)
,`entry_period` int(11)
,`updated_at` int(11)
,`updated_by` int(11)
,`ledger_status` int(11)
,`payment_ref` bigint(20)
,`stage` varchar(45)
);

-- --------------------------------------------------------

--
-- Table structure for table `payment_schedule`
--

CREATE TABLE `payment_schedule` (
  `id` int(11) NOT NULL,
  `loan_id` int(11) NOT NULL,
  `due_date` date NOT NULL,
  `principal` decimal(23,2) NOT NULL,
  `interest` decimal(23,2) NOT NULL,
  `total_payment` decimal(23,2) NOT NULL,
  `closing_balance` decimal(23,2) NOT NULL,
  `created_at` int(11) NOT NULL,
  `created_by` int(11) NOT NULL,
  `updated_at` int(11) DEFAULT NULL,
  `uppdated_by` int(11) DEFAULT NULL
) ENGINE=InnoDB DEFAULT CHARSET=utf8;

-- --------------------------------------------------------

--
-- Table structure for table `rated_item`
--

CREATE TABLE `rated_item` (
  `id` int(11) NOT NULL,
  `name` varchar(100) NOT NULL,
  `marks` decimal(2,1) NOT NULL,
  `client_type` varchar(20) NOT NULL DEFAULT 'CS',
  `created_at` int(11) NOT NULL,
  `created_by` int(11) NOT NULL
) ENGINE=InnoDB DEFAULT CHARSET=utf8;

--
-- Dumping data for table `rated_item`
--

INSERT INTO `rated_item` (`id`, `name`, `marks`, `client_type`, `created_at`, `created_by`) VALUES
(1, 'Full Paper', '0.5', 'CS', 123456, 2),
(2, 'Other loans', '0.5', 'CS', 23456, 2),
(3, 'Bank Statement', '1.0', 'CS', 123456, 2),
(4, 'Manager\'s bias', '1.0', 'CS', 23456, 2),
(5, 'Different sources of income', '1.0', 'CS', 123456, 2),
(6, 'Cheques', '1.5', 'CS', 23456, 2),
(7, 'Guarantor', '1.0', 'CS', 123456, 2),
(8, 'Payment history', '1.5', 'CS', 23456, 2),
(9, 'Security', '2.0', 'CS', 23456, 2);

-- --------------------------------------------------------

--
-- Table structure for table `score`
--

CREATE TABLE `score` (
  `id` int(11) NOT NULL,
  `client_id` int(11) NOT NULL,
  `loan_id` int(11) NOT NULL,
  `rate_item_id` int(11) NOT NULL,
  `guadge_score_id` int(11) DEFAULT NULL,
  `mark` decimal(10,3) DEFAULT NULL,
  `reason` varchar(5000) DEFAULT NULL,
  `created_at` int(11) NOT NULL,
  `created_by` int(11) NOT NULL,
  `updated_at` int(11) DEFAULT NULL,
  `updated_by` int(11) DEFAULT NULL
) ENGINE=InnoDB DEFAULT CHARSET=utf8;

--
-- Dumping data for table `score`
--

INSERT INTO `score` (`id`, `client_id`, `loan_id`, `rate_item_id`, `guadge_score_id`, `mark`, `reason`, `created_at`, `created_by`, `updated_at`, `updated_by`) VALUES
(1, 105, 37, 1, 3, '0.125', 'test', 1646139592, 13, 1646142933, 13),
(2, 105, 37, 2, 4, '0.250', 'TEST', 1646139592, 13, 1646142821, 13),
(3, 105, 37, 3, 4, '0.500', 'TEST', 1646139592, 13, 1646142838, 13),
(4, 105, 37, 4, 3, '0.250', 'TEST', 1646139592, 13, 1646142981, 13),
(5, 105, 37, 5, 3, '0.250', 'TEST', 1646139592, 13, 1646144162, 13),
(6, 105, 37, 6, 5, '1.125', 'GOOD', 1646139592, 13, 1646143009, 13),
(7, 105, 37, 7, 3, '0.250', 'TEST', 1646139592, 13, 1646144171, 13),
(8, 105, 37, 8, 6, '1.500', 'TEST', 1646139592, 13, 1646144182, 13),
(9, 105, 37, 9, 5, '1.500', 'TEST', 1646139592, 13, 1646144195, 13),
(10, 105, 40, 1, NULL, NULL, NULL, 1646156274, 13, NULL, NULL),
(11, 105, 40, 2, NULL, NULL, NULL, 1646156274, 13, NULL, NULL),
(12, 105, 40, 3, NULL, NULL, NULL, 1646156274, 13, NULL, NULL),
(13, 105, 40, 4, NULL, NULL, NULL, 1646156274, 13, NULL, NULL),
(14, 105, 40, 5, NULL, NULL, NULL, 1646156274, 13, NULL, NULL),
(15, 105, 40, 6, NULL, NULL, NULL, 1646156274, 13, NULL, NULL),
(16, 105, 40, 7, NULL, NULL, NULL, 1646156274, 13, NULL, NULL),
(17, 105, 40, 8, NULL, NULL, NULL, 1646156274, 13, NULL, NULL),
(18, 105, 40, 9, NULL, NULL, NULL, 1646156274, 13, NULL, NULL),
(19, 105, 40, 1, NULL, NULL, NULL, 1646156422, 13, NULL, NULL),
(20, 105, 40, 2, NULL, NULL, NULL, 1646156422, 13, NULL, NULL),
(21, 105, 40, 3, NULL, NULL, NULL, 1646156422, 13, NULL, NULL),
(22, 105, 40, 4, NULL, NULL, NULL, 1646156422, 13, NULL, NULL),
(23, 105, 40, 5, NULL, NULL, NULL, 1646156422, 13, NULL, NULL),
(24, 105, 40, 6, NULL, NULL, NULL, 1646156422, 13, NULL, NULL),
(25, 105, 40, 7, NULL, NULL, NULL, 1646156422, 13, NULL, NULL),
(26, 105, 40, 8, NULL, NULL, NULL, 1646156422, 13, NULL, NULL),
(27, 105, 40, 9, NULL, NULL, NULL, 1646156422, 13, NULL, NULL),
(28, 1, 41, 1, NULL, NULL, NULL, 1646215755, 13, NULL, NULL),
(29, 1, 41, 2, NULL, NULL, NULL, 1646215755, 13, NULL, NULL),
(30, 1, 41, 3, NULL, NULL, NULL, 1646215755, 13, NULL, NULL),
(31, 1, 41, 4, NULL, NULL, NULL, 1646215755, 13, NULL, NULL),
(32, 1, 41, 5, NULL, NULL, NULL, 1646215755, 13, NULL, NULL),
(33, 1, 41, 6, NULL, NULL, NULL, 1646215755, 13, NULL, NULL),
(34, 1, 41, 7, NULL, NULL, NULL, 1646215755, 13, NULL, NULL),
(35, 1, 41, 8, NULL, NULL, NULL, 1646215755, 13, NULL, NULL),
(36, 1, 41, 9, NULL, NULL, NULL, 1646215755, 13, NULL, NULL),
(37, 105, 1, 1, NULL, NULL, NULL, 1646382106, 13, NULL, NULL),
(38, 105, 1, 2, NULL, NULL, NULL, 1646382106, 13, NULL, NULL),
(39, 105, 1, 3, NULL, NULL, NULL, 1646382106, 13, NULL, NULL),
(40, 105, 1, 4, NULL, NULL, NULL, 1646382106, 13, NULL, NULL),
(41, 105, 1, 5, NULL, NULL, NULL, 1646382106, 13, NULL, NULL),
(42, 105, 1, 6, NULL, NULL, NULL, 1646382106, 13, NULL, NULL),
(43, 105, 1, 7, NULL, NULL, NULL, 1646382106, 13, NULL, NULL),
(44, 105, 1, 8, NULL, NULL, NULL, 1646382106, 13, NULL, NULL),
(45, 105, 1, 9, NULL, NULL, NULL, 1646382106, 13, NULL, NULL),
(46, 105, 2, 1, NULL, NULL, NULL, 1646462182, 13, NULL, NULL),
(47, 105, 2, 2, NULL, NULL, NULL, 1646462182, 13, NULL, NULL),
(48, 105, 2, 3, NULL, NULL, NULL, 1646462182, 13, NULL, NULL),
(49, 105, 2, 4, NULL, NULL, NULL, 1646462182, 13, NULL, NULL),
(50, 105, 2, 5, NULL, NULL, NULL, 1646462182, 13, NULL, NULL),
(51, 105, 2, 6, NULL, NULL, NULL, 1646462182, 13, NULL, NULL),
(52, 105, 2, 7, NULL, NULL, NULL, 1646462182, 13, NULL, NULL),
(53, 105, 2, 8, NULL, NULL, NULL, 1646462182, 13, NULL, NULL),
(54, 105, 2, 9, NULL, NULL, NULL, 1646462182, 13, NULL, NULL),
(55, 105, 3, 1, NULL, NULL, NULL, 1646466601, 13, NULL, NULL),
(56, 105, 3, 2, NULL, NULL, NULL, 1646466601, 13, NULL, NULL),
(57, 105, 3, 3, NULL, NULL, NULL, 1646466601, 13, NULL, NULL),
(58, 105, 3, 4, NULL, NULL, NULL, 1646466601, 13, NULL, NULL),
(59, 105, 3, 5, NULL, NULL, NULL, 1646466601, 13, NULL, NULL),
(60, 105, 3, 6, NULL, NULL, NULL, 1646466601, 13, NULL, NULL),
(61, 105, 3, 7, NULL, NULL, NULL, 1646466601, 13, NULL, NULL),
(62, 105, 3, 8, NULL, NULL, NULL, 1646466601, 13, NULL, NULL),
(63, 105, 3, 9, NULL, NULL, NULL, 1646466601, 13, NULL, NULL),
(64, 1, 4, 1, NULL, NULL, NULL, 1646481314, 13, NULL, NULL),
(65, 1, 4, 2, NULL, NULL, NULL, 1646481314, 13, NULL, NULL),
(66, 1, 4, 3, NULL, NULL, NULL, 1646481314, 13, NULL, NULL),
(67, 1, 4, 4, NULL, NULL, NULL, 1646481314, 13, NULL, NULL),
(68, 1, 4, 5, NULL, NULL, NULL, 1646481314, 13, NULL, NULL),
(69, 1, 4, 6, NULL, NULL, NULL, 1646481314, 13, NULL, NULL),
(70, 1, 4, 7, NULL, NULL, NULL, 1646481314, 13, NULL, NULL),
(71, 1, 4, 8, NULL, NULL, NULL, 1646481314, 13, NULL, NULL),
(72, 1, 4, 9, NULL, NULL, NULL, 1646481314, 13, NULL, NULL),
(73, 105, 5, 1, NULL, NULL, NULL, 1646602162, 13, NULL, NULL),
(74, 105, 5, 2, NULL, NULL, NULL, 1646602162, 13, NULL, NULL),
(75, 105, 5, 3, NULL, NULL, NULL, 1646602162, 13, NULL, NULL),
(76, 105, 5, 4, NULL, NULL, NULL, 1646602162, 13, NULL, NULL),
(77, 105, 5, 5, NULL, NULL, NULL, 1646602162, 13, NULL, NULL),
(78, 105, 5, 6, NULL, NULL, NULL, 1646602162, 13, NULL, NULL),
(79, 105, 5, 7, NULL, NULL, NULL, 1646602162, 13, NULL, NULL),
(80, 105, 5, 8, NULL, NULL, NULL, 1646602162, 13, NULL, NULL),
(81, 105, 5, 9, NULL, NULL, NULL, 1646602162, 13, NULL, NULL),
(82, 1, 7, 1, NULL, NULL, NULL, 1646636094, 13, NULL, NULL),
(83, 1, 7, 2, NULL, NULL, NULL, 1646636094, 13, NULL, NULL),
(84, 1, 7, 3, NULL, NULL, NULL, 1646636094, 13, NULL, NULL),
(85, 1, 7, 4, NULL, NULL, NULL, 1646636094, 13, NULL, NULL),
(86, 1, 7, 5, NULL, NULL, NULL, 1646636094, 13, NULL, NULL),
(87, 1, 7, 6, NULL, NULL, NULL, 1646636094, 13, NULL, NULL),
(88, 1, 7, 7, NULL, NULL, NULL, 1646636094, 13, NULL, NULL),
(89, 1, 7, 8, NULL, NULL, NULL, 1646636094, 13, NULL, NULL),
(90, 1, 7, 9, NULL, NULL, NULL, 1646636094, 13, NULL, NULL),
(91, 2, 6, 1, NULL, NULL, NULL, 1646658694, 13, NULL, NULL),
(92, 2, 6, 2, NULL, NULL, NULL, 1646658694, 13, NULL, NULL),
(93, 2, 6, 3, NULL, NULL, NULL, 1646658694, 13, NULL, NULL),
(94, 2, 6, 4, NULL, NULL, NULL, 1646658694, 13, NULL, NULL),
(95, 2, 6, 5, NULL, NULL, NULL, 1646658694, 13, NULL, NULL),
(96, 2, 6, 6, NULL, NULL, NULL, 1646658694, 13, NULL, NULL),
(97, 2, 6, 7, NULL, NULL, NULL, 1646658694, 13, NULL, NULL),
(98, 2, 6, 8, NULL, NULL, NULL, 1646658694, 13, NULL, NULL),
(99, 2, 6, 9, NULL, NULL, NULL, 1646658694, 13, NULL, NULL),
(100, 4, 8, 1, NULL, NULL, NULL, 1646659142, 13, NULL, NULL),
(101, 4, 8, 2, NULL, NULL, NULL, 1646659142, 13, NULL, NULL),
(102, 4, 8, 3, NULL, NULL, NULL, 1646659142, 13, NULL, NULL),
(103, 4, 8, 4, NULL, NULL, NULL, 1646659142, 13, NULL, NULL),
(104, 4, 8, 5, NULL, NULL, NULL, 1646659142, 13, NULL, NULL),
(105, 4, 8, 6, NULL, NULL, NULL, 1646659142, 13, NULL, NULL),
(106, 4, 8, 7, NULL, NULL, NULL, 1646659142, 13, NULL, NULL),
(107, 4, 8, 8, NULL, NULL, NULL, 1646659142, 13, NULL, NULL),
(108, 4, 8, 9, NULL, NULL, NULL, 1646659142, 13, NULL, NULL),
(109, 5, 9, 1, NULL, NULL, NULL, 1646659651, 13, NULL, NULL),
(110, 5, 9, 2, NULL, NULL, NULL, 1646659651, 13, NULL, NULL),
(111, 5, 9, 3, NULL, NULL, NULL, 1646659651, 13, NULL, NULL),
(112, 5, 9, 4, NULL, NULL, NULL, 1646659651, 13, NULL, NULL),
(113, 5, 9, 5, NULL, NULL, NULL, 1646659651, 13, NULL, NULL),
(114, 5, 9, 6, NULL, NULL, NULL, 1646659651, 13, NULL, NULL),
(115, 5, 9, 7, NULL, NULL, NULL, 1646659651, 13, NULL, NULL),
(116, 5, 9, 8, NULL, NULL, NULL, 1646659651, 13, NULL, NULL),
(117, 5, 9, 9, NULL, NULL, NULL, 1646659651, 13, NULL, NULL),
(118, 4, 10, 1, NULL, NULL, NULL, 1646660156, 13, NULL, NULL),
(119, 4, 10, 2, NULL, NULL, NULL, 1646660156, 13, NULL, NULL),
(120, 4, 10, 3, NULL, NULL, NULL, 1646660156, 13, NULL, NULL),
(121, 4, 10, 4, NULL, NULL, NULL, 1646660156, 13, NULL, NULL),
(122, 4, 10, 5, NULL, NULL, NULL, 1646660156, 13, NULL, NULL),
(123, 4, 10, 6, NULL, NULL, NULL, 1646660156, 13, NULL, NULL),
(124, 4, 10, 7, NULL, NULL, NULL, 1646660156, 13, NULL, NULL),
(125, 4, 10, 8, NULL, NULL, NULL, 1646660156, 13, NULL, NULL),
(126, 4, 10, 9, NULL, NULL, NULL, 1646660156, 13, NULL, NULL),
(127, 6, 11, 1, NULL, NULL, NULL, 1646660928, 13, NULL, NULL),
(128, 6, 11, 2, NULL, NULL, NULL, 1646660928, 13, NULL, NULL),
(129, 6, 11, 3, NULL, NULL, NULL, 1646660928, 13, NULL, NULL),
(130, 6, 11, 4, NULL, NULL, NULL, 1646660928, 13, NULL, NULL),
(131, 6, 11, 5, NULL, NULL, NULL, 1646660928, 13, NULL, NULL),
(132, 6, 11, 6, NULL, NULL, NULL, 1646660928, 13, NULL, NULL),
(133, 6, 11, 7, NULL, NULL, NULL, 1646660928, 13, NULL, NULL),
(134, 6, 11, 8, NULL, NULL, NULL, 1646660928, 13, NULL, NULL),
(135, 6, 11, 9, NULL, NULL, NULL, 1646660928, 13, NULL, NULL),
(136, 9, 12, 1, NULL, NULL, NULL, 1646661174, 13, NULL, NULL),
(137, 9, 12, 2, NULL, NULL, NULL, 1646661174, 13, NULL, NULL),
(138, 9, 12, 3, NULL, NULL, NULL, 1646661174, 13, NULL, NULL),
(139, 9, 12, 4, NULL, NULL, NULL, 1646661174, 13, NULL, NULL),
(140, 9, 12, 5, NULL, NULL, NULL, 1646661174, 13, NULL, NULL),
(141, 9, 12, 6, NULL, NULL, NULL, 1646661174, 13, NULL, NULL),
(142, 9, 12, 7, NULL, NULL, NULL, 1646661174, 13, NULL, NULL),
(143, 9, 12, 8, NULL, NULL, NULL, 1646661174, 13, NULL, NULL),
(144, 9, 12, 9, NULL, NULL, NULL, 1646661174, 13, NULL, NULL),
(145, 105, 13, 1, NULL, NULL, NULL, 1646662015, 13, NULL, NULL),
(146, 105, 13, 2, NULL, NULL, NULL, 1646662015, 13, NULL, NULL),
(147, 105, 13, 3, NULL, NULL, NULL, 1646662015, 13, NULL, NULL),
(148, 105, 13, 4, NULL, NULL, NULL, 1646662015, 13, NULL, NULL),
(149, 105, 13, 5, NULL, NULL, NULL, 1646662015, 13, NULL, NULL),
(150, 105, 13, 6, NULL, NULL, NULL, 1646662015, 13, NULL, NULL),
(151, 105, 13, 7, NULL, NULL, NULL, 1646662015, 13, NULL, NULL),
(152, 105, 13, 8, NULL, NULL, NULL, 1646662015, 13, NULL, NULL),
(153, 105, 13, 9, NULL, NULL, NULL, 1646662015, 13, NULL, NULL),
(154, 15, 14, 1, NULL, NULL, NULL, 1646663872, 13, NULL, NULL),
(155, 15, 14, 2, NULL, NULL, NULL, 1646663872, 13, NULL, NULL),
(156, 15, 14, 3, NULL, NULL, NULL, 1646663872, 13, NULL, NULL),
(157, 15, 14, 4, NULL, NULL, NULL, 1646663872, 13, NULL, NULL),
(158, 15, 14, 5, NULL, NULL, NULL, 1646663872, 13, NULL, NULL),
(159, 15, 14, 6, NULL, NULL, NULL, 1646663872, 13, NULL, NULL),
(160, 15, 14, 7, NULL, NULL, NULL, 1646663872, 13, NULL, NULL),
(161, 15, 14, 8, NULL, NULL, NULL, 1646663872, 13, NULL, NULL),
(162, 15, 14, 9, NULL, NULL, NULL, 1646663872, 13, NULL, NULL),
(163, 21, 15, 1, NULL, NULL, NULL, 1646664022, 13, NULL, NULL),
(164, 21, 15, 2, NULL, NULL, NULL, 1646664022, 13, NULL, NULL),
(165, 21, 15, 3, NULL, NULL, NULL, 1646664022, 13, NULL, NULL),
(166, 21, 15, 4, NULL, NULL, NULL, 1646664022, 13, NULL, NULL),
(167, 21, 15, 5, NULL, NULL, NULL, 1646664022, 13, NULL, NULL),
(168, 21, 15, 6, NULL, NULL, NULL, 1646664022, 13, NULL, NULL),
(169, 21, 15, 7, NULL, NULL, NULL, 1646664022, 13, NULL, NULL),
(170, 21, 15, 8, NULL, NULL, NULL, 1646664022, 13, NULL, NULL),
(171, 21, 15, 9, NULL, NULL, NULL, 1646664022, 13, NULL, NULL),
(172, 12, 16, 1, NULL, NULL, NULL, 1646664753, 13, NULL, NULL),
(173, 12, 16, 2, NULL, NULL, NULL, 1646664753, 13, NULL, NULL),
(174, 12, 16, 3, NULL, NULL, NULL, 1646664753, 13, NULL, NULL),
(175, 12, 16, 4, NULL, NULL, NULL, 1646664753, 13, NULL, NULL),
(176, 12, 16, 5, NULL, NULL, NULL, 1646664753, 13, NULL, NULL),
(177, 12, 16, 6, NULL, NULL, NULL, 1646664753, 13, NULL, NULL),
(178, 12, 16, 7, NULL, NULL, NULL, 1646664753, 13, NULL, NULL),
(179, 12, 16, 8, NULL, NULL, NULL, 1646664753, 13, NULL, NULL),
(180, 12, 16, 9, NULL, NULL, NULL, 1646664753, 13, NULL, NULL),
(181, 3, 17, 1, NULL, NULL, NULL, 1646674160, 13, NULL, NULL),
(182, 3, 17, 2, NULL, NULL, NULL, 1646674160, 13, NULL, NULL),
(183, 3, 17, 3, NULL, NULL, NULL, 1646674160, 13, NULL, NULL),
(184, 3, 17, 4, NULL, NULL, NULL, 1646674160, 13, NULL, NULL),
(185, 3, 17, 5, NULL, NULL, NULL, 1646674160, 13, NULL, NULL),
(186, 3, 17, 6, NULL, NULL, NULL, 1646674160, 13, NULL, NULL),
(187, 3, 17, 7, NULL, NULL, NULL, 1646674160, 13, NULL, NULL),
(188, 3, 17, 8, NULL, NULL, NULL, 1646674160, 13, NULL, NULL),
(189, 3, 17, 9, NULL, NULL, NULL, 1646674160, 13, NULL, NULL),
(190, 3, 18, 1, NULL, NULL, NULL, 1646674696, 13, NULL, NULL),
(191, 3, 18, 2, NULL, NULL, NULL, 1646674696, 13, NULL, NULL),
(192, 3, 18, 3, NULL, NULL, NULL, 1646674696, 13, NULL, NULL),
(193, 3, 18, 4, NULL, NULL, NULL, 1646674696, 13, NULL, NULL),
(194, 3, 18, 5, NULL, NULL, NULL, 1646674696, 13, NULL, NULL),
(195, 3, 18, 6, NULL, NULL, NULL, 1646674696, 13, NULL, NULL),
(196, 3, 18, 7, NULL, NULL, NULL, 1646674696, 13, NULL, NULL),
(197, 3, 18, 8, NULL, NULL, NULL, 1646674696, 13, NULL, NULL),
(198, 3, 18, 9, NULL, NULL, NULL, 1646674696, 13, NULL, NULL),
(199, 4, 19, 1, NULL, NULL, NULL, 1646675592, 13, NULL, NULL),
(200, 4, 19, 2, NULL, NULL, NULL, 1646675592, 13, NULL, NULL),
(201, 4, 19, 3, NULL, NULL, NULL, 1646675592, 13, NULL, NULL),
(202, 4, 19, 4, NULL, NULL, NULL, 1646675592, 13, NULL, NULL),
(203, 4, 19, 5, NULL, NULL, NULL, 1646675592, 13, NULL, NULL),
(204, 4, 19, 6, NULL, NULL, NULL, 1646675592, 13, NULL, NULL),
(205, 4, 19, 7, NULL, NULL, NULL, 1646675592, 13, NULL, NULL),
(206, 4, 19, 8, NULL, NULL, NULL, 1646675592, 13, NULL, NULL),
(207, 4, 19, 9, NULL, NULL, NULL, 1646675592, 13, NULL, NULL),
(208, 3, 20, 1, NULL, NULL, NULL, 1646675939, 13, NULL, NULL),
(209, 3, 20, 2, NULL, NULL, NULL, 1646675939, 13, NULL, NULL),
(210, 3, 20, 3, NULL, NULL, NULL, 1646675939, 13, NULL, NULL),
(211, 3, 20, 4, NULL, NULL, NULL, 1646675939, 13, NULL, NULL),
(212, 3, 20, 5, NULL, NULL, NULL, 1646675939, 13, NULL, NULL),
(213, 3, 20, 6, NULL, NULL, NULL, 1646675939, 13, NULL, NULL),
(214, 3, 20, 7, NULL, NULL, NULL, 1646675939, 13, NULL, NULL),
(215, 3, 20, 8, NULL, NULL, NULL, 1646675939, 13, NULL, NULL),
(216, 3, 20, 9, NULL, NULL, NULL, 1646675939, 13, NULL, NULL),
(217, 3, 21, 1, NULL, NULL, NULL, 1646714686, 13, NULL, NULL),
(218, 3, 21, 2, NULL, NULL, NULL, 1646714686, 13, NULL, NULL),
(219, 3, 21, 3, NULL, NULL, NULL, 1646714686, 13, NULL, NULL),
(220, 3, 21, 4, NULL, NULL, NULL, 1646714686, 13, NULL, NULL),
(221, 3, 21, 5, NULL, NULL, NULL, 1646714686, 13, NULL, NULL),
(222, 3, 21, 6, NULL, NULL, NULL, 1646714686, 13, NULL, NULL),
(223, 3, 21, 7, NULL, NULL, NULL, 1646714686, 13, NULL, NULL),
(224, 3, 21, 8, NULL, NULL, NULL, 1646714686, 13, NULL, NULL),
(225, 3, 21, 9, NULL, NULL, NULL, 1646714686, 13, NULL, NULL),
(226, 2, 22, 1, NULL, NULL, NULL, 1646717733, 13, NULL, NULL),
(227, 2, 22, 2, NULL, NULL, NULL, 1646717733, 13, NULL, NULL),
(228, 2, 22, 3, NULL, NULL, NULL, 1646717733, 13, NULL, NULL),
(229, 2, 22, 4, NULL, NULL, NULL, 1646717733, 13, NULL, NULL),
(230, 2, 22, 5, NULL, NULL, NULL, 1646717733, 13, NULL, NULL),
(231, 2, 22, 6, NULL, NULL, NULL, 1646717733, 13, NULL, NULL),
(232, 2, 22, 7, NULL, NULL, NULL, 1646717733, 13, NULL, NULL),
(233, 2, 22, 8, NULL, NULL, NULL, 1646717733, 13, NULL, NULL),
(234, 2, 22, 9, NULL, NULL, NULL, 1646717733, 13, NULL, NULL),
(235, 4, 23, 1, NULL, NULL, NULL, 1646721912, 13, NULL, NULL),
(236, 4, 23, 2, NULL, NULL, NULL, 1646721912, 13, NULL, NULL),
(237, 4, 23, 3, NULL, NULL, NULL, 1646721912, 13, NULL, NULL),
(238, 4, 23, 4, NULL, NULL, NULL, 1646721912, 13, NULL, NULL),
(239, 4, 23, 5, NULL, NULL, NULL, 1646721912, 13, NULL, NULL),
(240, 4, 23, 6, NULL, NULL, NULL, 1646721912, 13, NULL, NULL),
(241, 4, 23, 7, NULL, NULL, NULL, 1646721912, 13, NULL, NULL),
(242, 4, 23, 8, NULL, NULL, NULL, 1646721912, 13, NULL, NULL),
(243, 4, 23, 9, NULL, NULL, NULL, 1646721912, 13, NULL, NULL),
(244, 3, 24, 1, NULL, NULL, NULL, 1646817292, 13, NULL, NULL),
(245, 3, 24, 2, NULL, NULL, NULL, 1646817293, 13, NULL, NULL),
(246, 3, 24, 3, NULL, NULL, NULL, 1646817293, 13, NULL, NULL),
(247, 3, 24, 4, NULL, NULL, NULL, 1646817293, 13, NULL, NULL),
(248, 3, 24, 5, NULL, NULL, NULL, 1646817293, 13, NULL, NULL),
(249, 3, 24, 6, NULL, NULL, NULL, 1646817293, 13, NULL, NULL),
(250, 3, 24, 7, NULL, NULL, NULL, 1646817293, 13, NULL, NULL),
(251, 3, 24, 8, NULL, NULL, NULL, 1646817293, 13, NULL, NULL),
(252, 3, 24, 9, NULL, NULL, NULL, 1646817293, 13, NULL, NULL),
(253, 4, 25, 1, NULL, NULL, NULL, 1646819749, 13, NULL, NULL),
(254, 4, 25, 2, NULL, NULL, NULL, 1646819749, 13, NULL, NULL),
(255, 4, 25, 3, NULL, NULL, NULL, 1646819749, 13, NULL, NULL),
(256, 4, 25, 4, NULL, NULL, NULL, 1646819749, 13, NULL, NULL),
(257, 4, 25, 5, NULL, NULL, NULL, 1646819749, 13, NULL, NULL),
(258, 4, 25, 6, NULL, NULL, NULL, 1646819749, 13, NULL, NULL),
(259, 4, 25, 7, NULL, NULL, NULL, 1646819749, 13, NULL, NULL),
(260, 4, 25, 8, NULL, NULL, NULL, 1646819749, 13, NULL, NULL),
(261, 4, 25, 9, NULL, NULL, NULL, 1646819749, 13, NULL, NULL),
(262, 2, 26, 1, NULL, NULL, NULL, 1646821112, 13, NULL, NULL),
(263, 2, 26, 2, NULL, NULL, NULL, 1646821112, 13, NULL, NULL),
(264, 2, 26, 3, NULL, NULL, NULL, 1646821112, 13, NULL, NULL),
(265, 2, 26, 4, NULL, NULL, NULL, 1646821112, 13, NULL, NULL),
(266, 2, 26, 5, NULL, NULL, NULL, 1646821112, 13, NULL, NULL),
(267, 2, 26, 6, NULL, NULL, NULL, 1646821112, 13, NULL, NULL),
(268, 2, 26, 7, NULL, NULL, NULL, 1646821112, 13, NULL, NULL),
(269, 2, 26, 8, NULL, NULL, NULL, 1646821112, 13, NULL, NULL),
(270, 2, 26, 9, NULL, NULL, NULL, 1646821112, 13, NULL, NULL),
(271, 108, 29, 1, NULL, NULL, NULL, 1647798557, 21, NULL, NULL),
(272, 108, 29, 2, NULL, NULL, NULL, 1647798557, 21, NULL, NULL),
(273, 108, 29, 3, NULL, NULL, NULL, 1647798557, 21, NULL, NULL),
(274, 108, 29, 4, NULL, NULL, NULL, 1647798557, 21, NULL, NULL),
(275, 108, 29, 5, NULL, NULL, NULL, 1647798557, 21, NULL, NULL),
(276, 108, 29, 6, NULL, NULL, NULL, 1647798557, 21, NULL, NULL),
(277, 108, 29, 7, NULL, NULL, NULL, 1647798557, 21, NULL, NULL),
(278, 108, 29, 8, NULL, NULL, NULL, 1647798557, 21, NULL, NULL),
(279, 108, 29, 9, NULL, NULL, NULL, 1647798557, 21, NULL, NULL),
(280, 105, 28, 1, NULL, NULL, NULL, 1647922367, 13, NULL, NULL),
(281, 105, 28, 2, NULL, NULL, NULL, 1647922367, 13, NULL, NULL),
(282, 105, 28, 3, NULL, NULL, NULL, 1647922367, 13, NULL, NULL),
(283, 105, 28, 4, NULL, NULL, NULL, 1647922367, 13, NULL, NULL),
(284, 105, 28, 5, NULL, NULL, NULL, 1647922367, 13, NULL, NULL),
(285, 105, 28, 6, NULL, NULL, NULL, 1647922367, 13, NULL, NULL),
(286, 105, 28, 7, NULL, NULL, NULL, 1647922367, 13, NULL, NULL),
(287, 105, 28, 8, NULL, NULL, NULL, 1647922367, 13, NULL, NULL),
(288, 105, 28, 9, NULL, NULL, NULL, 1647922367, 13, NULL, NULL),
(289, 108, 30, 1, NULL, NULL, NULL, 1648204584, 13, NULL, NULL),
(290, 108, 30, 2, NULL, NULL, NULL, 1648204584, 13, NULL, NULL),
(291, 108, 30, 3, NULL, NULL, NULL, 1648204584, 13, NULL, NULL),
(292, 108, 30, 4, NULL, NULL, NULL, 1648204584, 13, NULL, NULL),
(293, 108, 30, 5, NULL, NULL, NULL, 1648204584, 13, NULL, NULL),
(294, 108, 30, 6, NULL, NULL, NULL, 1648204584, 13, NULL, NULL),
(295, 108, 30, 7, NULL, NULL, NULL, 1648204584, 13, NULL, NULL),
(296, 108, 30, 8, NULL, NULL, NULL, 1648204584, 13, NULL, NULL),
(297, 108, 30, 9, NULL, NULL, NULL, 1648204584, 13, NULL, NULL),
(298, 7, 93, 1, NULL, NULL, NULL, 1651316695, 15, NULL, NULL),
(299, 7, 93, 2, NULL, NULL, NULL, 1651316695, 15, NULL, NULL),
(300, 7, 93, 3, NULL, NULL, NULL, 1651316695, 15, NULL, NULL),
(301, 7, 93, 4, NULL, NULL, NULL, 1651316695, 15, NULL, NULL),
(302, 7, 93, 5, NULL, NULL, NULL, 1651316695, 15, NULL, NULL),
(303, 7, 93, 6, NULL, NULL, NULL, 1651316695, 15, NULL, NULL),
(304, 7, 93, 7, NULL, NULL, NULL, 1651316695, 15, NULL, NULL),
(305, 7, 93, 8, NULL, NULL, NULL, 1651316695, 15, NULL, NULL),
(306, 7, 93, 9, NULL, NULL, NULL, 1651316695, 15, NULL, NULL),
(307, 2, 94, 1, NULL, NULL, NULL, 1652450113, 15, NULL, NULL),
(308, 2, 94, 2, NULL, NULL, NULL, 1652450113, 15, NULL, NULL),
(309, 2, 94, 3, NULL, NULL, NULL, 1652450113, 15, NULL, NULL),
(310, 2, 94, 4, NULL, NULL, NULL, 1652450113, 15, NULL, NULL),
(311, 2, 94, 5, NULL, NULL, NULL, 1652450113, 15, NULL, NULL),
(312, 2, 94, 6, NULL, NULL, NULL, 1652450113, 15, NULL, NULL),
(313, 2, 94, 7, NULL, NULL, NULL, 1652450113, 15, NULL, NULL),
(314, 2, 94, 8, NULL, NULL, NULL, 1652450113, 15, NULL, NULL),
(315, 2, 94, 9, NULL, NULL, NULL, 1652450113, 15, NULL, NULL);

-- --------------------------------------------------------

--
-- Table structure for table `table_name`
--

CREATE TABLE `table_name` (
  `id` double DEFAULT NULL,
  `reference_number` double DEFAULT NULL,
  `client_id` double DEFAULT NULL,
  `loan_product` double DEFAULT NULL,
  `_amount_applied_for_` varchar(100) DEFAULT NULL,
  `_amount_approved_` double DEFAULT NULL,
  `_top_up_amount_` varchar(100) DEFAULT NULL,
  `balance` varchar(100) DEFAULT NULL,
  `currency` double DEFAULT NULL,
  `interest_rate` varchar(100) DEFAULT NULL,
  `disbursement_date` varchar(100) DEFAULT NULL,
  `application_date` varchar(100) DEFAULT NULL,
  `interest_frequency` double DEFAULT NULL,
  `installment_frequency` double DEFAULT NULL,
  `loan_period` varchar(100) DEFAULT NULL,
  `amortization_method` varchar(100) DEFAULT NULL,
  `loan_type` varchar(100) DEFAULT NULL,
  `status` varchar(100) DEFAULT NULL,
  `application_payment_status` double DEFAULT NULL,
  `created_at` double DEFAULT NULL,
  `created_by` double DEFAULT NULL,
  `updated_at` double DEFAULT NULL,
  `updated_by` double DEFAULT NULL,
  `submitted_at` double DEFAULT NULL,
  `submitted_by` double DEFAULT NULL,
  `approved_at` varchar(100) DEFAULT NULL,
  `approved_by` varchar(100) DEFAULT NULL,
  `manager_submitted_at` varchar(100) DEFAULT NULL,
  `manager_submitted_by` varchar(100) DEFAULT NULL
) ENGINE=InnoDB DEFAULT CHARSET=utf8;

--
-- Dumping data for table `table_name`
--

INSERT INTO `table_name` (`id`, `reference_number`, `client_id`, `loan_product`, `_amount_applied_for_`, `_amount_approved_`, `_top_up_amount_`, `balance`, `currency`, `interest_rate`, `disbursement_date`, `application_date`, `interest_frequency`, `installment_frequency`, `loan_period`, `amortization_method`, `loan_type`, `status`, `application_payment_status`, `created_at`, `created_by`, `updated_at`, `updated_by`, `submitted_at`, `submitted_by`, `approved_at`, `approved_by`, `manager_submitted_at`, `manager_submitted_by`) VALUES
(1, 80900000000001, 1, 56, '\" 3', 0, '000 \"', '\" 3', 0, '000 \"', '', '', 35, 8, '22.03.2021', '22.03.2021', 'WEEKLY', 'MONTHLY', 2, 40, 1, 20, 42, 1646382079, 24, '', '', '', ''),
(2, 80900000000002, 2, 56, '\" 3', 0, '000 \"', '\" 3', 0, '000 \"', '', '', 35, 8, '02.02.2022', '02.02.2022', 'WEEKLY', 'MONTHLY', 3, 40, 1, 20, 42, 1646382079, 24, '', '', '', ''),
(3, 80900000000003, 3, 56, '\" 10', 487, '900 \"', '\" 10', 487, '900 \"', '', '', 35, 8, '03.10.2021', '03.10.2021', 'WEEKLY', 'MONTHLY', 2, 40, 1, 20, 42, 1646382079, 24, '', '', '', ''),
(4, 80900000000004, 4, 56, '\" 5', 500, '000 \"', '\" 5', 500, '000 \"', '', '', 35, 8, '24.08.2021', '24.08.2021', 'WEEKLY', 'MONTHLY', 4, 40, 1, 20, 42, 1646382079, 24, '', '', '', ''),
(5, 80900000000005, 5, 56, '\" 8', 21, '000 \"', '\" 8', 21, '000 \"', '', '', 35, 8, '24.02.2022', '24.02.2022', 'WEEKLY', 'MONTHLY', 4, 40, 1, 20, 42, 1646382079, 24, '', '', '', ''),
(6, 80900000000006, 6, 56, '\" 8', 0, '000 \"', '\" 8', 0, '000 \"', '', '', 35, 8, '23.12.2021', '23.12.2021', 'WEEKLY', 'MONTHLY', 3, 40, 1, 20, 42, 1646382079, 24, '', '', '', ''),
(7, 80900000000007, 7, 56, '\" 3', 300, '000 \"', '\" 3', 300, '000 \"', '', '', 35, 8, '03.12.2020', '03.12.2020', 'WEEKLY', 'MONTHLY', 4, 40, 1, 20, 42, 1646382079, 24, '', '', '', ''),
(8, 80900000000008, 8, 56, '\" 7', 500, '000 \"', '\" 7', 500, '000 \"', '', '', 35, 8, '4.05.2021', '4.05.2021', 'WEEKLY', 'MONTHLY', 4, 40, 1, 20, 42, 1646382079, 24, '', '', '', ''),
(9, 80900000000009, 9, 56, '\" 3', 0, '000 \"', '\" 3', 0, '000 \"', '', '', 35, 8, '5.11.2021', '5.11.2021', 'WEEKLY', 'MONTHLY', 3, 40, 1, 20, 42, 1646382079, 24, '', '', '', ''),
(10, 80900000000010, 10, 56, '\" 4', 0, '000 \"', '\" 4', 0, '000 \"', '', '', 35, 8, '18.05.2021', '18.05.2021', 'WEEKLY', 'MONTHLY', 2, 40, 1, 20, 42, 1646382079, 24, '', '', '', ''),
(11, 80900000000011, 11, 56, '\" 8', 516, '000 \"', '\" 8', 516, '000 \"', '', '', 35, 8, '19.02.2022', '19.02.2022', 'WEEKLY', 'MONTHLY', 4, 40, 1, 20, 42, 1646382079, 24, '', '', '', ''),
(12, 80900000000012, 12, 56, '\" 10', 0, '000 \"', '\" 10', 0, '000 \"', '', '', 35, 8, '22.10.2021', '22.10.2021', 'WEEKLY', 'MONTHLY', 6, 40, 1, 20, 42, 1646382079, 24, '', '', '', ''),
(13, 80900000000013, 13, 56, '\" 1', 0, '000 \"', '\" 1', 0, '000 \"', '', '', 35, 8, '27.01.2021', '27.01.2021', 'WEEKLY', 'MONTHLY', 2, 40, 1, 20, 42, 1646382079, 24, '', '', '', ''),
(14, 80900000000014, 14, 56, '\" 5', 0, '000 \"', '\" 5', 0, '000 \"', '', '', 35, 8, '08.02.2022', '08.02.2022', 'WEEKLY', 'MONTHLY', 4, 40, 1, 20, 42, 1646382079, 24, '', '', '', ''),
(15, 80900000000015, 15, 56, '\" 4', 500, '000 \"', '\" 4', 500, '000 \"', '', '', 35, 8, '07.10.2021', '07.10.2021', 'WEEKLY', 'MONTHLY', 2, 40, 1, 20, 42, 1646382079, 24, '', '', '', ''),
(16, 80900000000016, 16, 56, '\" 4', 0, '000 \"', '\" 4', 0, '000 \"', '', '', 35, 8, '31.01.2022', '31.01.2022', 'WEEKLY', 'MONTHLY', 4, 40, 1, 20, 42, 1646382079, 24, '', '', '', ''),
(17, 80900000000017, 17, 56, '\" 2', 0, '000 \"', '\" 2', 0, '000 \"', '', '', 35, 8, '5.03.2021', '5.03.2021', 'WEEKLY', 'MONTHLY', 2, 40, 1, 20, 42, 1646382079, 24, '', '', '', ''),
(18, 80900000000018, 18, 56, '\" 1', 500, '000 \"', '\" 1', 500, '000 \"', '', '', 35, 8, '15.12.2020', '15.12.2020', 'WEEKLY', 'MONTHLY', 1, 40, 1, 20, 42, 1646382079, 24, '', '', '', ''),
(19, 80900000000019, 19, 56, '\" 4', 500, '000 \"', '\" 4', 500, '000 \"', '', '', 35, 8, '12.12.2020', '12.12.2020', 'WEEKLY', 'MONTHLY', 2, 40, 1, 20, 42, 1646382079, 24, '', '', '', ''),
(20, 80900000000020, 20, 56, '\" 4', 0, '000 \"', '\" 4', 0, '000 \"', '', '', 35, 8, '15.02.2021', '15.02.2021', 'WEEKLY', 'MONTHLY', 4, 40, 1, 20, 42, 1646382079, 24, '', '', '', ''),
(21, 80900000000021, 21, 56, '\" 2', 0, '000 \"', '\" 2', 0, '000 \"', '', '', 35, 8, '22.12.2020', '22.12.2020', 'WEEKLY', 'MONTHLY', 2, 40, 1, 20, 42, 1646382079, 24, '', '', '', ''),
(22, 80900000000022, 22, 56, '\" 1', 600, '000 \"', '\" 1', 600, '000 \"', '', '', 35, 8, '07.02.2022', '07.02.2022', 'WEEKLY', 'MONTHLY', 3, 40, 1, 20, 42, 1646382079, 24, '', '', '', ''),
(23, 80900000000023, 23, 56, '\" 4', 0, '000 \"', '\" 4', 0, '000 \"', '', '', 35, 8, '23.12.2020', '23.12.2020', 'WEEKLY', 'MONTHLY', 1, 40, 1, 20, 42, 1646382079, 24, '', '', '', ''),
(24, 80900000000024, 24, 56, '\" 3', 500, '000 \"', '\" 3', 500, '000 \"', '', '', 35, 8, '25.01.2022', '25.01.2022', 'WEEKLY', 'MONTHLY', 3, 40, 1, 20, 42, 1646382079, 24, '', '', '', ''),
(25, 80900000000025, 25, 56, '\" 2', 500, '000 \"', '\" 2', 500, '000 \"', '', '', 35, 8, '27.04.2021', '27.04.2021', 'WEEKLY', 'MONTHLY', 1, 40, 1, 20, 42, 1646382079, 24, '', '', '', ''),
(26, 80900000000026, 26, 56, '\" 1', 500, '000 \"', '\" 1', 500, '000 \"', '', '', 35, 8, '11.02.2021', '11.02.2021', 'WEEKLY', 'MONTHLY', 2, 40, 1, 20, 42, 1646382079, 24, '', '', '', ''),
(27, 80900000000027, 27, 56, '\" 3', 500, '000 \"', '\" 3', 500, '000 \"', '', '', 35, 8, '13.03.2021', '13.03.2021', 'WEEKLY', 'MONTHLY', 3, 40, 1, 20, 42, 1646382079, 24, '', '', '', ''),
(28, 80900000000028, 28, 56, '\" 3', 700, '000 \"', '\" 3', 700, '000 \"', '', '', 35, 8, '26.05.2021', '26.05.2021', 'WEEKLY', 'MONTHLY', 3, 40, 1, 20, 42, 1646382079, 24, '', '', '', ''),
(29, 80900000000029, 29, 56, '\" 3', 0, '000 \"', '\" 3', 0, '000 \"', '', '', 35, 8, '03.08.2021', '03.08.2021', 'WEEKLY', 'MONTHLY', 3, 40, 1, 20, 42, 1646382079, 24, '', '', '', ''),
(30, 80900000000030, 30, 56, '\" 5', 500, '000 \"', '\" 5', 500, '000 \"', '', '', 35, 8, '5.03.2021', '5.03.2021', 'WEEKLY', 'MONTHLY', 4, 40, 1, 20, 42, 1646382079, 24, '', '', '', ''),
(31, 80900000000031, 31, 56, '\" 5', 0, '000 \"', '\" 5', 0, '000 \"', '', '', 35, 8, '24.11.2021', '24.11.2021', 'WEEKLY', 'MONTHLY', 2, 40, 1, 20, 42, 1646382079, 24, '', '', '', ''),
(32, 80900000000032, 32, 56, '\" 4', 0, '000 \"', '\" 4', 0, '000 \"', '', '', 35, 8, '11.04.2022', '11.04.2022', 'WEEKLY', 'MONTHLY', 3, 40, 1, 20, 42, 1646382079, 24, '', '', '', ''),
(33, 80900000000033, 33, 56, '\" 500', 0, '\" 500', '000 \"', 0, '', ' 35 ', ' 8 ', 0, 0, 'WEEKLY', 'MONTHLY', '1', '40', 1, 20, 42, 1646382079, 24, 0, 0, '', '', '', ''),
(34, 80900000000034, 34, 56, '\" 2', 0, '000 \"', '\" 2', 0, '000 \"', '', '', 35, 8, '14.01.2022', '14.01.2022', 'WEEKLY', 'MONTHLY', 2, 40, 1, 20, 42, 1646382079, 24, '', '', '', ''),
(35, 80900000000035, 35, 56, '\" 5', 0, '000 \"', '\" 5', 0, '000 \"', '', '', 35, 8, '08.12.2021', '08.12.2021', 'WEEKLY', 'MONTHLY', 3, 40, 1, 20, 42, 1646382079, 24, '', '', '', ''),
(36, 80900000000036, 36, 56, '\" 5', 0, '000 \"', '\" 5', 0, '000 \"', '', '', 35, 8, '2.02.2021', '2.02.2021', 'WEEKLY', 'MONTHLY', 3, 40, 1, 20, 42, 1646382079, 24, '', '', '', ''),
(37, 80900000000037, 37, 56, '\" 5', 0, '000 \"', '\" 5', 0, '000 \"', '', '', 35, 8, '28.03.2022', '28.03.2022', 'WEEKLY', 'MONTHLY', 2, 40, 1, 20, 42, 1646382079, 24, '', '', '', ''),
(38, 80900000000038, 38, 56, '\" 5', 0, '000 \"', '\" 5', 0, '000 \"', '', '', 35, 8, '28.10.2021', '28.10.2021', 'WEEKLY', 'MONTHLY', 4, 40, 1, 20, 42, 1646382079, 24, '', '', '', ''),
(39, 80900000000039, 39, 56, '\" 3', 0, '000 \"', '\" 3', 0, '000 \"', '', '', 35, 8, '10.03.2021', '10.03.2021', 'WEEKLY', 'MONTHLY', 1, 40, 1, 20, 42, 1646382079, 24, '', '', '', ''),
(40, 80900000000040, 40, 56, '\" 5', 0, '000 \"', '\" 5', 0, '000 \"', '', '', 35, 8, '25.03.2021', '25.03.2021', 'WEEKLY', 'MONTHLY', 1, 40, 1, 20, 42, 1646382079, 24, '', '', '', ''),
(41, 80900000000041, 41, 56, '\" 3', 0, '000 \"', '\" 3', 0, '000 \"', '', '', 35, 8, '14.05.2021', '14.05.2021', 'WEEKLY', 'MONTHLY', 2, 40, 1, 20, 42, 1646382079, 24, '', '', '', ''),
(42, 80900000000042, 42, 56, '\" 3', 0, '000 \"', '\" 3', 0, '000 \"', '', '', 35, 8, '31.01.2022', '31.01.2022', 'WEEKLY', 'MONTHLY', 4, 40, 1, 20, 42, 1646382079, 24, '', '', '', ''),
(43, 80900000000043, 43, 56, '\" 2', 500, '000 \"', '\" 2', 500, '000 \"', '', '', 35, 8, '06.10.2021', '06.10.2021', 'WEEKLY', 'MONTHLY', 2, 40, 1, 20, 42, 1646382079, 24, '', '', '', ''),
(44, 80900000000044, 44, 56, '\" 2', 700, '000 \"', '\" 2', 700, '000 \"', '', '', 35, 8, '2.02.2021', '2.02.2021', 'WEEKLY', 'MONTHLY', 1, 40, 1, 20, 42, 1646382079, 24, '', '', '', ''),
(45, 80900000000045, 45, 56, '\" 3', 0, '000 \"', '\" 3', 0, '000 \"', '', '', 35, 8, '5.03.2021', '5.03.2021', 'WEEKLY', 'MONTHLY', 2, 40, 1, 20, 42, 1646382079, 24, '', '', '', ''),
(46, 80900000000046, 46, 56, '\" 3', 0, '000 \"', '\" 3', 0, '000 \"', '', '', 35, 8, '23.07.2021', '23.07.2021', 'WEEKLY', 'MONTHLY', 6, 40, 1, 20, 42, 1646382079, 24, '', '', '', ''),
(47, 80900000000047, 47, 56, '\" 5', 0, '000 \"', '\" 5', 0, '000 \"', '', '', 35, 8, '02.02.2021', '02.02.2021', 'WEEKLY', 'MONTHLY', 5, 40, 1, 20, 42, 1646382079, 24, '', '', '', ''),
(48, 80900000000048, 48, 56, '\" 6', 0, '000 \"', '\" 6', 0, '000 \"', '', '', 35, 8, '18.05.2021', '18.05.2021', 'WEEKLY', 'MONTHLY', 4, 40, 1, 20, 42, 1646382079, 24, '', '', '', ''),
(49, 80900000000049, 49, 56, '\" 3', 500, '000 \"', '\" 3', 500, '000 \"', '', '', 35, 8, '14.09.2021', '14.09.2021', 'WEEKLY', 'MONTHLY', 2, 40, 1, 20, 42, 1646382079, 24, '', '', '', ''),
(50, 80900000000050, 50, 56, '\" 2', 500, '000 \"', '\" 2', 500, '000 \"', '', '', 35, 8, '26.04.2021', '26.04.2021', 'WEEKLY', 'MONTHLY', 3, 40, 1, 20, 42, 1646382079, 24, '', '', '', ''),
(51, 80900000000051, 51, 56, '\" 10', 127, '000 \"', '\" 10', 127, '000 \"', '', '', 35, 8, '09.03.2022', '09.03.2022', 'WEEKLY', 'MONTHLY', 4, 40, 1, 20, 42, 1646382079, 24, '', '', '', ''),
(52, 80900000000052, 52, 56, '\" 1', 0, '000 \"', '\" 1', 0, '000 \"', '', '', 35, 8, '13.04.2022', '13.04.2022', 'WEEKLY', 'MONTHLY', 3, 40, 1, 20, 42, 1646382079, 24, '', '', '', ''),
(53, 80900000000053, 53, 56, '\" 3', 0, '000 \"', '\" 3', 0, '000 \"', '', '', 35, 8, '05.03.2022', '05.03.2022', 'WEEKLY', 'MONTHLY', 4, 40, 1, 20, 42, 1646382079, 24, '', '', '', ''),
(54, 80900000000054, 54, 56, '\" 3', 0, '000 \"', '\" 3', 0, '000 \"', '', '', 35, 8, '03.05.2021', '03.05.2021', 'WEEKLY', 'MONTHLY', 3, 40, 1, 20, 42, 1646382079, 24, '', '', '', ''),
(55, 80900000000055, 55, 56, '\" 2', 500, '000 \"', '\" 2', 500, '000 \"', '', '', 35, 8, '01.03.2022', '01.03.2022', 'WEEKLY', 'MONTHLY', 1, 40, 1, 20, 42, 1646382079, 24, '', '', '', ''),
(56, 80900000000056, 56, 56, '\" 5', 500, '000 \"', '\" 5', 500, '000 \"', '', '', 35, 8, '02.08.2021', '02.08.2021', 'WEEKLY', 'MONTHLY', 3, 40, 1, 20, 42, 1646382079, 24, '', '', '', ''),
(57, 80900000000057, 57, 56, '\" 5', 0, '000 \"', '\" 5', 0, '000 \"', '', '', 35, 8, '12.08.2021', '12.08.2021', 'WEEKLY', 'MONTHLY', 2, 40, 1, 20, 42, 1646382079, 24, '', '', '', ''),
(58, 80900000000058, 58, 56, '\" 5', 0, '000 \"', '\" 5', 0, '000 \"', '', '', 35, 8, '17.08.2021', '17.08.2021', 'WEEKLY', 'MONTHLY', 2, 40, 1, 20, 42, 1646382079, 24, '', '', '', ''),
(59, 80900000000059, 59, 56, '\" 3', 0, '000 \"', '\" 3', 0, '000 \"', '', '', 35, 8, '04.01.2021', '04.01.2021', 'WEEKLY', 'MONTHLY', 3, 40, 1, 20, 42, 1646382079, 24, '', '', '', ''),
(60, 80900000000060, 60, 56, '\" 3', 0, '000 \"', '\" 3', 0, '000 \"', '', '', 35, 8, '21.10.2021', '21.10.2021', 'WEEKLY', 'MONTHLY', 3, 40, 1, 20, 42, 1646382079, 24, '', '', '', ''),
(61, 80900000000061, 61, 56, '\" 600', 0, '\" 600', '000 \"', 0, '', ' 35 ', ' 8 ', 0, 0, 'WEEKLY', 'MONTHLY', '2', '40', 1, 20, 42, 1646382079, 24, 0, 0, '', '', '', ''),
(62, 80900000000062, 62, 56, '\" 10', 0, '000 \"', '\" 10', 0, '000 \"', '', '', 35, 8, '05.01.2022', '05.01.2022', 'WEEKLY', 'MONTHLY', 2, 40, 1, 20, 42, 1646382079, 24, '', '', '', ''),
(63, 80900000000063, 63, 56, '\" 7', 0, '000 \"', '\" 7', 0, '000 \"', '', '', 35, 8, '15.11.2021', '15.11.2021', 'WEEKLY', 'MONTHLY', 2, 40, 1, 20, 42, 1646382079, 24, '', '', '', ''),
(64, 80900000000064, 64, 56, '\" 4', 0, '000 \"', '\" 4', 0, '000 \"', '', '', 35, 8, '31.03.2022', '31.03.2022', 'WEEKLY', 'MONTHLY', 3, 40, 1, 20, 42, 1646382079, 24, '', '', '', ''),
(65, 80900000000065, 65, 56, '\" 2', 0, '000 \"', '\" 2', 0, '000 \"', '', '', 35, 8, '30.12.2021', '30.12.2021', 'WEEKLY', 'MONTHLY', 2, 40, 1, 20, 42, 1646382079, 24, '', '', '', ''),
(66, 80900000000066, 66, 56, '\" 11', 300, '000 \"', '\" 11', 300, '000 \"', '', '', 35, 8, '26.10.2021', '26.10.2021', 'WEEKLY', 'MONTHLY', 2, 40, 1, 20, 42, 1646382079, 24, '', '', '', ''),
(67, 80900000000067, 67, 56, '\" 1', 0, '000 \"', '\" 1', 0, '000 \"', '', '', 35, 8, '17.01.2022', '17.01.2022', 'WEEKLY', 'MONTHLY', 2, 40, 1, 20, 42, 1646382079, 24, '', '', '', ''),
(68, 80900000000068, 68, 56, '\" 2', 0, '000 \"', '\" 2', 0, '000 \"', '', '', 35, 8, '29.10.2021', '29.10.2021', 'WEEKLY', 'MONTHLY', 2, 40, 1, 20, 42, 1646382079, 24, '', '', '', ''),
(69, 80900000000069, 69, 56, '\" 3', 0, '000 \"', '\" 3', 0, '000 \"', '', '', 35, 8, '02.10.2021', '02.10.2021', 'WEEKLY', 'MONTHLY', 2, 40, 1, 20, 42, 1646382079, 24, '', '', '', ''),
(70, 80900000000070, 70, 56, '\" 2', 500, '000 \"', '\" 2', 500, '000 \"', '', '', 35, 8, '9.11.2021', '9.11.2021', 'WEEKLY', 'MONTHLY', 2, 40, 1, 20, 42, 1646382079, 24, '', '', '', ''),
(71, 80900000000071, 71, 56, '\" 4', 0, '000 \"', '\" 4', 0, '000 \"', '', '', 35, 8, '11.11.2021', '11.11.2021', 'WEEKLY', 'MONTHLY', 3, 40, 1, 20, 42, 1646382079, 24, '', '', '', ''),
(72, 80900000000072, 72, 56, '\" 1', 0, '000 \"', '\" 1', 0, '000 \"', '', '', 35, 8, '05.01.2022', '05.01.2022', 'WEEKLY', 'MONTHLY', 2, 40, 1, 20, 42, 1646382079, 24, '', '', '', ''),
(73, 80900000000073, 73, 56, '\" 4', 500, '000 \"', '\" 4', 500, '000 \"', '', '', 35, 8, '23.11.2021', '23.11.2021', 'WEEKLY', 'MONTHLY', 2, 40, 1, 20, 42, 1646382079, 24, '', '', '', ''),
(74, 80900000000074, 74, 56, '\" 3', 0, '000 \"', '\" 3', 0, '000 \"', '', '', 35, 8, '25.11.2021', '25.11.2021', 'WEEKLY', 'MONTHLY', 1, 40, 1, 20, 42, 1646382079, 24, '', '', '', ''),
(75, 80900000000075, 75, 56, '\" 3', 0, '000 \"', '\" 3', 0, '000 \"', '', '', 35, 8, '29.11.2021', '29.11.2021', 'WEEKLY', 'MONTHLY', 4, 40, 1, 20, 42, 1646382079, 24, '', '', '', ''),
(76, 80900000000076, 76, 56, '\" 3', 0, '000 \"', '\" 3', 0, '000 \"', '', '', 35, 8, '03.12.2021', '03.12.2021', 'WEEKLY', 'MONTHLY', 4, 40, 1, 20, 42, 1646382079, 24, '', '', '', ''),
(77, 80900000000077, 77, 56, '\" 5', 0, '000 \"', '\" 5', 0, '000 \"', '', '', 35, 8, '10.12.2021', '10.12.2021', 'WEEKLY', 'MONTHLY', 4, 40, 1, 20, 42, 1646382079, 24, '', '', '', ''),
(78, 80900000000078, 78, 56, '\" 3', 0, '000 \"', '\" 3', 0, '000 \"', '', '', 35, 8, '21.12.2021', '21.12.2021', 'WEEKLY', 'MONTHLY', 2, 40, 1, 20, 42, 1646382079, 24, '', '', '', ''),
(79, 80900000000079, 79, 56, '\" 700', 0, '\" 700', '000 \"', 0, '', ' 35 ', ' 8 ', 0, 0, 'WEEKLY', 'MONTHLY', '3', '40', 1, 20, 42, 1646382079, 24, 0, 0, '', '', '', ''),
(80, 80900000000080, 80, 56, '\" 800', 0, '\" 800', '000 \"', 0, '', ' 35 ', ' 8 ', 0, 0, 'WEEKLY', 'MONTHLY', '2', '40', 1, 20, 42, 1646382079, 24, 0, 0, '', '', '', ''),
(81, 80900000000081, 81, 56, '\" 4', 0, '000 \"', '\" 4', 0, '000 \"', '', '', 35, 8, '11.01.2022', '11.01.2022', 'WEEKLY', 'MONTHLY', 4, 40, 1, 20, 42, 1646382079, 24, '', '', '', ''),
(82, 80900000000082, 82, 56, '\" 1', 500, '000 \"', '\" 1', 500, '000 \"', '', '', 35, 8, '23.03.2022', '23.03.2022', 'WEEKLY', 'MONTHLY', 2, 40, 1, 20, 42, 1646382079, 24, '', '', '', ''),
(83, 80900000000083, 83, 56, '\" 2', 0, '000 \"', '\" 2', 0, '000 \"', '', '', 35, 8, '17.01.2022', '17.01.2022', 'WEEKLY', 'MONTHLY', 2, 40, 1, 20, 42, 1646382079, 24, '', '', '', ''),
(84, 80900000000084, 84, 56, '\" 2', 0, '000 \"', '\" 2', 0, '000 \"', '', '', 35, 8, '14.01.2022', '14.01.2022', 'WEEKLY', 'MONTHLY', 2, 40, 1, 20, 42, 1646382079, 24, '', '', '', ''),
(85, 80900000000085, 85, 56, '\" 1', 0, '000 \"', '\" 1', 0, '000 \"', '', '', 35, 8, '25.02.2022', '25.02.2022', 'WEEKLY', 'MONTHLY', 2, 40, 1, 20, 42, 1646382079, 24, '', '', '', ''),
(86, 80900000000086, 86, 56, '\" 4', 0, '000 \"', '\" 4', 0, '000 \"', '', '', 35, 8, '28.02.2022', '28.02.2022', 'WEEKLY', 'MONTHLY', 4, 40, 1, 20, 42, 1646382079, 24, '', '', '', ''),
(87, 80900000000087, 87, 56, '\" 2', 0, '000 \"', '\" 2', 0, '000 \"', '', '', 35, 8, '10.03.2022', '10.03.2022', 'WEEKLY', 'MONTHLY', 4, 40, 1, 20, 42, 1646382079, 24, '', '', '', ''),
(88, 80900000000088, 88, 56, '\" 2', 500, '000 \"', '\" 2', 500, '000 \"', '', '', 35, 8, '14.03.2022', '14.03.2022', 'WEEKLY', 'MONTHLY', 3, 40, 1, 20, 42, 1646382079, 24, '', '', '', ''),
(89, 80900000000089, 89, 56, '\" 2', 0, '000 \"', '\" 2', 0, '000 \"', '', '', 35, 8, '21.03.2022', '21.03.2022', 'WEEKLY', 'MONTHLY', 2, 40, 1, 20, 42, 1646382079, 24, '', '', '', ''),
(90, 80900000000090, 90, 56, '\" 700', 0, '\" 700', '000 \"', 0, '', ' 35 ', ' 8 ', 0, 0, 'WEEKLY', 'MONTHLY', '2', '40', 1, 20, 42, 1646382079, 24, 0, 0, '', '', '', ''),
(91, 80900000000091, 91, 56, '\" 3', 500, '000 \"', '\" 3', 500, '000 \"', '', '', 35, 8, '07.04.2022', '07.04.2022', 'WEEKLY', 'MONTHLY', 6, 40, 1, 20, 42, 1646382079, 24, '', '', '', ''),
(92, 80900000000092, 92, 56, '\" 1', 0, '000 \"', '\" 1', 0, '000 \"', '', '', 35, 8, '14.04.2022', '14.04.2022', 'WEEKLY', 'MONTHLY', 1, 40, 1, 20, 42, 1646382079, 24, '', '', '', '');

-- --------------------------------------------------------

--
-- Table structure for table `transaction_payments`
--

CREATE TABLE `transaction_payments` (
  `id` int(11) NOT NULL,
  `loan_id` int(11) NOT NULL,
  `amount` decimal(23,0) NOT NULL,
  `credit_account` int(11) NOT NULL,
  `debit_account` int(11) NOT NULL,
  `description` varchar(100) NOT NULL,
  `created_at` int(11) NOT NULL,
  `created_by` int(11) NOT NULL
) ENGINE=InnoDB DEFAULT CHARSET=utf8;

--
-- Dumping data for table `transaction_payments`
--

INSERT INTO `transaction_payments` (`id`, `loan_id`, `amount`, `credit_account`, `debit_account`, `description`, `created_at`, `created_by`) VALUES
(1, 15, '300000', 41110, 12210, '', 1652636166, 15),
(2, 15, '60000', 41110, 12210, '', 1652636213, 15),
(3, 15, '2163462', 11300, 11110, '', 1652636981, 15),
(4, 15, '90000', 41110, 12210, '', 1652637091, 15),
(5, 15, '500000', 11300, 11110, '', 1652637257, 15),
(6, 15, '20000', 11300, 11110, '', 1652637296, 15),
(7, 15, '540865', 11300, 11110, '', 1652637334, 15),
(8, 15, '90000', 41110, 12210, '', 1652637476, 15),
(9, 15, '500000', 11300, 11110, '', 1652637531, 15),
(10, 15, '20000', 11300, 11110, '', 1652637561, 15),
(11, 15, '20000', 11300, 11110, '', 1652637596, 15),
(12, 15, '90000', 41110, 12210, '', 1652637776, 15),
(13, 15, '500000', 11300, 11110, '', 1652637813, 15),
(14, 15, '40000', 11300, 11110, '', 1652637854, 15),
(15, 15, '540865', 11300, 11110, '', 1652638149, 15),
(16, 15, '0', 11300, 11110, '', 1652638249, 15),
(17, 15, '46731', 41110, 12210, '', 1652638629, 15),
(18, 15, '46731', 41110, 12210, '', 1652638828, 15),
(19, 15, '584135', 11300, 11110, '', 1652638828, 15),
(20, 5, '641680', 41110, 12210, '', 1652638999, 15),
(21, 5, '1780027', 11300, 11110, '', 1652638999, 15),
(22, 5, '160420', 41110, 12210, '', 1652639032, 15),
(23, 5, '445007', 11300, 11110, '', 1652639032, 15),
(24, 5, '100000', 41110, 12210, '', 1652639087, 15),
(25, 5, '60420', 41110, 12210, '', 1652639150, 15),
(26, 5, '400000', 11300, 11110, '', 1652639242, 15),
(27, 5, '160420', 41110, 12210, 'Interest', 1652667384, 15),
(28, 5, '124819', 41110, 12210, 'Interest', 1652667521, 15),
(29, 5, '400000', 11300, 11110, 'Principal', 1652667554, 15),
(30, 5, '20000', 11300, 11110, 'Principal', 1652667581, 15);

-- --------------------------------------------------------

--
-- Table structure for table `user`
--

CREATE TABLE `user` (
  `id` int(11) NOT NULL,
  `username` varchar(255) NOT NULL,
  `firstname` varchar(255) NOT NULL,
  `lastname` varchar(255) DEFAULT NULL,
  `othername` varchar(100) DEFAULT NULL,
  `auth_key` varchar(32) NOT NULL,
  `password_hash` varchar(255) NOT NULL,
  `password_status` int(11) NOT NULL DEFAULT '0',
  `password_reset_token` varchar(255) DEFAULT NULL,
  `email` varchar(255) NOT NULL,
  `status` smallint(6) NOT NULL DEFAULT '10',
  `client_id` int(11) NOT NULL,
  `branch_id` int(11) DEFAULT NULL,
  `created_at` int(11) NOT NULL,
  `updated_at` int(11) NOT NULL,
  `verification_token` varchar(255) DEFAULT NULL,
  `profile_pic` varchar(45) DEFAULT NULL,
  `office_id` int(11) DEFAULT NULL,
  `is_admin` int(11) NOT NULL,
  `app_module` int(11) NOT NULL,
  `telephone` varchar(25) DEFAULT NULL,
  `login_at` int(11) DEFAULT NULL,
  `passwrd_reset_at` int(11) DEFAULT NULL,
  `created_by` int(11) NOT NULL,
  `updated_by` int(11) DEFAULT NULL
) ENGINE=InnoDB DEFAULT CHARSET=utf8;

--
-- Dumping data for table `user`
--

INSERT INTO `user` (`id`, `username`, `firstname`, `lastname`, `othername`, `auth_key`, `password_hash`, `password_status`, `password_reset_token`, `email`, `status`, `client_id`, `branch_id`, `created_at`, `updated_at`, `verification_token`, `profile_pic`, `office_id`, `is_admin`, `app_module`, `telephone`, `login_at`, `passwrd_reset_at`, `created_by`, `updated_by`) VALUES
(1, 'rmuganzi1', 'Robin', 'Muganzi', '', 'rYf5_CeqEB6WOX3buPugK789jv39mSZo', '$2y$10$BA/3Dlz5UGA9dWRBxkUwu..j1eGYVIMoJ7Sl20rpE8CxiU2QTztna', 0, 'R2OJOgNasmkguVkIAI2NMeOa5JLvrxPP_1621077365', 'muganzirobin58@gmail.com', 1, 1, 0, 1587360980, 1628589621, '62AKLupZAZ1OTdBcd-xT-956WbKgdswu_1587360980', NULL, 0, 1, 1, '0789588332', NULL, NULL, 2, 1),
(4, 'amugume', 'Alex', 'Mugume', '', '0FOGLJBnFDJwNSlWlM9I09_w45cpBASh', '$2y$13$G/bDyEPv4mNb1c084UlI1ONMvVGFb2/m4/OAo0Wo1a2Q3qBKzfGge', 0, 'ihPy5lTpuDPKUbF5PHhleTa56t4aiMh2_1628261638', 'muganzirobin8@gmail.com', 1, 1, 1, 1628261638, 1634133678, NULL, NULL, NULL, 1, 2, '0750588332', NULL, NULL, 1, 2),
(5, 'bmutebi', 'Bruce', 'Mutebi', 'Kapo', 'ZyGfZFqSdXqivYtJ7bLz5w6R5Do8dhMD', '$2y$13$QuG7gPY0Z.Q5BPAEYwQoP.ucE99cgF3lgvyiriOmNpcx6TyuflUCK', 0, 'X7GbAWQDBNAKop4dCevkNkvx2sHPMwya_1628262782', 'muganzirobin60@gmail.com', 1, 1, 4, 1628262782, 1628360544, NULL, NULL, NULL, 1, 2, '0789588332', NULL, NULL, 1, 2),
(6, 'pnakaali', 'Phionah', 'Nakaali', '', '-YUfAiv3hkg-IkF9u9CAEgNldMqVZRNf', '$2y$13$mPaewVC.3Cm6aVOUrQAeq.zNz87Z7cuijwfxLJMkNiDjizXADyogK', 0, 'elFoQlj5qUrUp1wv2xs55PHc6FyoLsp7_1628275953', 'muganzirobin68@gmail.com', 1, 1, 1, 1628275953, 1629969113, NULL, NULL, NULL, 1, 2, '0789588332', NULL, NULL, 1, 1),
(7, 'pnakaali15', 'Phionah', 'Nakaali', 'Nazziwa', 'arEuzMcm7_jCQyQrxkmxOiTvu0hLMYLU', '$2y$13$0T0GUJ.cneXvGfw5XbzbbO3Ft.dEDNSvb1CXF6BEUJIzUSygUC.3O', 0, 'QoGAzAuhUnAsHZe_if9EY3lzz9oH0j8y_1628577997', 'phionahnakaali4@gmail.com', 2, 2, 1, 1628577997, 1629969042, NULL, NULL, NULL, 1, 2, '0789054637', NULL, NULL, 1, 1),
(8, 'njuluis', 'Julius ', 'Nabibanya', '', 'YCRkFyuyMlNWBcYXDb7jYYggd5cKufQr', '$2y$13$s79IlshMnZiTQDiXUpnIReKHcGHoEgUs3BQjAvaHUIzIDTTedXy1.', 0, 'xw8UsfRR-M2_umoLkG4yxK4rXlQKuHIM_1628589933', 'muganzirobin62@gmail.com', 1, 1, 1, 1628589933, 1634133485, NULL, NULL, NULL, 0, 2, '0765005643', NULL, NULL, 2, 2),
(9, 'kpaul', 'Paul', 'Kagame', '', '3kucAXFyDHr-kTIp1CHrYsaJKo7nEj3p', '$2y$13$mG2/vsV.VhYTInkZpoGsbOjGWUflv8B4J1Xw0eq.RzCbZQUH1PSZW', 0, 'PdZjsETc_wG5RNgk1nR5v-0-7seeB-XS_1628671568', 'muganzirobin50@gmail.com', 1, 1, NULL, 1628671568, 1628671568, NULL, NULL, NULL, 1, 1, '0789546345', NULL, NULL, 1, NULL),
(10, 'mlex123', 'Mugume', 'Alex', '', 'mEW6RGRlPqrt6lwKbFVRrAPdSfcwC2ie', '$2y$13$vuuYds5cvy2qSKGl9onSOuS0ksjwvhJ.y75XaVzkVCWvEC10X1DcO', 0, 'pnihTubA5Yhc7uyyJEvrso12uaBUgRQa_1628671788', 'muganzirobin69@gmail.com', 1, 3, NULL, 1628671788, 1628671788, NULL, NULL, NULL, 1, 2, '0789435467', NULL, NULL, 9, NULL),
(11, 'nmugisha', 'Nobert', 'Mugisha', '', 'pWjLKoP4FpDJ_ZNE35slssMFkC-jvpXU', '$2y$10$VkO8wynz1UWqsSj8zyE0p.tQf6MPMAkOMmBrXfLPP.iDrblGFIZAG', 0, 'kfdB-biIhdRH2F_yNvaPiWdKfX9itXUD_1633639987', 'muganzirobin544@gmail.com', 1, 1, 1, 1633639987, 1634134675, NULL, NULL, NULL, 0, 2, '07894675768', NULL, NULL, 2, 2),
(12, 'n8mugisha', 'Nobert', 'Mugisha', '', 'rDSWsqFM7xNTtOJ8bY6TxkRgjCN2kDav', '$2y$13$KqJbmrI5IsX5F02oNHM6EeXPTkpA5DuIq/yYko3jQFD315IbCm9Ey', 0, 'qRjp0hIim57Wr5vSmTKqO3nzRIn-GWjq_1633640523', 'muganzirobin690@gmail.com', 1, 1, 1, 1633640523, 1645951799, NULL, NULL, NULL, 0, 2, '07894675768', NULL, NULL, 2, 13),
(13, 'rmugisha', 'Nobert', 'Mugisha', '', 'iaL2dsbRFO9850qu9MbKRxtk8xjzLy6L', '$2y$10$a6.k2HBckpcTD.SsyeLbH.Fl43HRqZsuMKDb3lQFGwiKLdAf4eg7G', 0, NULL, 'muganzirobin5@gmail.com', 1, 1, 1, 1633640834, 1648204355, NULL, 'rmugisha_pic.jpeg', 2, 0, 2, '07894675768', NULL, NULL, 2, 13),
(15, 'cmathew', 'Mathew', 'Muganzi', '', '2jcARINBvDhCiuRGQjCNhyL4mv6Yaz90', '$2y$10$CgeU5wfnBfCYnAJtlpqiw.l.RV90/elx125oT48YQ9XxjSjdjhzvu', 0, 'efPSPQ2WyhYWz6rAjVmWHnvJvohw9dXE_1643780761', 'muganzirobin545@gmail.com', 1, 2, 1, 1643780761, 1652681575, NULL, NULL, 1, 0, 2, '0789543324', NULL, NULL, 13, 15),
(16, 'pmuganzi', 'Robin', 'Muganzi', '', 'vjjPt1q8O3xWVW_xHB5ktjMGkbGdhXEq', '$2y$13$6llmhouhQ1rZb13FjxTJGevxw6jKOtY3cjShr2Jb6Y17loZagHHIq', 0, '-CIAffSCOSfWUqrGOs-IXLL2J_1eYUjM_1645949754', 'muganzirobin67@gmail.com', 1, 1, 1, 1645949754, 1645951721, NULL, NULL, NULL, 0, 2, '0745334467', NULL, NULL, 13, 13),
(17, 'mmuganzi', 'Muganzi', 'Mathew', 'Paul', 'ynARtNFabHMCF4hLILHt-n_22u1TiNyl', '$2y$13$amkHpN4gjAenGTdpmLceT.l9gOOZHfMLnGQJGUJ0JAurU/KqO7XAq', 0, '2EgpL-kMQcKuiCVM_BjX43qANTWMErjQ_1645949988', 'muganzirobin89@gmail.com', 1, 1, 1, 1645949988, 1645951517, NULL, NULL, NULL, 0, 2, '0789467735', NULL, NULL, 13, 13),
(18, 'probin', 'Robin', 'Paul', '', '61o_9C5XdPoz-x_WxfQjA6AdnbJNC6Kz', '$2y$13$44nnRdzvtuxzqz9WmxCVfe2U5f3ZwU0eG8nfQJnzMo5ycLG1W4crO', 0, 'ssbz6eGDDgDfsHsT7chVDUJVEOP9IzmL_1645950623', 'muganzirobin63@gmail.com', 1, 1, 1, 1645950623, 1645951433, NULL, NULL, NULL, 0, 2, '0789563445', NULL, NULL, 13, 13),
(19, 'tmagezi', 'Timothy', 'Magagezi', 'Paul', 'Q-oez9IhJpXNBZLvRujVZSTztSQ1sODn', '$2y$13$IUlUf0x6SoKZSyxCX8OW3O2DwT04GVuw62LnGVfbw0LdLwG1hn1Mu', 0, 'QNs7EjIVkUUw7A7emZ7d6MRwd59ruz0z_1646643444', 'muganzirobini7@gmail.com', 1, 1, 1, 1646643444, 1647783360, NULL, NULL, 2, 0, 2, '0789588332', NULL, NULL, 13, 21),
(20, 'tagaba', 'Timothy', 'Agaba', '', '3WmUmEK6QMkM783_wtlYjI_zLrGaY57W', '$2y$13$6mEZk.rBAlJJuhAuLhbG6.vH7PoU.rfBJDBVzt75cKjQ6PA724FFq', 0, 'RlofXCCJG7cixSSxdNkziWli1Wx0v46i_1647337772', 'muganzirobin890@gmail.com', 1, 1, NULL, 1647337772, 1647337772, NULL, NULL, 1, 0, 2, '0789056734', NULL, NULL, 13, NULL),
(21, 'kkiggundu', 'Kevin', 'Kiggundu', '', '7ScEh6D4RYfy1bMQIFvSXUb6WBOtBcQR', '$2y$13$pRlwPTIxaJEouYZ536UE9emIMrW4rBGQSRS0zbSrV/yGhYcJT5gOW', 0, 'CvFB6m1hfkivEdJLvZsAgdCvLWl-ihga_1647759198', 'muganzirobin6@gmail.com', 1, 1, NULL, 1647759198, 1647800412, NULL, NULL, 1, 0, 2, '0789054356', NULL, NULL, 13, 21),
(22, 'rmuganzi97', 'ROBIN12', 'MUGANZI12', '', 'VFhQZjd4LZcCXFKpWNBNbrkBXwqknms_', '$2y$10$CgeU5wfnBfCYnAJtlpqiw.l.RV90/elx125oT48YQ9XxjSjdjhzvu', 0, 'CQlVkfKwpu0v33J42gzo9dMTFiGjM-TY_1652699631', 'muganzi34@gmail.com', 1, 2, NULL, 1652699631, 1652699631, NULL, NULL, 1, 0, 2, '0789034652', NULL, NULL, 15, NULL);

-- --------------------------------------------------------

--
-- Structure for view `aging_report`
--
DROP TABLE IF EXISTS `aging_report`;

CREATE ALGORITHM=UNDEFINED DEFINER=`root`@`localhost` SQL SECURITY DEFINER VIEW `aging_report`  AS  select `ledger`.`id` AS `id`,`ledger`.`description` AS `description`,`ledger`.`entry_reference` AS `entry_reference`,`ledger`.`amount` AS `amount`,`ledger`.`debit_account` AS `debit_account`,`ledger`.`credit_account` AS `credit_account`,`ledger`.`due_date` AS `due_date`,`ledger`.`next_date` AS `next_date`,`ledger`.`entry_type` AS `entry_type`,`ledger`.`entry_reference_id` AS `entry_reference_id`,`ledger`.`schedule_id` AS `schedule_id`,`ledger`.`created_at` AS `created_at`,`ledger`.`created_by` AS `created_by`,`ledger`.`member_account` AS `member_account`,`ledger`.`entry_period` AS `entry_period`,`ledger`.`updated_at` AS `updated_at`,`ledger`.`updated_by` AS `updated_by`,`ledger`.`ledger_status` AS `ledger_status`,`ledger`.`payment_ref` AS `payment_ref`,`ledger`.`stage` AS `stage`,`ledger`.`sub_legder` AS `sub_legder` from `ledger` where (`ledger`.`ledger_status` = 90) ;

-- --------------------------------------------------------

--
-- Structure for view `due_this_date`
--
DROP TABLE IF EXISTS `due_this_date`;

CREATE ALGORITHM=UNDEFINED DEFINER=`root`@`localhost` SQL SECURITY DEFINER VIEW `due_this_date`  AS  select `ledger`.`id` AS `id`,`ledger`.`description` AS `description`,`ledger`.`entry_reference` AS `entry_reference`,`ledger`.`amount` AS `amount`,`ledger`.`debit_account` AS `debit_account`,`ledger`.`credit_account` AS `credit_account`,`ledger`.`due_date` AS `due_date`,`ledger`.`entry_type` AS `entry_type`,`ledger`.`entry_reference_id` AS `entry_reference_id`,`ledger`.`created_at` AS `created_at`,`ledger`.`created_by` AS `created_by`,`ledger`.`member_account` AS `member_account`,`ledger`.`entry_period` AS `entry_period`,`ledger`.`updated_at` AS `updated_at`,`ledger`.`updated_by` AS `updated_by`,`ledger`.`ledger_status` AS `ledger_status`,`ledger`.`payment_ref` AS `payment_ref`,`ledger`.`stage` AS `stage` from `ledger` where ((dayofyear(`ledger`.`due_date`) = dayofyear(curdate())) and (`ledger`.`ledger_status` = 42)) order by `ledger`.`created_at` ;

-- --------------------------------------------------------

--
-- Structure for view `due_this_month`
--
DROP TABLE IF EXISTS `due_this_month`;

CREATE ALGORITHM=UNDEFINED DEFINER=`root`@`localhost` SQL SECURITY DEFINER VIEW `due_this_month`  AS  select `ledger`.`id` AS `id`,`ledger`.`description` AS `description`,`ledger`.`entry_reference` AS `entry_reference`,`ledger`.`amount` AS `amount`,`ledger`.`debit_account` AS `debit_account`,`ledger`.`credit_account` AS `credit_account`,`ledger`.`due_date` AS `due_date`,`ledger`.`entry_type` AS `entry_type`,`ledger`.`entry_reference_id` AS `entry_reference_id`,`ledger`.`stage` AS `stage`,`ledger`.`created_at` AS `created_at`,`ledger`.`created_by` AS `created_by`,`ledger`.`member_account` AS `member_account`,`ledger`.`entry_period` AS `entry_period`,`ledger`.`updated_at` AS `updated_at`,`ledger`.`updated_by` AS `updated_by`,`ledger`.`ledger_status` AS `ledger_status`,`ledger`.`payment_ref` AS `payment_ref` from `ledger` where ((month(`ledger`.`due_date`) = month(curdate())) and (`ledger`.`ledger_status` = 42)) order by `ledger`.`created_at` ;

-- --------------------------------------------------------

--
-- Structure for view `due_this_week`
--
DROP TABLE IF EXISTS `due_this_week`;

CREATE ALGORITHM=UNDEFINED DEFINER=`root`@`localhost` SQL SECURITY DEFINER VIEW `due_this_week`  AS  select `ledger`.`id` AS `id`,`ledger`.`description` AS `description`,`ledger`.`entry_reference` AS `entry_reference`,`ledger`.`amount` AS `amount`,`ledger`.`debit_account` AS `debit_account`,`ledger`.`credit_account` AS `credit_account`,`ledger`.`due_date` AS `due_date`,`ledger`.`entry_type` AS `entry_type`,`ledger`.`entry_reference_id` AS `entry_reference_id`,`ledger`.`stage` AS `stage`,`ledger`.`created_at` AS `created_at`,`ledger`.`created_by` AS `created_by`,`ledger`.`member_account` AS `member_account`,`ledger`.`entry_period` AS `entry_period`,`ledger`.`updated_at` AS `updated_at`,`ledger`.`updated_by` AS `updated_by`,`ledger`.`ledger_status` AS `ledger_status`,`ledger`.`payment_ref` AS `payment_ref` from `ledger` where ((week(`ledger`.`due_date`,3) = week(curdate(),3)) and (`ledger`.`ledger_status` = 42)) order by `ledger`.`created_at` ;

-- --------------------------------------------------------

--
-- Structure for view `general_ledger`
--
DROP TABLE IF EXISTS `general_ledger`;

CREATE ALGORITHM=UNDEFINED DEFINER=`root`@`localhost` SQL SECURITY DEFINER VIEW `general_ledger`  AS  select `ledger`.`entry_reference` AS `entry_reference`,`ledger`.`entry_reference_id` AS `entry_reference_id`,`ledger`.`due_date` AS `due_date`,`ledger`.`description` AS `description`,`ledger`.`debit_account` AS `account`,`ledger`.`amount` AS `amount`,`ledger`.`member_account` AS `member_Account`,`ledger`.`entry_type` AS `entry_type`,`ledger`.`entry_period` AS `entry_period`,`ledger`.`created_at` AS `created_at`,`ledger`.`updated_at` AS `updated_at`,`ledger`.`ledger_status` AS `ledger_status` from `ledger` union select `ledger`.`entry_reference` AS `entry_reference`,`ledger`.`entry_reference_id` AS `entry_reference_id`,`ledger`.`due_date` AS `due_date`,`ledger`.`description` AS `description`,`ledger`.`credit_account` AS `account`,(-(1) * `ledger`.`amount`) AS `amount`,`ledger`.`member_account` AS `member_Account`,`ledger`.`entry_type` AS `entry_type`,`ledger`.`entry_period` AS `entry_period`,`ledger`.`created_at` AS `created_at`,`ledger`.`updated_at` AS `updated_at`,`ledger`.`ledger_status` AS `ledger_status` from `ledger` order by `entry_reference` ;

-- --------------------------------------------------------

--
-- Structure for view `ledger_report`
--
DROP TABLE IF EXISTS `ledger_report`;

CREATE ALGORITHM=UNDEFINED DEFINER=`root`@`localhost` SQL SECURITY DEFINER VIEW `ledger_report`  AS  select `ledger`.`id` AS `id`,`ledger`.`due_date` AS `due_date`,`ledger`.`ledger_status` AS `ledger_status`,`ledger`.`member_account` AS `member_account`,(case `ledger`.`description` when 'NULL' then NULL else coalesce(`ledger`.`description`,'Total') end) AS `description`,sum(`ledger`.`amount`) AS `amount` from `ledger` where ((`ledger`.`debit_account` = '11110') or (`ledger`.`debit_account` = '12210')) group by `ledger`.`id`,`ledger`.`due_date`,`ledger`.`ledger_status`,`ledger`.`member_account`,`ledger`.`description` with rollup ;

-- --------------------------------------------------------

--
-- Structure for view `loan_interest`
--
DROP TABLE IF EXISTS `loan_interest`;

CREATE ALGORITHM=UNDEFINED DEFINER=`root`@`localhost` SQL SECURITY DEFINER VIEW `loan_interest`  AS  select `ledger`.`id` AS `id`,`ledger`.`description` AS `description`,`ledger`.`entry_reference` AS `entry_reference`,`ledger`.`amount` AS `amount`,`ledger`.`debit_account` AS `debit_account`,`ledger`.`credit_account` AS `credit_account`,`ledger`.`due_date` AS `due_date`,`ledger`.`entry_type` AS `entry_type`,`ledger`.`entry_reference_id` AS `entry_reference_id`,`ledger`.`created_at` AS `created_at`,`ledger`.`created_by` AS `created_by`,`ledger`.`member_account` AS `member_account`,`ledger`.`entry_period` AS `entry_period`,`ledger`.`updated_at` AS `updated_at`,`ledger`.`updated_by` AS `updated_by`,`ledger`.`ledger_status` AS `ledger_status`,`ledger`.`payment_ref` AS `payment_ref` from `ledger` where (`ledger`.`description` = 'Loan Interest') ;

-- --------------------------------------------------------

--
-- Structure for view `loan_portifolio`
--
DROP TABLE IF EXISTS `loan_portifolio`;

CREATE ALGORITHM=UNDEFINED DEFINER=`root`@`localhost` SQL SECURITY DEFINER VIEW `loan_portifolio`  AS  select `loan_payment_schedule`.`loan_id` AS `loan_id`,sum(`loan_payment_schedule`.`principal_amount`) AS `principal_amount`,sum(`loan_payment_schedule`.`principal_paid`) AS `principal_paid`,sum(`loan_payment_schedule`.`interest_amount`) AS `interest_amount`,sum(`loan_payment_schedule`.`interest_paid`) AS `interest_paid`,`loan_payment_schedule`.`created_at` AS `created_at`,`loan_payment_schedule`.`created_by` AS `created_by` from `loan_payment_schedule` group by `loan_payment_schedule`.`loan_id`,`loan_payment_schedule`.`created_at`,`loan_payment_schedule`.`created_by` ;

-- --------------------------------------------------------

--
-- Structure for view `overdue_payments`
--
DROP TABLE IF EXISTS `overdue_payments`;

CREATE ALGORITHM=UNDEFINED DEFINER=`root`@`localhost` SQL SECURITY DEFINER VIEW `overdue_payments`  AS  select `ledger`.`id` AS `id`,`ledger`.`description` AS `description`,`ledger`.`entry_reference` AS `entry_reference`,`ledger`.`amount` AS `amount`,`ledger`.`debit_account` AS `debit_account`,`ledger`.`credit_account` AS `credit_account`,`ledger`.`due_date` AS `due_date`,`ledger`.`entry_type` AS `entry_type`,`ledger`.`entry_reference_id` AS `entry_reference_id`,`ledger`.`created_at` AS `created_at`,`ledger`.`created_by` AS `created_by`,`ledger`.`member_account` AS `member_account`,`ledger`.`entry_period` AS `entry_period`,`ledger`.`updated_at` AS `updated_at`,`ledger`.`updated_by` AS `updated_by`,`ledger`.`ledger_status` AS `ledger_status`,`ledger`.`payment_ref` AS `payment_ref`,`ledger`.`stage` AS `stage` from `ledger` where (((`ledger`.`debit_account` = '11110') or (`ledger`.`debit_account` = '12210')) and (`ledger`.`ledger_status` = 42) and (`ledger`.`due_date` < curdate())) order by `ledger`.`created_at` ;

--
-- Indexes for dumped tables
--

--
-- Indexes for table `auth_assignment`
--
ALTER TABLE `auth_assignment`
  ADD PRIMARY KEY (`id`,`item_name`,`user_id`);

--
-- Indexes for table `auth_item`
--
ALTER TABLE `auth_item`
  ADD PRIMARY KEY (`name`),
  ADD KEY `rule_name` (`rule_name`),
  ADD KEY `type` (`type`),
  ADD KEY `name` (`name`),
  ADD KEY `id` (`id`);

--
-- Indexes for table `auth_item_child`
--
ALTER TABLE `auth_item_child`
  ADD PRIMARY KEY (`parent`,`child`),
  ADD KEY `child` (`child`);

--
-- Indexes for table `auth_rule`
--
ALTER TABLE `auth_rule`
  ADD PRIMARY KEY (`name`);

--
-- Indexes for table `borrower_check_list`
--
ALTER TABLE `borrower_check_list`
  ADD PRIMARY KEY (`id`);

--
-- Indexes for table `borrow_requirements`
--
ALTER TABLE `borrow_requirements`
  ADD PRIMARY KEY (`id`);

--
-- Indexes for table `branch`
--
ALTER TABLE `branch`
  ADD PRIMARY KEY (`id`);

--
-- Indexes for table `chart_of_accounts`
--
ALTER TABLE `chart_of_accounts`
  ADD PRIMARY KEY (`id`);

--
-- Indexes for table `client`
--
ALTER TABLE `client`
  ADD PRIMARY KEY (`id`),
  ADD KEY `status` (`status`),
  ADD KEY `marital_status` (`marital_status`);

--
-- Indexes for table `client_documents`
--
ALTER TABLE `client_documents`
  ADD PRIMARY KEY (`id`);

--
-- Indexes for table `document_generated`
--
ALTER TABLE `document_generated`
  ADD PRIMARY KEY (`id`);

--
-- Indexes for table `guadge`
--
ALTER TABLE `guadge`
  ADD PRIMARY KEY (`id`);

--
-- Indexes for table `investment`
--
ALTER TABLE `investment`
  ADD PRIMARY KEY (`id`);

--
-- Indexes for table `investor`
--
ALTER TABLE `investor`
  ADD PRIMARY KEY (`id`),
  ADD UNIQUE KEY `identfication_number` (`identfication_number`),
  ADD UNIQUE KEY `telephone` (`telephone`);

--
-- Indexes for table `investor_config`
--
ALTER TABLE `investor_config`
  ADD PRIMARY KEY (`id`);

--
-- Indexes for table `ledger`
--
ALTER TABLE `ledger`
  ADD PRIMARY KEY (`id`);

--
-- Indexes for table `ledger_payment`
--
ALTER TABLE `ledger_payment`
  ADD PRIMARY KEY (`id`);

--
-- Indexes for table `ledger_transaction_config`
--
ALTER TABLE `ledger_transaction_config`
  ADD PRIMARY KEY (`id`);

--
-- Indexes for table `ledger_transaction_type`
--
ALTER TABLE `ledger_transaction_type`
  ADD PRIMARY KEY (`id`);

--
-- Indexes for table `loan`
--
ALTER TABLE `loan`
  ADD PRIMARY KEY (`id`);

--
-- Indexes for table `loan_collateral`
--
ALTER TABLE `loan_collateral`
  ADD PRIMARY KEY (`id`);

--
-- Indexes for table `loan_guarantor`
--
ALTER TABLE `loan_guarantor`
  ADD PRIMARY KEY (`id`);

--
-- Indexes for table `loan_guarantor2`
--
ALTER TABLE `loan_guarantor2`
  ADD PRIMARY KEY (`id`);

--
-- Indexes for table `loan_manager_remarks`
--
ALTER TABLE `loan_manager_remarks`
  ADD PRIMARY KEY (`id`);

--
-- Indexes for table `loan_payment_schedule`
--
ALTER TABLE `loan_payment_schedule`
  ADD PRIMARY KEY (`id`);

--
-- Indexes for table `loan_product`
--
ALTER TABLE `loan_product`
  ADD PRIMARY KEY (`id`),
  ADD UNIQUE KEY `name` (`name`);

--
-- Indexes for table `loan_product_required_documents`
--
ALTER TABLE `loan_product_required_documents`
  ADD PRIMARY KEY (`id`);

--
-- Indexes for table `master_data`
--
ALTER TABLE `master_data`
  ADD PRIMARY KEY (`id`);

--
-- Indexes for table `office_held`
--
ALTER TABLE `office_held`
  ADD PRIMARY KEY (`id`);

--
-- Indexes for table `payment_schedule`
--
ALTER TABLE `payment_schedule`
  ADD PRIMARY KEY (`id`);

--
-- Indexes for table `rated_item`
--
ALTER TABLE `rated_item`
  ADD PRIMARY KEY (`id`);

--
-- Indexes for table `score`
--
ALTER TABLE `score`
  ADD PRIMARY KEY (`id`);

--
-- Indexes for table `transaction_payments`
--
ALTER TABLE `transaction_payments`
  ADD PRIMARY KEY (`id`);

--
-- Indexes for table `user`
--
ALTER TABLE `user`
  ADD PRIMARY KEY (`id`),
  ADD UNIQUE KEY `username` (`username`),
  ADD UNIQUE KEY `email` (`email`),
  ADD UNIQUE KEY `password_reset_token` (`password_reset_token`);

--
-- AUTO_INCREMENT for dumped tables
--

--
-- AUTO_INCREMENT for table `auth_assignment`
--
ALTER TABLE `auth_assignment`
  MODIFY `id` int(11) NOT NULL AUTO_INCREMENT, AUTO_INCREMENT=48;

--
-- AUTO_INCREMENT for table `auth_item`
--
ALTER TABLE `auth_item`
  MODIFY `id` int(11) NOT NULL AUTO_INCREMENT, AUTO_INCREMENT=13;

--
-- AUTO_INCREMENT for table `borrower_check_list`
--
ALTER TABLE `borrower_check_list`
  MODIFY `id` int(11) NOT NULL AUTO_INCREMENT, AUTO_INCREMENT=925;

--
-- AUTO_INCREMENT for table `borrow_requirements`
--
ALTER TABLE `borrow_requirements`
  MODIFY `id` int(11) NOT NULL AUTO_INCREMENT, AUTO_INCREMENT=29;

--
-- AUTO_INCREMENT for table `branch`
--
ALTER TABLE `branch`
  MODIFY `id` int(11) NOT NULL AUTO_INCREMENT, AUTO_INCREMENT=10;

--
-- AUTO_INCREMENT for table `chart_of_accounts`
--
ALTER TABLE `chart_of_accounts`
  MODIFY `id` int(11) NOT NULL AUTO_INCREMENT, AUTO_INCREMENT=98;

--
-- AUTO_INCREMENT for table `client`
--
ALTER TABLE `client`
  MODIFY `id` int(11) NOT NULL AUTO_INCREMENT, AUTO_INCREMENT=186;

--
-- AUTO_INCREMENT for table `client_documents`
--
ALTER TABLE `client_documents`
  MODIFY `id` int(11) NOT NULL AUTO_INCREMENT, AUTO_INCREMENT=11;

--
-- AUTO_INCREMENT for table `document_generated`
--
ALTER TABLE `document_generated`
  MODIFY `id` int(11) NOT NULL AUTO_INCREMENT, AUTO_INCREMENT=2;

--
-- AUTO_INCREMENT for table `guadge`
--
ALTER TABLE `guadge`
  MODIFY `id` int(11) NOT NULL AUTO_INCREMENT, AUTO_INCREMENT=7;

--
-- AUTO_INCREMENT for table `investment`
--
ALTER TABLE `investment`
  MODIFY `id` int(11) NOT NULL AUTO_INCREMENT, AUTO_INCREMENT=11;

--
-- AUTO_INCREMENT for table `investor`
--
ALTER TABLE `investor`
  MODIFY `id` int(11) NOT NULL AUTO_INCREMENT, AUTO_INCREMENT=4;

--
-- AUTO_INCREMENT for table `ledger`
--
ALTER TABLE `ledger`
  MODIFY `id` int(11) NOT NULL AUTO_INCREMENT, AUTO_INCREMENT=109;

--
-- AUTO_INCREMENT for table `ledger_payment`
--
ALTER TABLE `ledger_payment`
  MODIFY `id` bigint(20) NOT NULL AUTO_INCREMENT, AUTO_INCREMENT=171;

--
-- AUTO_INCREMENT for table `ledger_transaction_config`
--
ALTER TABLE `ledger_transaction_config`
  MODIFY `id` int(11) NOT NULL AUTO_INCREMENT, AUTO_INCREMENT=13;

--
-- AUTO_INCREMENT for table `ledger_transaction_type`
--
ALTER TABLE `ledger_transaction_type`
  MODIFY `id` int(11) NOT NULL AUTO_INCREMENT, AUTO_INCREMENT=9;

--
-- AUTO_INCREMENT for table `loan`
--
ALTER TABLE `loan`
  MODIFY `id` int(11) NOT NULL AUTO_INCREMENT, AUTO_INCREMENT=95;

--
-- AUTO_INCREMENT for table `loan_collateral`
--
ALTER TABLE `loan_collateral`
  MODIFY `id` int(11) NOT NULL AUTO_INCREMENT, AUTO_INCREMENT=8;

--
-- AUTO_INCREMENT for table `loan_guarantor`
--
ALTER TABLE `loan_guarantor`
  MODIFY `id` int(11) NOT NULL AUTO_INCREMENT, AUTO_INCREMENT=95;

--
-- AUTO_INCREMENT for table `loan_guarantor2`
--
ALTER TABLE `loan_guarantor2`
  MODIFY `id` int(11) NOT NULL AUTO_INCREMENT, AUTO_INCREMENT=10;

--
-- AUTO_INCREMENT for table `loan_manager_remarks`
--
ALTER TABLE `loan_manager_remarks`
  MODIFY `id` int(11) NOT NULL AUTO_INCREMENT, AUTO_INCREMENT=126;

--
-- AUTO_INCREMENT for table `loan_payment_schedule`
--
ALTER TABLE `loan_payment_schedule`
  MODIFY `id` int(11) NOT NULL AUTO_INCREMENT, AUTO_INCREMENT=55;

--
-- AUTO_INCREMENT for table `loan_product`
--
ALTER TABLE `loan_product`
  MODIFY `id` int(11) NOT NULL AUTO_INCREMENT, AUTO_INCREMENT=5;

--
-- AUTO_INCREMENT for table `loan_product_required_documents`
--
ALTER TABLE `loan_product_required_documents`
  MODIFY `id` int(11) NOT NULL AUTO_INCREMENT, AUTO_INCREMENT=8;

--
-- AUTO_INCREMENT for table `master_data`
--
ALTER TABLE `master_data`
  MODIFY `id` int(11) NOT NULL AUTO_INCREMENT, AUTO_INCREMENT=92;

--
-- AUTO_INCREMENT for table `office_held`
--
ALTER TABLE `office_held`
  MODIFY `id` int(11) NOT NULL AUTO_INCREMENT, AUTO_INCREMENT=5;

--
-- AUTO_INCREMENT for table `payment_schedule`
--
ALTER TABLE `payment_schedule`
  MODIFY `id` int(11) NOT NULL AUTO_INCREMENT;

--
-- AUTO_INCREMENT for table `rated_item`
--
ALTER TABLE `rated_item`
  MODIFY `id` int(11) NOT NULL AUTO_INCREMENT, AUTO_INCREMENT=10;

--
-- AUTO_INCREMENT for table `score`
--
ALTER TABLE `score`
  MODIFY `id` int(11) NOT NULL AUTO_INCREMENT, AUTO_INCREMENT=316;

--
-- AUTO_INCREMENT for table `transaction_payments`
--
ALTER TABLE `transaction_payments`
  MODIFY `id` int(11) NOT NULL AUTO_INCREMENT, AUTO_INCREMENT=31;

--
-- AUTO_INCREMENT for table `user`
--
ALTER TABLE `user`
  MODIFY `id` int(11) NOT NULL AUTO_INCREMENT, AUTO_INCREMENT=23;

--
-- Constraints for dumped tables
--

--
-- Constraints for table `auth_item`
--
ALTER TABLE `auth_item`
  ADD CONSTRAINT `auth_item_ibfk_1` FOREIGN KEY (`rule_name`) REFERENCES `auth_rule` (`name`) ON DELETE SET NULL ON UPDATE CASCADE;

--
-- Constraints for table `client`
--
ALTER TABLE `client`
  ADD CONSTRAINT `client_ibfk_1` FOREIGN KEY (`marital_status`) REFERENCES `master_data` (`id`);

/*!40101 SET CHARACTER_SET_CLIENT=@OLD_CHARACTER_SET_CLIENT */;
/*!40101 SET CHARACTER_SET_RESULTS=@OLD_CHARACTER_SET_RESULTS */;
/*!40101 SET COLLATION_CONNECTION=@OLD_COLLATION_CONNECTION */;
